# Blender 4.0.2
# www.blender.org
mtllib Rope_And_Chain_Fence_001.mtl
o Chain_Fence_001
v -0.248674 0.002361 0.247626
v -0.246312 0.000000 0.247626
v -0.246312 0.002361 0.250000
v 0.246312 0.002361 0.250000
v 0.246312 0.000000 0.247626
v 0.248674 0.002361 0.247626
v -0.248674 0.002361 -0.247626
v -0.246312 0.002361 -0.250000
v -0.246312 0.000000 -0.247626
v 0.248674 0.002361 -0.247626
v 0.246312 0.000000 -0.247626
v 0.246312 0.002361 -0.250000
v -0.190881 0.118061 0.191899
v -0.185857 0.120404 0.189239
v -0.188235 0.120404 0.186848
v 0.190881 0.118061 0.191899
v 0.188235 0.120404 0.186848
v 0.185857 0.120404 0.189239
v -0.188235 0.120404 -0.186848
v -0.185857 0.120404 -0.189239
v -0.190881 0.118061 -0.191899
v 0.190881 0.118061 -0.191899
v 0.185857 0.120404 -0.189239
v 0.188235 0.120404 -0.186848
v -0.118462 0.746953 0.116712
v -0.116093 0.746953 0.119094
v -0.120791 0.749314 0.121435
v 0.116093 0.746953 0.119094
v 0.118462 0.746953 0.116712
v 0.120791 0.749314 0.121435
v -0.120791 0.749314 -0.121435
v -0.116093 0.746953 -0.119094
v -0.118462 0.746953 -0.116712
v 0.118462 0.746953 -0.116712
v 0.116093 0.746953 -0.119094
v 0.120791 0.749314 -0.121435
v 0.171249 0.240602 -0.174553
v 0.173627 0.240602 -0.172162
v 0.147850 0.372040 -0.151029
v 0.150228 0.372040 -0.148639
v 0.135951 0.459825 -0.139065
v 0.138327 0.459825 -0.136676
v 0.128000 0.531037 -0.131070
v 0.130374 0.531037 -0.128683
v 0.122500 0.592515 -0.125538
v 0.124872 0.592515 -0.123153
v 0.118846 0.647842 -0.121864
v 0.121217 0.647842 -0.119480
v 0.119116 0.699457 -0.117369
v 0.116746 0.699457 -0.119752
v 0.116746 0.699457 0.119752
v 0.119116 0.699457 0.117369
v 0.118846 0.647842 0.121864
v 0.121217 0.647842 0.119480
v 0.122500 0.592515 0.125538
v 0.124872 0.592515 0.123153
v 0.128000 0.531037 0.131070
v 0.130374 0.531037 0.128683
v 0.135951 0.459825 0.139065
v 0.138327 0.459825 0.136676
v 0.147850 0.372040 0.151029
v 0.150228 0.372040 0.148639
v 0.173627 0.240602 0.172162
v 0.171249 0.240602 0.174553
v -0.171249 0.240602 0.174553
v -0.173627 0.240602 0.172162
v -0.147850 0.372040 0.151029
v -0.150228 0.372040 0.148639
v -0.135951 0.459825 0.139065
v -0.138327 0.459825 0.136676
v -0.128000 0.531037 0.131070
v -0.130374 0.531037 0.128683
v -0.122500 0.592515 0.125538
v -0.124872 0.592515 0.123153
v -0.118846 0.647842 0.121864
v -0.121217 0.647842 0.119480
v -0.119116 0.699457 0.117369
v -0.116746 0.699457 0.119752
v -0.116746 0.699457 -0.119752
v -0.119116 0.699457 -0.117369
v -0.118846 0.647842 -0.121864
v -0.121217 0.647842 -0.119480
v -0.122500 0.592515 -0.125538
v -0.124872 0.592515 -0.123153
v -0.128000 0.531037 -0.131070
v -0.130374 0.531037 -0.128683
v -0.135951 0.459825 -0.139065
v -0.138327 0.459825 -0.136676
v -0.147850 0.372040 -0.151029
v -0.150228 0.372040 -0.148639
v -0.173627 0.240602 -0.172162
v -0.171249 0.240602 -0.174553
v -0.146559 0.751676 0.144967
v -0.144198 0.749314 0.144967
v -0.144198 0.751676 0.147341
v 0.144198 0.751676 0.147341
v 0.144198 0.749314 0.144967
v 0.146559 0.751676 0.144967
v -0.146559 0.751676 -0.144967
v -0.144198 0.751676 -0.147341
v -0.144198 0.749314 -0.144967
v 0.146559 0.751676 -0.144967
v 0.144198 0.749314 -0.144967
v 0.144198 0.751676 -0.147341
v -0.146559 0.798576 -0.144967
v -0.144198 0.800938 -0.144967
v -0.144198 0.798576 -0.147341
v 0.108025 0.827818 -0.105733
v 0.109626 0.823722 -0.107837
v 0.107265 0.823722 -0.110211
v 0.105172 0.827818 -0.108601
v 0.144198 0.798576 0.147341
v 0.146559 0.798576 0.144967
v 0.144198 0.800938 0.144967
v 0.105172 0.827818 0.108601
v 0.107265 0.823722 0.110211
v 0.109626 0.823722 0.107837
v 0.108025 0.827818 0.105733
v 0.019373 0.923906 -0.016608
v 0.016520 0.923906 -0.019476
v 0.015410 0.925642 -0.015493
v 0.016520 0.923906 0.019476
v 0.019373 0.923906 0.016608
v 0.015410 0.925642 0.015492
v -0.019373 0.923906 0.016608
v -0.016520 0.923906 0.019476
v -0.015410 0.925642 0.015492
v -0.019373 0.923906 -0.016608
v -0.015410 0.925642 -0.015493
v -0.016520 0.923906 -0.019476
v -0.108025 0.827818 0.105733
v -0.109626 0.823722 0.107837
v -0.107265 0.823722 0.110211
v -0.105172 0.827818 0.108601
v -0.146559 0.798576 0.144967
v -0.144198 0.798576 0.147341
v -0.144198 0.800938 0.144967
v -0.108025 0.827818 -0.105733
v -0.105172 0.827818 -0.108601
v -0.107265 0.823722 -0.110211
v -0.109626 0.823722 -0.107837
v 0.146559 0.798576 -0.144967
v 0.144198 0.798576 -0.147341
v 0.144198 0.800938 -0.144967
v -0.109626 0.803299 -0.107837
v -0.107265 0.803299 -0.110211
v -0.111987 0.800938 -0.112585
v -0.109626 0.803299 0.107837
v -0.111987 0.800938 0.112585
v -0.107265 0.803299 0.110211
v 0.107265 0.803299 0.110211
v 0.111987 0.800938 0.112585
v 0.109626 0.803299 0.107837
v 0.109626 0.803299 -0.107837
v 0.111987 0.800938 -0.112585
v 0.107265 0.803299 -0.110211
v -0.224991 0.116391 -0.229098
v -0.227882 0.116391 -0.226191
v -0.223852 0.118061 -0.225046
v -0.244112 0.097269 -0.248321
v -0.246312 0.093238 -0.250000
v -0.248674 0.093238 -0.247626
v -0.247004 0.097269 -0.245414
v -0.248674 0.093238 0.247626
v -0.246312 0.093238 0.250000
v -0.244112 0.097269 0.248321
v -0.247004 0.097269 0.245414
v -0.224991 0.116391 0.229098
v -0.223852 0.118061 0.225046
v -0.227882 0.116391 0.226191
v 0.246312 0.093238 0.250000
v 0.248674 0.093238 0.247626
v 0.247004 0.097269 0.245414
v 0.244112 0.097269 0.248321
v 0.227882 0.116391 0.226191
v 0.223852 0.118061 0.225046
v 0.224991 0.116391 0.229098
v 0.248674 0.093238 -0.247626
v 0.246312 0.093238 -0.250000
v 0.244112 0.097269 -0.248321
v 0.247004 0.097269 -0.245414
v 0.224991 0.116391 -0.229098
v 0.223852 0.118061 -0.225046
v 0.227882 0.116391 -0.226191
v -0.024920 0.935426 0.025053
v -0.024920 0.985266 0.025053
v -0.024920 0.935426 -0.025053
v -0.024920 0.985266 -0.025053
v 0.024920 0.935426 0.025053
v 0.024920 0.985266 0.025053
v 0.024920 0.935426 -0.025053
v 0.024920 0.985266 -0.025053
v -0.028660 0.931686 -0.014919
v -0.030521 0.929825 -0.000000
v -0.028660 0.931686 0.014919
v -0.028660 0.945507 0.028813
v -0.030521 0.960346 0.030684
v -0.028660 0.975186 0.028813
v -0.028660 0.989007 0.014919
v -0.030521 0.990867 0.000000
v -0.028660 0.989007 -0.014919
v -0.028660 0.975186 -0.028813
v -0.030521 0.960346 -0.030684
v -0.028660 0.945507 -0.028813
v 0.014840 0.931686 -0.028813
v 0.000000 0.929825 -0.030684
v -0.014840 0.931686 -0.028813
v -0.014840 0.989007 -0.028813
v -0.000000 0.990867 -0.030684
v 0.014840 0.989007 -0.028813
v 0.028660 0.975186 -0.028813
v 0.030521 0.960346 -0.030684
v 0.028660 0.945507 -0.028813
v 0.028660 0.931686 0.014919
v 0.030521 0.929825 0.000000
v 0.028660 0.931686 -0.014919
v 0.028660 0.989007 -0.014919
v 0.030521 0.990867 0.000000
v 0.028660 0.989007 0.014919
v 0.028660 0.975186 0.028813
v 0.030521 0.960346 0.030684
v 0.028660 0.945507 0.028813
v -0.014840 0.931686 0.028813
v -0.000000 0.929825 0.030684
v 0.014840 0.931686 0.028813
v 0.014840 0.989007 0.028813
v -0.000000 0.990867 0.030684
v -0.014840 0.989007 0.028813
v -0.036794 0.944389 0.016042
v -0.039709 0.960346 0.017010
v -0.036794 0.976303 0.016042
v -0.039709 0.943426 -0.000000
v -0.043163 0.960346 0.000000
v -0.039708 0.977266 0.000000
v -0.036794 0.944389 -0.016042
v -0.039709 0.960346 -0.017010
v -0.036794 0.976303 -0.016042
v -0.015957 0.944389 -0.036990
v -0.016920 0.960346 -0.039920
v -0.015957 0.976303 -0.036990
v 0.000000 0.943426 -0.039920
v 0.000000 0.960346 -0.043393
v -0.000000 0.977266 -0.039920
v 0.015957 0.944389 -0.036990
v 0.016920 0.960346 -0.039920
v 0.015957 0.976303 -0.036990
v 0.036794 0.944389 -0.016042
v 0.039709 0.960346 -0.017010
v 0.036794 0.976303 -0.016042
v 0.039709 0.943426 0.000000
v 0.043163 0.960346 0.000000
v 0.039708 0.977266 -0.000000
v 0.036794 0.944389 0.016042
v 0.039709 0.960346 0.017010
v 0.036794 0.976303 0.016042
v 0.015957 0.944389 0.036990
v 0.016920 0.960346 0.039920
v 0.015957 0.976303 0.036990
v -0.000000 0.943426 0.039920
v -0.000000 0.960346 0.043393
v 0.000000 0.977266 0.039920
v -0.015957 0.944389 0.036990
v -0.016920 0.960346 0.039920
v -0.015957 0.976303 0.036990
v -0.015957 0.923552 -0.016042
v -0.000000 0.920638 -0.017010
v 0.015957 0.923552 -0.016042
v -0.016920 0.920638 0.000000
v -0.000000 0.917183 0.000000
v 0.016920 0.920638 -0.000000
v -0.015957 0.923552 0.016042
v 0.000000 0.920638 0.017010
v 0.015957 0.923552 0.016042
v 0.015957 0.997140 -0.016042
v 0.000000 1.000055 -0.017010
v -0.015957 0.997140 -0.016042
v 0.016920 1.000055 0.000000
v -0.000000 1.003509 0.000000
v -0.016920 1.000055 -0.000000
v 0.015957 0.997140 0.016042
v -0.000000 1.000055 0.017010
v -0.015957 0.997140 0.016042
v 0.169751 0.655420 0.000000
v 0.168817 0.655375 0.003511
v 0.166263 0.655253 0.006081
v 0.162775 0.655086 0.007021
v 0.159287 0.654918 0.006081
v 0.156734 0.654796 0.003511
v 0.155799 0.654751 0.000000
v 0.156734 0.654796 -0.003510
v 0.159287 0.654918 -0.006080
v 0.162775 0.655086 -0.007021
v 0.166263 0.655253 -0.006080
v 0.168817 0.655375 -0.003510
v 0.165283 0.669384 0.000000
v 0.164496 0.668878 0.003511
v 0.162346 0.667495 0.006081
v 0.159409 0.665606 0.007021
v 0.156472 0.663718 0.006081
v 0.154322 0.662335 0.003511
v 0.153535 0.661829 0.000000
v 0.154322 0.662335 -0.003510
v 0.156472 0.663718 -0.006080
v 0.159409 0.665606 -0.007021
v 0.162346 0.667495 -0.006080
v 0.164496 0.668878 -0.003510
v 0.154431 0.679243 0.000000
v 0.154003 0.678411 0.003511
v 0.152832 0.676139 0.006081
v 0.151233 0.673034 0.007021
v 0.149634 0.669930 0.006081
v 0.148463 0.667658 0.003511
v 0.148034 0.666826 0.000000
v 0.148463 0.667658 -0.003510
v 0.149634 0.669930 -0.006080
v 0.151233 0.673034 -0.007021
v 0.152832 0.676139 -0.006080
v 0.154003 0.678411 -0.003510
v 0.140104 0.682355 0.000000
v 0.140149 0.681421 0.003511
v 0.140271 0.678867 0.006081
v 0.140438 0.675379 0.007021
v 0.140605 0.671891 0.006081
v 0.140728 0.669338 0.003511
v 0.140773 0.668403 0.000000
v 0.140728 0.669338 -0.003510
v 0.140605 0.671891 -0.006080
v 0.140438 0.675379 -0.007021
v 0.140271 0.678867 -0.006080
v 0.140149 0.681421 -0.003510
v 0.117145 0.625479 -0.003510
v 0.117022 0.628032 -0.006080
v 0.116855 0.631520 -0.007021
v 0.116688 0.635008 -0.006080
v 0.116566 0.637562 -0.003510
v 0.116521 0.638496 0.000000
v 0.116566 0.637562 0.003511
v 0.116688 0.635008 0.006081
v 0.116855 0.631520 0.007021
v 0.117022 0.628032 0.006081
v 0.117145 0.625479 0.003511
v 0.117190 0.624544 0.000000
v 0.114522 0.680192 -0.003510
v 0.114644 0.677639 -0.006080
v 0.114812 0.674151 -0.007021
v 0.114979 0.670663 -0.006080
v 0.115101 0.668109 -0.003510
v 0.115146 0.667175 0.000000
v 0.115101 0.668109 0.003511
v 0.114979 0.670663 0.006081
v 0.114812 0.674151 0.007021
v 0.114644 0.677639 0.006081
v 0.114522 0.680192 0.003511
v 0.114477 0.681127 0.000000
v 0.142816 0.625773 0.000000
v 0.142771 0.626707 0.003511
v 0.142649 0.629261 0.006081
v 0.142482 0.632749 0.007021
v 0.142315 0.636237 0.006081
v 0.142192 0.638790 0.003511
v 0.142147 0.639725 0.000000
v 0.142192 0.638790 -0.003510
v 0.142315 0.636237 -0.006080
v 0.142482 0.632749 -0.007021
v 0.142649 0.629261 -0.006080
v 0.142771 0.626707 -0.003510
v 0.156780 0.630241 0.000000
v 0.156274 0.631028 0.003511
v 0.154891 0.633178 0.006081
v 0.153003 0.636115 0.007021
v 0.151114 0.639052 0.006081
v 0.149731 0.641202 0.003511
v 0.149225 0.641989 0.000000
v 0.149731 0.641202 -0.003510
v 0.151114 0.639052 -0.006080
v 0.153003 0.636115 -0.007021
v 0.154891 0.633178 -0.006080
v 0.156274 0.631028 -0.003510
v 0.166639 0.641093 0.000000
v 0.165807 0.641521 0.003511
v 0.163535 0.642692 0.006081
v 0.160430 0.644291 0.007021
v 0.157326 0.645890 0.006081
v 0.155054 0.647061 0.003511
v 0.154222 0.647490 0.000000
v 0.155054 0.647061 -0.003510
v 0.157326 0.645890 -0.006080
v 0.160430 0.644291 -0.007021
v 0.163535 0.642692 -0.006080
v 0.165807 0.641521 -0.003510
v -0.169751 0.655420 0.000000
v -0.168817 0.655375 0.003511
v -0.166263 0.655253 0.006081
v -0.162775 0.655086 0.007021
v -0.159287 0.654918 0.006081
v -0.156734 0.654796 0.003511
v -0.155799 0.654751 0.000000
v -0.156734 0.654796 -0.003510
v -0.159287 0.654918 -0.006080
v -0.162775 0.655086 -0.007021
v -0.166263 0.655253 -0.006080
v -0.168817 0.655375 -0.003510
v -0.165283 0.669384 0.000000
v -0.164496 0.668878 0.003511
v -0.162346 0.667495 0.006081
v -0.159409 0.665606 0.007021
v -0.156472 0.663718 0.006081
v -0.154322 0.662335 0.003511
v -0.153535 0.661829 0.000000
v -0.154322 0.662335 -0.003510
v -0.156472 0.663718 -0.006080
v -0.159409 0.665606 -0.007021
v -0.162346 0.667495 -0.006080
v -0.164496 0.668878 -0.003510
v -0.154431 0.679243 0.000000
v -0.154003 0.678411 0.003511
v -0.152832 0.676139 0.006081
v -0.151233 0.673034 0.007021
v -0.149634 0.669930 0.006081
v -0.148463 0.667658 0.003511
v -0.148034 0.666826 0.000000
v -0.148463 0.667658 -0.003510
v -0.149634 0.669930 -0.006080
v -0.151233 0.673034 -0.007021
v -0.152832 0.676139 -0.006080
v -0.154003 0.678411 -0.003510
v -0.140104 0.682355 0.000000
v -0.140149 0.681421 0.003511
v -0.140271 0.678867 0.006081
v -0.140438 0.675379 0.007021
v -0.140605 0.671891 0.006081
v -0.140728 0.669338 0.003511
v -0.140773 0.668403 0.000000
v -0.140728 0.669338 -0.003510
v -0.140605 0.671891 -0.006080
v -0.140438 0.675379 -0.007021
v -0.140271 0.678867 -0.006080
v -0.140149 0.681421 -0.003510
v -0.117145 0.625479 -0.003510
v -0.117022 0.628032 -0.006080
v -0.116855 0.631520 -0.007021
v -0.116688 0.635008 -0.006080
v -0.116566 0.637562 -0.003510
v -0.116521 0.638496 0.000000
v -0.116566 0.637562 0.003511
v -0.116688 0.635008 0.006081
v -0.116855 0.631520 0.007021
v -0.117022 0.628032 0.006081
v -0.117145 0.625479 0.003511
v -0.117190 0.624544 0.000000
v -0.114522 0.680192 -0.003510
v -0.114644 0.677639 -0.006080
v -0.114812 0.674151 -0.007021
v -0.114979 0.670663 -0.006080
v -0.115101 0.668109 -0.003510
v -0.115146 0.667175 0.000000
v -0.115101 0.668109 0.003511
v -0.114979 0.670663 0.006081
v -0.114812 0.674151 0.007021
v -0.114644 0.677639 0.006081
v -0.114522 0.680192 0.003511
v -0.114477 0.681127 0.000000
v -0.142816 0.625773 0.000000
v -0.142771 0.626707 0.003511
v -0.142649 0.629261 0.006081
v -0.142482 0.632749 0.007021
v -0.142315 0.636237 0.006081
v -0.142192 0.638790 0.003511
v -0.142147 0.639725 0.000000
v -0.142192 0.638790 -0.003510
v -0.142315 0.636237 -0.006080
v -0.142482 0.632749 -0.007021
v -0.142649 0.629261 -0.006080
v -0.142771 0.626707 -0.003510
v -0.156780 0.630241 0.000000
v -0.156274 0.631028 0.003511
v -0.154891 0.633178 0.006081
v -0.153003 0.636115 0.007021
v -0.151114 0.639052 0.006081
v -0.149731 0.641202 0.003511
v -0.149225 0.641989 0.000000
v -0.149731 0.641202 -0.003510
v -0.151114 0.639052 -0.006080
v -0.153003 0.636115 -0.007021
v -0.154891 0.633178 -0.006080
v -0.156274 0.631028 -0.003510
v -0.166639 0.641093 0.000000
v -0.165807 0.641521 0.003511
v -0.163535 0.642692 0.006081
v -0.160430 0.644291 0.007021
v -0.157326 0.645890 0.006081
v -0.155054 0.647061 0.003511
v -0.154222 0.647490 0.000000
v -0.155054 0.647061 -0.003510
v -0.157326 0.645890 -0.006080
v -0.160430 0.644291 -0.007021
v -0.163535 0.642692 -0.006080
v -0.165807 0.641521 -0.003510
v 0.167802 0.645143 -0.031682
v 0.168844 0.649214 -0.030550
v 0.169607 0.652194 -0.027458
v 0.169887 0.653284 -0.023234
v 0.169607 0.652194 -0.019009
v 0.168844 0.649214 -0.015917
v 0.167802 0.645143 -0.014785
v 0.166759 0.641073 -0.015917
v 0.165996 0.638093 -0.019009
v 0.165716 0.637002 -0.023234
v 0.165996 0.638093 -0.027458
v 0.166759 0.641073 -0.030550
v 0.152827 0.648981 -0.027437
v 0.154405 0.652914 -0.026457
v 0.156631 0.655519 -0.023779
v 0.158907 0.656098 -0.020121
v 0.160624 0.654496 -0.016462
v 0.161322 0.651142 -0.013784
v 0.160814 0.646934 -0.012804
v 0.159235 0.643001 -0.013784
v 0.157010 0.640396 -0.016462
v 0.154734 0.639817 -0.020121
v 0.153017 0.641419 -0.023779
v 0.152319 0.644774 -0.026457
v 0.141865 0.651791 -0.015841
v 0.143836 0.655624 -0.015275
v 0.147131 0.657955 -0.013729
v 0.150868 0.658159 -0.011617
v 0.154047 0.656182 -0.009505
v 0.155815 0.652553 -0.007958
v 0.155698 0.648245 -0.007392
v 0.153728 0.644412 -0.007958
v 0.150433 0.642082 -0.009505
v 0.146695 0.641878 -0.011617
v 0.143516 0.643855 -0.013729
v 0.141749 0.647483 -0.015275
v 0.137853 0.652820 0.000000
v 0.139967 0.656616 0.000000
v 0.143654 0.658846 0.000000
v 0.147926 0.658913 0.000000
v 0.151640 0.656799 0.000000
v 0.153799 0.653070 0.000000
v 0.153825 0.648725 0.000000
v 0.151712 0.644929 0.000000
v 0.148025 0.642699 0.000000
v 0.143752 0.642632 0.000000
v 0.140039 0.644746 0.000000
v 0.137880 0.648475 0.000000
v 0.141865 0.651791 0.015841
v 0.143836 0.655624 0.015275
v 0.147131 0.657955 0.013729
v 0.150868 0.658159 0.011617
v 0.154047 0.656182 0.009505
v 0.155815 0.652553 0.007959
v 0.155698 0.648245 0.007393
v 0.153728 0.644412 0.007959
v 0.150433 0.642082 0.009505
v 0.146695 0.641878 0.011617
v 0.143516 0.643855 0.013729
v 0.141749 0.647484 0.015275
v 0.152827 0.648981 0.027438
v 0.154405 0.652914 0.026457
v 0.156631 0.655519 0.023779
v 0.158907 0.656098 0.020121
v 0.160624 0.654496 0.016463
v 0.161322 0.651142 0.013785
v 0.160814 0.646934 0.012804
v 0.159235 0.643001 0.013785
v 0.157010 0.640396 0.016463
v 0.154734 0.639817 0.020121
v 0.153017 0.641419 0.023779
v 0.152319 0.644774 0.026457
v 0.167802 0.645143 0.031682
v 0.168844 0.649214 0.030550
v 0.169607 0.652194 0.027458
v 0.169887 0.653284 0.023234
v 0.169607 0.652194 0.019009
v 0.168844 0.649214 0.015917
v 0.167802 0.645143 0.014785
v 0.166759 0.641073 0.015917
v 0.165996 0.638093 0.019009
v 0.165716 0.637002 0.023234
v 0.165996 0.638093 0.027458
v 0.166759 0.641073 0.030550
v 0.217628 0.632416 0.000000
v 0.217593 0.636761 0.000000
v 0.215428 0.640486 0.000000
v 0.211713 0.642593 0.000000
v 0.207442 0.642521 0.000000
v 0.203759 0.640286 0.000000
v 0.201650 0.636488 0.000000
v 0.201681 0.632143 0.000000
v 0.203846 0.628417 0.000000
v 0.207563 0.626306 0.000000
v 0.211837 0.626380 0.000000
v 0.215521 0.628617 0.000000
v 0.213614 0.633438 -0.015841
v 0.213724 0.637746 -0.015275
v 0.211951 0.641371 -0.013729
v 0.208771 0.643344 -0.011617
v 0.205035 0.643135 -0.009505
v 0.201742 0.640801 -0.007958
v 0.199777 0.636966 -0.007392
v 0.199665 0.632658 -0.007958
v 0.201437 0.629031 -0.009505
v 0.204619 0.627057 -0.011617
v 0.208357 0.627266 -0.013729
v 0.211650 0.629602 -0.015275
v 0.202648 0.636233 -0.027437
v 0.203152 0.640441 -0.026457
v 0.202451 0.643794 -0.023779
v 0.200733 0.645395 -0.020121
v 0.198457 0.644813 -0.016462
v 0.196235 0.642206 -0.013784
v 0.194660 0.638272 -0.012804
v 0.194155 0.634064 -0.013784
v 0.194856 0.630710 -0.016462
v 0.196575 0.629109 -0.020121
v 0.198852 0.629691 -0.023779
v 0.201074 0.632298 -0.026457
v 0.187671 0.640058 -0.031682
v 0.188712 0.644129 -0.030550
v 0.189473 0.647109 -0.027458
v 0.189752 0.648200 -0.023234
v 0.189473 0.647109 -0.019009
v 0.188712 0.644129 -0.015917
v 0.187671 0.640058 -0.014785
v 0.186630 0.635987 -0.015917
v 0.185868 0.633007 -0.019009
v 0.185589 0.631917 -0.023234
v 0.185868 0.633007 -0.027458
v 0.186630 0.635987 -0.030550
v 0.187671 0.640058 0.031682
v 0.188712 0.644129 0.030550
v 0.189473 0.647109 0.027458
v 0.189752 0.648200 0.023234
v 0.189473 0.647109 0.019009
v 0.188712 0.644129 0.015917
v 0.187671 0.640058 0.014785
v 0.186630 0.635987 0.015917
v 0.185868 0.633007 0.019009
v 0.185589 0.631917 0.023234
v 0.185868 0.633007 0.027458
v 0.186630 0.635987 0.030550
v 0.202648 0.636233 0.027438
v 0.203152 0.640441 0.026457
v 0.202451 0.643794 0.023779
v 0.200733 0.645395 0.020121
v 0.198457 0.644813 0.016463
v 0.196235 0.642206 0.013785
v 0.194660 0.638272 0.012804
v 0.194155 0.634064 0.013785
v 0.194856 0.630710 0.016463
v 0.196575 0.629109 0.020121
v 0.198852 0.629691 0.023779
v 0.201074 0.632298 0.026457
v 0.213614 0.633438 0.015841
v 0.213724 0.637746 0.015275
v 0.211951 0.641371 0.013729
v 0.208771 0.643344 0.011617
v 0.205035 0.643135 0.009505
v 0.201742 0.640801 0.007959
v 0.199777 0.636966 0.007393
v 0.199665 0.632658 0.007959
v 0.201437 0.629031 0.009505
v 0.204619 0.627057 0.011617
v 0.208357 0.627266 0.013729
v 0.211650 0.629602 0.015275
v 0.223342 0.663481 0.000000
v 0.223064 0.662390 0.004224
v 0.222305 0.659409 0.007317
v 0.221269 0.655337 0.008449
v 0.220232 0.651265 0.007317
v 0.219474 0.648284 0.004224
v 0.219196 0.647193 0.000000
v 0.219474 0.648284 -0.004224
v 0.220232 0.651265 -0.007317
v 0.221269 0.655337 -0.008448
v 0.222305 0.659409 -0.007317
v 0.223064 0.662390 -0.004224
v 0.207338 0.663203 0.000000
v 0.207631 0.662122 0.004224
v 0.208433 0.659168 0.007317
v 0.209529 0.655133 0.008449
v 0.210626 0.651097 0.007317
v 0.211429 0.648143 0.004224
v 0.211723 0.647062 0.000000
v 0.211429 0.648143 -0.004224
v 0.210626 0.651097 -0.007317
v 0.209529 0.655133 -0.008448
v 0.208433 0.659168 -0.007317
v 0.207631 0.662122 -0.004224
v 0.193527 0.654825 0.000000
v 0.194314 0.654043 0.004224
v 0.196464 0.651906 0.007317
v 0.199402 0.648987 0.008449
v 0.202340 0.646069 0.007317
v 0.204491 0.643933 0.004224
v 0.205278 0.643151 0.000000
v 0.204491 0.643933 -0.004224
v 0.202340 0.646069 -0.007317
v 0.199402 0.648987 -0.008448
v 0.196464 0.651906 -0.007317
v 0.194314 0.654043 -0.004224
v 0.185612 0.640585 0.000000
v 0.186682 0.640311 0.004224
v 0.189606 0.639564 0.007317
v 0.193600 0.638543 0.008449
v 0.197594 0.637523 0.007317
v 0.200518 0.636777 0.004224
v 0.201588 0.636504 0.000000
v 0.200518 0.636777 -0.004224
v 0.197594 0.637523 -0.007317
v 0.193600 0.638543 -0.008448
v 0.189606 0.639564 -0.007317
v 0.186682 0.640311 -0.004224
v 0.185723 0.624292 0.000000
v 0.186790 0.624601 0.004224
v 0.189704 0.625444 0.007317
v 0.193684 0.626595 0.008449
v 0.197664 0.627748 0.007317
v 0.200577 0.628592 0.004224
v 0.201643 0.628901 0.000000
v 0.200577 0.628592 -0.004224
v 0.197664 0.627748 -0.007317
v 0.193684 0.626595 -0.008448
v 0.189704 0.625444 -0.007317
v 0.186790 0.624601 -0.004224
v 0.193841 0.610314 0.000000
v 0.194618 0.611122 0.004224
v 0.196739 0.613330 0.007317
v 0.199638 0.616346 0.008449
v 0.202535 0.619362 0.007317
v 0.204656 0.621570 0.004224
v 0.205432 0.622379 0.000000
v 0.204656 0.621570 -0.004224
v 0.202535 0.619362 -0.007317
v 0.199638 0.616346 -0.008448
v 0.196739 0.613330 -0.007317
v 0.194618 0.611122 -0.004224
v 0.207795 0.602400 0.000000
v 0.208073 0.603491 0.004224
v 0.208832 0.606472 0.007317
v 0.209868 0.610544 0.008449
v 0.210905 0.614616 0.007317
v 0.211663 0.617597 0.004224
v 0.211941 0.618688 0.000000
v 0.211663 0.617597 -0.004224
v 0.210905 0.614616 -0.007317
v 0.209868 0.610544 -0.008448
v 0.208832 0.606472 -0.007317
v 0.208073 0.603491 -0.004224
v 0.265423 0.620327 0.000000
v 0.264351 0.620595 0.004224
v 0.261425 0.621332 0.007317
v 0.257428 0.622338 0.008449
v 0.253430 0.623345 0.007317
v 0.250504 0.624082 0.004224
v 0.249433 0.624353 0.000000
v 0.250504 0.624082 -0.004224
v 0.253430 0.623345 -0.007317
v 0.257428 0.622338 -0.008448
v 0.261425 0.621332 -0.007317
v 0.264351 0.620595 -0.004224
v 0.265249 0.636618 0.000000
v 0.264185 0.636305 0.004224
v 0.261278 0.635451 0.007317
v 0.257306 0.634285 0.008449
v 0.253333 0.633119 0.007317
v 0.250425 0.632267 0.004224
v 0.249360 0.631956 0.000000
v 0.250425 0.632267 -0.004224
v 0.253333 0.633119 -0.007317
v 0.257306 0.634285 -0.008448
v 0.261278 0.635451 -0.007317
v 0.264185 0.636305 -0.004224
v 0.257110 0.650563 0.000000
v 0.256337 0.649752 0.004224
v 0.254225 0.647539 0.007317
v 0.251338 0.644515 0.008449
v 0.248451 0.641492 0.007317
v 0.246337 0.639279 0.004224
v 0.245562 0.638469 0.000000
v 0.246337 0.639279 -0.004224
v 0.248451 0.641492 -0.007317
v 0.251338 0.644515 -0.008448
v 0.254225 0.647539 -0.007317
v 0.256337 0.649752 -0.004224
v 0.243187 0.658439 0.000000
v 0.242910 0.657348 0.004224
v 0.242155 0.654366 0.007317
v 0.241123 0.650293 0.008449
v 0.240091 0.646220 0.007317
v 0.239335 0.643238 0.004224
v 0.239059 0.642147 0.000000
v 0.239335 0.643238 -0.004224
v 0.240091 0.646220 -0.007317
v 0.241123 0.650293 -0.008448
v 0.242155 0.654366 -0.007317
v 0.242910 0.657348 -0.004224
v 0.227706 0.597342 0.000000
v 0.227982 0.598433 0.004224
v 0.228738 0.601415 0.007317
v 0.229770 0.605488 0.008449
v 0.230802 0.609561 0.007317
v 0.231558 0.612543 0.004224
v 0.231834 0.613635 0.000000
v 0.231558 0.612543 -0.004224
v 0.230802 0.609562 -0.007317
v 0.229770 0.605488 -0.008448
v 0.228738 0.601415 -0.007317
v 0.227982 0.598433 -0.004224
v 0.243755 0.597638 0.000000
v 0.243457 0.598719 0.004224
v 0.242644 0.601672 0.007317
v 0.241534 0.605706 0.008449
v 0.240425 0.609740 0.007317
v 0.239614 0.612693 0.004224
v 0.239317 0.613774 0.000000
v 0.239614 0.612693 -0.004224
v 0.240425 0.609740 -0.007317
v 0.241534 0.605706 -0.008448
v 0.242644 0.601672 -0.007317
v 0.243457 0.598719 -0.004224
v 0.257563 0.606055 0.000000
v 0.256772 0.606835 0.004224
v 0.254610 0.608965 0.007317
v 0.251658 0.611875 0.008449
v 0.248708 0.614785 0.007317
v 0.246549 0.616917 0.004224
v 0.245759 0.617697 0.000000
v 0.246549 0.616917 -0.004224
v 0.248708 0.614785 -0.007317
v 0.251658 0.611875 -0.008448
v 0.254610 0.608965 -0.007317
v 0.256772 0.606835 -0.004224
v 0.263362 0.620844 0.031682
v 0.262338 0.616769 0.030550
v 0.261588 0.613786 0.027458
v 0.261313 0.612694 0.023234
v 0.261588 0.613786 0.019009
v 0.262338 0.616769 0.015917
v 0.263362 0.620844 0.014785
v 0.264386 0.624919 0.015917
v 0.265136 0.627902 0.019009
v 0.265410 0.628994 0.023234
v 0.265136 0.627902 0.027458
v 0.264386 0.624919 0.030550
v 0.248372 0.624621 0.027438
v 0.247879 0.620411 0.026457
v 0.248590 0.617059 0.023779
v 0.250314 0.615464 0.020121
v 0.252589 0.616052 0.016463
v 0.254805 0.618666 0.013785
v 0.256367 0.622606 0.012804
v 0.256857 0.626815 0.013785
v 0.256147 0.630166 0.016463
v 0.254424 0.631761 0.020121
v 0.252151 0.631172 0.023779
v 0.249936 0.628560 0.026457
v 0.237402 0.627395 0.015841
v 0.237298 0.623087 0.015275
v 0.239077 0.619464 0.013729
v 0.242264 0.617497 0.011617
v 0.246002 0.617713 0.009505
v 0.249290 0.620055 0.007959
v 0.251246 0.623895 0.007393
v 0.251346 0.628203 0.007959
v 0.249566 0.631826 0.009505
v 0.246383 0.633792 0.011617
v 0.242648 0.633575 0.013729
v 0.239360 0.631234 0.015275
v 0.233387 0.628413 0.000000
v 0.233425 0.624069 0.000000
v 0.235596 0.620345 0.000000
v 0.239318 0.618242 0.000000
v 0.243592 0.618323 0.000000
v 0.247272 0.620565 0.000000
v 0.249371 0.624368 0.000000
v 0.249329 0.628713 0.000000
v 0.247158 0.632435 0.000000
v 0.243440 0.634537 0.000000
v 0.239169 0.634455 0.000000
v 0.235490 0.632215 0.000000
v 0.237402 0.627395 -0.015841
v 0.237298 0.623087 -0.015275
v 0.239077 0.619464 -0.013729
v 0.242264 0.617497 -0.011617
v 0.246002 0.617713 -0.009505
v 0.249290 0.620055 -0.007958
v 0.251246 0.623895 -0.007392
v 0.251346 0.628203 -0.007958
v 0.249566 0.631826 -0.009505
v 0.246383 0.633792 -0.011617
v 0.242648 0.633575 -0.013729
v 0.239360 0.631234 -0.015275
v 0.248372 0.624621 -0.027437
v 0.247879 0.620411 -0.026457
v 0.248590 0.617059 -0.023779
v 0.250314 0.615464 -0.020121
v 0.252589 0.616052 -0.016462
v 0.254805 0.618666 -0.013784
v 0.256367 0.622606 -0.012804
v 0.256857 0.626815 -0.013784
v 0.256147 0.630166 -0.016462
v 0.254424 0.631761 -0.020121
v 0.252151 0.631172 -0.023779
v 0.249936 0.628560 -0.026457
v 0.263362 0.620844 -0.031682
v 0.262338 0.616769 -0.030550
v 0.261588 0.613786 -0.027458
v 0.261313 0.612694 -0.023234
v 0.261588 0.613786 -0.019009
v 0.262338 0.616769 -0.015917
v 0.263362 0.620844 -0.014785
v 0.264386 0.624919 -0.015917
v 0.265136 0.627902 -0.019009
v 0.265410 0.628994 -0.023234
v 0.265136 0.627902 -0.027458
v 0.264386 0.624919 -0.030550
v 0.313264 0.608422 0.000000
v 0.311186 0.604606 0.000000
v 0.307518 0.602343 0.000000
v 0.303242 0.602238 0.000000
v 0.299509 0.604322 0.000000
v 0.297318 0.608035 0.000000
v 0.297257 0.612379 0.000000
v 0.299340 0.616192 0.000000
v 0.303007 0.618451 0.000000
v 0.307276 0.618554 0.000000
v 0.311005 0.616475 0.000000
v 0.313196 0.612766 0.000000
v 0.309242 0.609414 0.015841
v 0.307306 0.605563 0.015275
v 0.304030 0.603203 0.013729
v 0.300292 0.602968 0.011617
v 0.297095 0.604921 0.009505
v 0.295298 0.608536 0.007959
v 0.295381 0.612845 0.007393
v 0.297322 0.616692 0.007959
v 0.300597 0.619049 0.009505
v 0.304330 0.619283 0.011617
v 0.307522 0.617334 0.013729
v 0.309320 0.613722 0.015275
v 0.298257 0.612131 0.027438
v 0.296710 0.608186 0.026457
v 0.294504 0.605564 0.023779
v 0.292231 0.604968 0.020121
v 0.290500 0.606557 0.016463
v 0.289778 0.609906 0.013785
v 0.290256 0.614117 0.012804
v 0.291806 0.618061 0.013785
v 0.294012 0.620683 0.016463
v 0.296283 0.621280 0.020121
v 0.298010 0.619691 0.023779
v 0.298733 0.616342 0.026457
v 0.283257 0.615863 0.031682
v 0.282240 0.611786 0.030550
v 0.281495 0.608801 0.027458
v 0.281222 0.607709 0.023234
v 0.281495 0.608801 0.019009
v 0.282240 0.611786 0.015917
v 0.283257 0.615863 0.014785
v 0.284274 0.619940 0.015917
v 0.285019 0.622924 0.019009
v 0.285291 0.624017 0.023234
v 0.285019 0.622924 0.027458
v 0.284274 0.619940 0.030550
v 0.283257 0.615863 -0.031682
v 0.282240 0.611786 -0.030550
v 0.281495 0.608801 -0.027458
v 0.281222 0.607709 -0.023234
v 0.281495 0.608801 -0.019009
v 0.282240 0.611786 -0.015917
v 0.283257 0.615863 -0.014785
v 0.284274 0.619940 -0.015917
v 0.285019 0.622924 -0.019009
v 0.285291 0.624017 -0.023234
v 0.285019 0.622924 -0.027458
v 0.284274 0.619940 -0.030550
v 0.298257 0.612131 -0.027437
v 0.296710 0.608186 -0.026457
v 0.294504 0.605564 -0.023779
v 0.292231 0.604968 -0.020121
v 0.290500 0.606557 -0.016462
v 0.289778 0.609906 -0.013784
v 0.290256 0.614117 -0.012804
v 0.291806 0.618061 -0.013784
v 0.294012 0.620683 -0.016462
v 0.296283 0.621280 -0.020121
v 0.298010 0.619691 -0.023779
v 0.298733 0.616342 -0.026457
v 0.309242 0.609414 -0.015841
v 0.307306 0.605563 -0.015275
v 0.304030 0.603203 -0.013729
v 0.300292 0.602968 -0.011617
v 0.297095 0.604921 -0.009505
v 0.295298 0.608536 -0.007958
v 0.295381 0.612845 -0.007392
v 0.297322 0.616692 -0.007958
v 0.300597 0.619049 -0.009505
v 0.304330 0.619283 -0.011617
v 0.307522 0.617334 -0.013729
v 0.309320 0.613722 -0.015275
v 0.303658 0.578332 0.000000
v 0.303927 0.579426 -0.004224
v 0.304663 0.582412 -0.007317
v 0.305669 0.586492 -0.008448
v 0.306675 0.590572 -0.007317
v 0.307411 0.593558 -0.004224
v 0.307680 0.594651 0.000000
v 0.307411 0.593558 0.004224
v 0.306675 0.590572 0.007317
v 0.305669 0.586492 0.008449
v 0.304663 0.582412 0.007317
v 0.303927 0.579426 0.004224
v 0.289621 0.586154 0.000000
v 0.290393 0.586967 -0.004224
v 0.292503 0.589189 -0.007317
v 0.295383 0.592223 -0.008448
v 0.298262 0.595258 -0.007317
v 0.300368 0.597480 -0.004224
v 0.301139 0.598294 0.000000
v 0.300368 0.597480 0.004224
v 0.298262 0.595258 0.007317
v 0.295383 0.592223 0.008449
v 0.292503 0.589189 0.007317
v 0.290393 0.586967 0.004224
v 0.281402 0.600085 0.000000
v 0.282468 0.600400 -0.004224
v 0.285378 0.601259 -0.007317
v 0.289354 0.602435 -0.008448
v 0.293329 0.603613 -0.007317
v 0.296238 0.604476 -0.004224
v 0.297302 0.604792 0.000000
v 0.296238 0.604476 0.004224
v 0.293329 0.603613 0.007317
v 0.289354 0.602435 0.008449
v 0.285378 0.601259 0.007317
v 0.282468 0.600400 0.004224
v 0.281195 0.616377 0.000000
v 0.282267 0.616110 -0.004224
v 0.285195 0.615379 -0.007317
v 0.289194 0.614382 -0.008448
v 0.293195 0.613387 -0.007317
v 0.296123 0.612661 -0.004224
v 0.297195 0.612395 0.000000
v 0.296123 0.612661 0.004224
v 0.293195 0.613387 0.007317
v 0.289194 0.614382 0.008449
v 0.285195 0.615379 0.007317
v 0.282267 0.616110 0.004224
v 0.289026 0.630664 0.000000
v 0.289816 0.629886 -0.004224
v 0.291977 0.627762 -0.007317
v 0.294930 0.624862 -0.008448
v 0.297884 0.621964 -0.007317
v 0.300048 0.619843 -0.004224
v 0.300841 0.619066 0.000000
v 0.300048 0.619843 0.004224
v 0.297884 0.621964 0.007317
v 0.294930 0.624862 0.008449
v 0.291977 0.627762 0.007317
v 0.289816 0.629886 0.004224
v 0.302769 0.639131 0.000000
v 0.303069 0.638052 -0.004224
v 0.303888 0.635104 -0.007317
v 0.305009 0.631077 -0.008448
v 0.306131 0.627049 -0.007317
v 0.306953 0.624101 -0.004224
v 0.307255 0.623021 0.000000
v 0.306953 0.624101 0.004224
v 0.306131 0.627049 0.007317
v 0.305009 0.631077 0.008449
v 0.303888 0.635104 0.007317
v 0.303069 0.638052 0.004224
v 0.318743 0.639529 0.000000
v 0.318474 0.638436 -0.004224
v 0.317738 0.635449 -0.007317
v 0.316732 0.631369 -0.008448
v 0.315726 0.627289 -0.007317
v 0.314990 0.624303 -0.004224
v 0.314721 0.623210 0.000000
v 0.314990 0.624303 0.004224
v 0.315726 0.627289 0.007317
v 0.316732 0.631369 0.008449
v 0.317738 0.635449 0.007317
v 0.318474 0.638436 0.004224
v 0.361166 0.596771 0.000000
v 0.360092 0.597029 -0.004224
v 0.357158 0.597732 -0.007317
v 0.353151 0.598699 -0.008448
v 0.349144 0.599666 -0.007317
v 0.346211 0.600374 -0.004224
v 0.345137 0.600633 0.000000
v 0.346211 0.600374 0.004224
v 0.349144 0.599666 0.007317
v 0.353151 0.598699 0.008449
v 0.357158 0.597732 0.007317
v 0.360092 0.597029 0.004224
v 0.353455 0.582416 0.000000
v 0.352655 0.583189 -0.004224
v 0.350470 0.585298 -0.007317
v 0.347486 0.588179 -0.008448
v 0.344505 0.591060 -0.007317
v 0.342324 0.593169 -0.004224
v 0.341526 0.593942 0.000000
v 0.342324 0.593169 0.004224
v 0.344505 0.591060 0.007317
v 0.347486 0.588179 0.008449
v 0.350470 0.585298 0.007317
v 0.352655 0.583189 0.004224
v 0.339719 0.573865 0.000000
v 0.339409 0.574943 -0.004224
v 0.338565 0.577888 -0.007317
v 0.337414 0.581912 -0.008448
v 0.336266 0.585937 -0.007317
v 0.335426 0.588883 -0.004224
v 0.335118 0.589961 0.000000
v 0.335426 0.588883 0.004224
v 0.336266 0.585937 0.007317
v 0.337414 0.581912 0.008449
v 0.338565 0.577888 0.007317
v 0.339409 0.574943 0.004224
v 0.323646 0.573426 0.000000
v 0.323913 0.574520 -0.004224
v 0.324642 0.577508 -0.007317
v 0.325638 0.581590 -0.008448
v 0.326635 0.585672 -0.007317
v 0.327364 0.588660 -0.004224
v 0.327631 0.589754 0.000000
v 0.327364 0.588660 0.004224
v 0.326635 0.585672 0.007317
v 0.325638 0.581590 0.008449
v 0.324642 0.577508 0.007317
v 0.323913 0.574520 0.004224
v 0.338590 0.634657 0.000000
v 0.338323 0.633563 -0.004224
v 0.337594 0.630575 -0.007317
v 0.336598 0.626493 -0.008448
v 0.335601 0.622411 -0.007317
v 0.334872 0.619422 -0.004224
v 0.334605 0.618329 0.000000
v 0.334872 0.619422 0.004224
v 0.335601 0.622411 0.007317
v 0.336598 0.626493 0.008449
v 0.337594 0.630575 0.007317
v 0.338323 0.633563 0.004224
v 0.352558 0.626918 0.000000
v 0.351794 0.626099 -0.004224
v 0.349705 0.623863 -0.007317
v 0.346851 0.620813 -0.008448
v 0.343994 0.617762 -0.007317
v 0.341902 0.615530 -0.004224
v 0.341136 0.614712 0.000000
v 0.341902 0.615530 0.004224
v 0.343994 0.617762 0.007317
v 0.346851 0.620813 0.008449
v 0.349705 0.623863 0.007317
v 0.351794 0.626099 0.004224
v 0.360822 0.613057 0.000000
v 0.359763 0.612734 -0.004224
v 0.356867 0.611850 -0.007317
v 0.352910 0.610644 -0.008448
v 0.348951 0.609438 -0.007317
v 0.346052 0.608556 -0.004224
v 0.344991 0.608235 0.000000
v 0.346052 0.608556 0.004224
v 0.348951 0.609438 0.007317
v 0.352910 0.610644 0.008449
v 0.356867 0.611850 0.007317
v 0.359763 0.612734 0.004224
v 0.359100 0.597266 -0.031682
v 0.360081 0.601352 -0.030550
v 0.360799 0.604343 -0.027458
v 0.361062 0.605437 -0.023234
v 0.360799 0.604343 -0.019009
v 0.360081 0.601352 -0.015917
v 0.359100 0.597266 -0.014785
v 0.358119 0.593180 -0.015917
v 0.357400 0.590189 -0.019009
v 0.357138 0.589095 -0.023234
v 0.357400 0.590189 -0.027458
v 0.358119 0.593180 -0.030550
v 0.344073 0.600890 -0.027437
v 0.345599 0.604844 -0.026457
v 0.347789 0.607480 -0.023779
v 0.350055 0.608091 -0.020121
v 0.351792 0.606514 -0.016462
v 0.352536 0.603170 -0.013784
v 0.352087 0.598956 -0.012804
v 0.350565 0.595001 -0.013784
v 0.348375 0.592365 -0.016462
v 0.346105 0.591755 -0.020121
v 0.344365 0.593333 -0.023779
v 0.343621 0.596677 -0.026457
v 0.333078 0.603565 -0.015841
v 0.335002 0.607421 -0.015275
v 0.338267 0.609793 -0.013729
v 0.341999 0.610044 -0.011617
v 0.345199 0.608107 -0.009505
v 0.347012 0.604503 -0.007958
v 0.346954 0.600195 -0.007392
v 0.345035 0.596335 -0.007958
v 0.341770 0.593961 -0.009505
v 0.338032 0.593711 -0.011617
v 0.334826 0.595650 -0.013729
v 0.333013 0.599256 -0.015275
v 0.329054 0.604547 0.000000
v 0.331124 0.608366 0.000000
v 0.334783 0.610640 0.000000
v 0.339050 0.610761 0.000000
v 0.342786 0.608694 0.000000
v 0.344991 0.604992 0.000000
v 0.345075 0.600648 0.000000
v 0.343012 0.596824 0.000000
v 0.339353 0.594549 0.000000
v 0.335078 0.594430 0.000000
v 0.331335 0.596499 0.000000
v 0.329130 0.600202 0.000000
v 0.333078 0.603565 0.015841
v 0.335002 0.607421 0.015275
v 0.338267 0.609793 0.013729
v 0.341999 0.610044 0.011617
v 0.345199 0.608107 0.009505
v 0.347012 0.604503 0.007959
v 0.346954 0.600195 0.007393
v 0.345035 0.596335 0.007959
v 0.341770 0.593961 0.009505
v 0.338032 0.593711 0.011617
v 0.334826 0.595650 0.013729
v 0.333013 0.599256 0.015275
v 0.344073 0.600890 0.027438
v 0.345599 0.604844 0.026457
v 0.347789 0.607480 0.023779
v 0.350055 0.608091 0.020121
v 0.351792 0.606514 0.016463
v 0.352536 0.603170 0.013785
v 0.352087 0.598956 0.012804
v 0.350565 0.595001 0.013785
v 0.348375 0.592365 0.016463
v 0.346105 0.591755 0.020121
v 0.344365 0.593333 0.023779
v 0.343621 0.596677 0.026457
v 0.359100 0.597266 0.031682
v 0.360081 0.601352 0.030550
v 0.360799 0.604343 0.027458
v 0.361062 0.605437 0.023234
v 0.360799 0.604343 0.019009
v 0.360081 0.601352 0.015917
v 0.359100 0.597266 0.014785
v 0.358119 0.593180 0.015917
v 0.357400 0.590189 0.019009
v 0.357138 0.589095 0.023234
v 0.357400 0.590189 0.027458
v 0.358119 0.593180 0.030550
v 0.409147 0.585450 0.000000
v 0.409021 0.589793 0.000000
v 0.406780 0.593472 0.000000
v 0.403026 0.595501 0.000000
v 0.398761 0.595340 0.000000
v 0.395125 0.593034 0.000000
v 0.393090 0.589196 0.000000
v 0.393207 0.584853 0.000000
v 0.395445 0.581167 0.000000
v 0.399209 0.579133 0.000000
v 0.403484 0.579295 0.000000
v 0.407122 0.581607 0.000000
v 0.405113 0.586388 -0.015841
v 0.405134 0.590697 -0.015275
v 0.403288 0.594284 -0.013729
v 0.400072 0.596188 -0.011617
v 0.396345 0.595908 -0.009505
v 0.393101 0.593510 -0.007958
v 0.391209 0.589638 -0.007392
v 0.391180 0.585329 -0.007958
v 0.393023 0.581736 -0.009505
v 0.396246 0.579822 -0.011617
v 0.399984 0.580109 -0.013729
v 0.403229 0.582512 -0.015275
v 0.394094 0.588960 -0.027437
v 0.394516 0.593178 -0.026457
v 0.393751 0.596517 -0.023779
v 0.392005 0.598084 -0.020121
v 0.389743 0.597459 -0.016462
v 0.387570 0.594810 -0.013784
v 0.386068 0.590846 -0.012804
v 0.385642 0.586630 -0.013784
v 0.386406 0.583291 -0.016462
v 0.388157 0.581723 -0.020121
v 0.390424 0.582347 -0.023779
v 0.392597 0.584996 -0.026457
v 0.379049 0.592508 -0.031682
v 0.380018 0.596597 -0.030550
v 0.380727 0.599590 -0.027458
v 0.380987 0.600685 -0.023234
v 0.380727 0.599590 -0.019009
v 0.380018 0.596597 -0.015917
v 0.379049 0.592508 -0.014785
v 0.378080 0.588419 -0.015917
v 0.377370 0.585426 -0.019009
v 0.377111 0.584331 -0.023234
v 0.377370 0.585426 -0.027458
v 0.378080 0.588419 -0.030550
v 0.379049 0.592508 0.031682
v 0.380018 0.596597 0.030550
v 0.380727 0.599590 0.027458
v 0.380987 0.600685 0.023234
v 0.380727 0.599590 0.019009
v 0.380018 0.596597 0.015917
v 0.379049 0.592508 0.014785
v 0.378080 0.588419 0.015917
v 0.377370 0.585426 0.019009
v 0.377111 0.584331 0.023234
v 0.377370 0.585426 0.027458
v 0.378080 0.588419 0.030550
v 0.394094 0.588960 0.027438
v 0.394516 0.593178 0.026457
v 0.393751 0.596517 0.023779
v 0.392005 0.598084 0.020121
v 0.389743 0.597459 0.016463
v 0.387570 0.594810 0.013785
v 0.386068 0.590846 0.012804
v 0.385642 0.586630 0.013785
v 0.386406 0.583291 0.016463
v 0.388157 0.581723 0.020121
v 0.390424 0.582347 0.023779
v 0.392597 0.584996 0.026457
v 0.405113 0.586388 0.015841
v 0.405134 0.590697 0.015275
v 0.403288 0.594284 0.013729
v 0.400072 0.596188 0.011617
v 0.396345 0.595908 0.009505
v 0.393101 0.593510 0.007959
v 0.391209 0.589638 0.007393
v 0.391180 0.585329 0.007959
v 0.393023 0.581736 0.009505
v 0.396246 0.579822 0.011617
v 0.399984 0.580109 0.013729
v 0.403229 0.582512 0.015275
v 0.414204 0.616629 0.000000
v 0.413949 0.615532 0.004224
v 0.413254 0.612536 0.007317
v 0.412303 0.608443 0.008449
v 0.411353 0.604350 0.007317
v 0.410658 0.601353 0.004224
v 0.410403 0.600257 0.000000
v 0.410658 0.601353 -0.004224
v 0.411353 0.604350 -0.007317
v 0.412303 0.608443 -0.008448
v 0.413254 0.612536 -0.007317
v 0.413949 0.615532 -0.004224
v 0.398264 0.616016 0.000000
v 0.398577 0.614941 0.004224
v 0.399431 0.612004 0.007317
v 0.400600 0.607991 0.008449
v 0.401772 0.603977 0.007317
v 0.402632 0.601042 0.004224
v 0.402947 0.599968 0.000000
v 0.402632 0.601042 -0.004224
v 0.401772 0.603977 -0.007317
v 0.400600 0.607991 -0.008448
v 0.399431 0.612004 -0.007317
v 0.398577 0.614941 -0.004224
v 0.384641 0.607376 0.000000
v 0.385440 0.606608 0.004224
v 0.387623 0.604509 0.007317
v 0.390609 0.601649 0.008449
v 0.393597 0.598789 0.007317
v 0.395786 0.596695 0.004224
v 0.396588 0.595928 0.000000
v 0.395786 0.596695 -0.004224
v 0.393597 0.598789 -0.007317
v 0.390609 0.601649 -0.008448
v 0.387623 0.604509 -0.007317
v 0.385440 0.606608 -0.004224
v 0.376982 0.592999 0.000000
v 0.378056 0.592744 0.004224
v 0.380992 0.592047 0.007317
v 0.385003 0.591096 0.008449
v 0.389016 0.590154 0.007317
v 0.391953 0.589463 0.004224
v 0.393028 0.589211 0.000000
v 0.391953 0.589463 -0.004224
v 0.389016 0.590154 -0.007317
v 0.385003 0.591096 -0.008448
v 0.380992 0.592047 -0.007317
v 0.378056 0.592744 -0.004224
v 0.377382 0.576709 0.000000
v 0.378445 0.577036 0.004224
v 0.381347 0.577928 0.007317
v 0.385311 0.579154 0.008449
v 0.389273 0.580381 0.007317
v 0.392172 0.581280 0.004224
v 0.393232 0.581609 0.000000
v 0.392172 0.581280 -0.004224
v 0.389273 0.580381 -0.007317
v 0.385311 0.579154 -0.008448
v 0.381347 0.577928 -0.007317
v 0.378445 0.577036 -0.004224
v 0.385786 0.562877 0.000000
v 0.386549 0.563699 0.004224
v 0.388632 0.565947 0.007317
v 0.391475 0.569016 0.008449
v 0.394316 0.572087 0.007317
v 0.396396 0.574338 0.004224
v 0.397157 0.575162 0.000000
v 0.396396 0.574338 -0.004224
v 0.394316 0.572087 -0.007317
v 0.391475 0.569016 -0.008448
v 0.388632 0.565947 -0.007317
v 0.386549 0.563699 -0.004224
v 0.399951 0.555233 0.000000
v 0.400206 0.556330 0.004224
v 0.400901 0.559326 0.007317
v 0.401852 0.563419 0.008449
v 0.402802 0.567512 0.007317
v 0.403497 0.570509 0.004224
v 0.403752 0.571605 0.000000
v 0.403497 0.570509 -0.004224
v 0.402802 0.567512 -0.007317
v 0.401852 0.563419 -0.008448
v 0.400901 0.559326 -0.007317
v 0.400206 0.556330 -0.004224
v 0.457221 0.574535 0.000000
v 0.456143 0.574774 0.004224
v 0.453197 0.575427 0.007317
v 0.449175 0.576327 0.008449
v 0.445153 0.577231 0.007317
v 0.442209 0.577892 0.004224
v 0.441131 0.578135 0.000000
v 0.442209 0.577892 -0.004224
v 0.445153 0.577231 -0.007317
v 0.449175 0.576327 -0.008448
v 0.453197 0.575427 -0.007317
v 0.456143 0.574774 -0.004224
v 0.456607 0.590811 0.000000
v 0.455554 0.590468 0.004224
v 0.452676 0.589537 0.007317
v 0.448742 0.588268 0.008449
v 0.444805 0.586999 0.007317
v 0.441922 0.586071 0.004224
v 0.440866 0.585731 0.000000
v 0.441922 0.586071 -0.004224
v 0.444805 0.586999 -0.007317
v 0.448742 0.588268 -0.008448
v 0.452676 0.589537 -0.007317
v 0.455554 0.590468 -0.004224
v 0.448135 0.604533 0.000000
v 0.447385 0.603703 0.004224
v 0.445334 0.601433 0.007317
v 0.442530 0.598334 0.008449
v 0.439724 0.595241 0.007317
v 0.437668 0.592977 0.004224
v 0.436915 0.592148 0.000000
v 0.437668 0.592977 -0.004224
v 0.439724 0.595241 -0.007317
v 0.442530 0.598334 -0.008448
v 0.445334 0.601433 -0.007317
v 0.447385 0.603703 -0.004224
v 0.434078 0.612051 0.000000
v 0.433827 0.610953 0.004224
v 0.433143 0.607954 0.007317
v 0.432207 0.603858 0.008449
v 0.431272 0.599761 0.007317
v 0.430587 0.596762 0.004224
v 0.430336 0.595665 0.000000
v 0.430587 0.596762 -0.004224
v 0.431272 0.599761 -0.007317
v 0.432207 0.603858 -0.008448
v 0.433143 0.607954 -0.007317
v 0.433827 0.610953 -0.004224
v 0.420047 0.550604 0.000000
v 0.420298 0.551702 0.004224
v 0.420982 0.554700 0.007317
v 0.421918 0.558797 0.008449
v 0.422853 0.562893 0.007317
v 0.423538 0.565892 0.004224
v 0.423789 0.566990 0.000000
v 0.423538 0.565892 -0.004224
v 0.422853 0.562893 -0.007317
v 0.421918 0.558797 -0.008448
v 0.420982 0.554700 -0.007317
v 0.420298 0.551702 -0.004224
v 0.436138 0.551284 0.000000
v 0.435811 0.552357 0.004224
v 0.434918 0.555288 0.007317
v 0.433701 0.559292 0.008449
v 0.432488 0.563300 0.007317
v 0.431602 0.566233 0.004224
v 0.431278 0.567307 0.000000
v 0.431602 0.566233 -0.004224
v 0.432488 0.563300 -0.007317
v 0.433701 0.559292 -0.008448
v 0.434918 0.555288 -0.007317
v 0.435811 0.552357 -0.004224
v 0.449749 0.560052 0.000000
v 0.448935 0.560809 0.004224
v 0.446713 0.562884 0.007317
v 0.443681 0.565718 0.008449
v 0.440652 0.568552 0.007317
v 0.438436 0.570627 0.004224
v 0.437625 0.571386 0.000000
v 0.438436 0.570627 -0.004224
v 0.440652 0.568552 -0.007317
v 0.443681 0.565718 -0.008448
v 0.446713 0.562884 -0.007317
v 0.448935 0.560809 -0.004224
v 0.455147 0.574995 0.031682
v 0.454234 0.570893 0.030550
v 0.453566 0.567891 0.027458
v 0.453322 0.566792 0.023234
v 0.453566 0.567891 0.019009
v 0.454234 0.570893 0.015917
v 0.455147 0.574995 0.014785
v 0.456060 0.579096 0.015917
v 0.456728 0.582099 0.019009
v 0.456973 0.583198 0.023234
v 0.456728 0.582099 0.027458
v 0.456060 0.579096 0.030550
v 0.440064 0.578375 0.027438
v 0.439678 0.574155 0.026457
v 0.440475 0.570823 0.023779
v 0.442242 0.569272 0.020121
v 0.444502 0.569918 0.016463
v 0.446649 0.572588 0.013785
v 0.448107 0.576567 0.012804
v 0.448487 0.580788 0.013785
v 0.447690 0.584120 0.016463
v 0.445929 0.585670 0.020121
v 0.443674 0.585023 0.023779
v 0.441527 0.582352 0.026457
v 0.429029 0.580880 0.015841
v 0.429029 0.576571 0.015275
v 0.430897 0.572991 0.013729
v 0.434134 0.571100 0.011617
v 0.437869 0.571408 0.009505
v 0.441098 0.573835 0.007959
v 0.442955 0.577725 0.007393
v 0.442945 0.582034 0.007959
v 0.441076 0.585607 0.009505
v 0.437848 0.587492 0.011617
v 0.434123 0.587185 0.013729
v 0.430895 0.584765 0.015275
v 0.424991 0.581798 0.000000
v 0.425131 0.577457 0.000000
v 0.427392 0.573788 0.000000
v 0.431168 0.571775 0.000000
v 0.435442 0.571958 0.000000
v 0.439066 0.574292 0.000000
v 0.441069 0.578149 0.000000
v 0.440917 0.582490 0.000000
v 0.438655 0.586154 0.000000
v 0.434891 0.588165 0.000000
v 0.430627 0.587980 0.000000
v 0.427004 0.585650 0.000000
v 0.429029 0.580880 -0.015841
v 0.429029 0.576571 -0.015275
v 0.430897 0.572991 -0.013729
v 0.434134 0.571100 -0.011617
v 0.437869 0.571408 -0.009505
v 0.441098 0.573835 -0.007958
v 0.442955 0.577725 -0.007392
v 0.442945 0.582034 -0.007958
v 0.441076 0.585607 -0.009505
v 0.437848 0.587492 -0.011617
v 0.434123 0.587185 -0.013729
v 0.430895 0.584765 -0.015275
v 0.440064 0.578375 -0.027437
v 0.439678 0.574155 -0.026457
v 0.440475 0.570823 -0.023779
v 0.442242 0.569272 -0.020121
v 0.444502 0.569918 -0.016462
v 0.446649 0.572588 -0.013784
v 0.448107 0.576567 -0.012804
v 0.448487 0.580788 -0.013784
v 0.447690 0.584120 -0.016462
v 0.445929 0.585670 -0.020121
v 0.443674 0.585023 -0.023779
v 0.441527 0.582352 -0.026457
v 0.455147 0.574995 -0.031682
v 0.454234 0.570893 -0.030550
v 0.453566 0.567891 -0.027458
v 0.453322 0.566792 -0.023234
v 0.453566 0.567891 -0.019009
v 0.454234 0.570893 -0.015917
v 0.455147 0.574995 -0.014785
v 0.456060 0.579096 -0.015917
v 0.456728 0.582099 -0.019009
v 0.456973 0.583198 -0.023234
v 0.456728 0.582099 -0.027458
v 0.456060 0.579096 -0.030550
v 0.505400 0.564095 0.000000
v 0.503452 0.560213 0.000000
v 0.499860 0.557831 0.000000
v 0.495587 0.557588 0.000000
v 0.491783 0.559547 0.000000
v 0.489473 0.563188 0.000000
v 0.489275 0.567530 0.000000
v 0.491236 0.571405 0.000000
v 0.494826 0.573781 0.000000
v 0.499086 0.574027 0.000000
v 0.502876 0.572071 0.000000
v 0.505188 0.568435 0.000000
v 0.501349 0.564955 0.015841
v 0.499542 0.561043 0.015275
v 0.496343 0.558578 0.013729
v 0.492611 0.558220 0.011617
v 0.489349 0.560068 0.009505
v 0.487437 0.563627 0.007959
v 0.487385 0.567937 0.007393
v 0.489203 0.571843 0.007959
v 0.492400 0.574301 0.009505
v 0.496120 0.574657 0.011617
v 0.499371 0.572816 0.013729
v 0.501285 0.569264 0.015275
v 0.490282 0.567312 0.027438
v 0.488860 0.563320 0.026457
v 0.486738 0.560632 0.023779
v 0.484483 0.559966 0.020121
v 0.482702 0.561502 0.016463
v 0.481875 0.564827 0.013785
v 0.482224 0.569050 0.012804
v 0.483652 0.573041 0.013785
v 0.485774 0.575730 0.016463
v 0.488023 0.576397 0.020121
v 0.489797 0.574862 0.023779
v 0.490624 0.571537 0.026457
v 0.475175 0.570582 0.031682
v 0.474279 0.566477 0.030550
v 0.473624 0.563471 0.027458
v 0.473384 0.562371 0.023234
v 0.473624 0.563471 0.019009
v 0.474279 0.566477 0.015917
v 0.475175 0.570582 0.014785
v 0.476070 0.574687 0.015917
v 0.476725 0.577693 0.019009
v 0.476965 0.578793 0.023234
v 0.476725 0.577693 0.027458
v 0.476070 0.574687 0.030550
v 0.475175 0.570582 -0.031682
v 0.474279 0.566477 -0.030550
v 0.473624 0.563471 -0.027458
v 0.473384 0.562371 -0.023234
v 0.473624 0.563471 -0.019009
v 0.474279 0.566477 -0.015917
v 0.475175 0.570582 -0.014785
v 0.476070 0.574687 -0.015917
v 0.476725 0.577693 -0.019009
v 0.476965 0.578793 -0.023234
v 0.476725 0.577693 -0.027458
v 0.476070 0.574687 -0.030550
v 0.490282 0.567312 -0.027437
v 0.488860 0.563320 -0.026457
v 0.486738 0.560632 -0.023779
v 0.484483 0.559966 -0.020121
v 0.482702 0.561502 -0.016462
v 0.481875 0.564827 -0.013784
v 0.482224 0.569050 -0.012804
v 0.483652 0.573041 -0.013784
v 0.485774 0.575730 -0.016462
v 0.488023 0.576397 -0.020121
v 0.489797 0.574862 -0.023779
v 0.490624 0.571537 -0.026457
v 0.501349 0.564955 -0.015841
v 0.499542 0.561043 -0.015275
v 0.496343 0.558578 -0.013729
v 0.492611 0.558220 -0.011617
v 0.489349 0.560068 -0.009505
v 0.487437 0.563627 -0.007958
v 0.487385 0.567937 -0.007392
v 0.489203 0.571843 -0.007958
v 0.492400 0.574301 -0.009505
v 0.496120 0.574657 -0.011617
v 0.499371 0.572816 -0.013729
v 0.501285 0.569264 -0.015275
v 0.496807 0.533703 0.000000
v 0.497039 0.534804 -0.004224
v 0.497675 0.537814 -0.007317
v 0.498544 0.541925 -0.008448
v 0.499413 0.546036 -0.007317
v 0.500049 0.549046 -0.004224
v 0.500281 0.550147 0.000000
v 0.500049 0.549046 0.004224
v 0.499413 0.546036 0.007317
v 0.498544 0.541925 0.008449
v 0.497675 0.537814 0.007317
v 0.497039 0.534804 0.004224
v 0.482468 0.541078 0.000000
v 0.483216 0.541914 -0.004224
v 0.485258 0.544199 -0.007317
v 0.488045 0.547320 -0.008448
v 0.490830 0.550449 -0.007317
v 0.492867 0.552740 -0.004224
v 0.493612 0.553578 0.000000
v 0.492867 0.552740 0.004224
v 0.490830 0.550449 0.007317
v 0.488045 0.547320 0.008449
v 0.485258 0.544199 0.007317
v 0.483216 0.541914 0.004224
v 0.473795 0.554754 0.000000
v 0.474852 0.555099 -0.004224
v 0.477740 0.556047 -0.007317
v 0.481683 0.557346 -0.008448
v 0.485624 0.558645 -0.007317
v 0.488506 0.559597 -0.004224
v 0.489561 0.559945 0.000000
v 0.488506 0.559597 0.004224
v 0.485624 0.558645 0.007317
v 0.481683 0.557346 0.008449
v 0.477740 0.556047 0.007317
v 0.474852 0.555099 0.004224
v 0.473099 0.571036 0.000000
v 0.474178 0.570800 -0.004224
v 0.477126 0.570155 -0.007317
v 0.481154 0.569281 -0.008448
v 0.485183 0.568412 -0.007317
v 0.488133 0.567776 -0.004224
v 0.489212 0.567543 0.000000
v 0.488133 0.567776 0.004224
v 0.485183 0.568412 0.007317
v 0.481154 0.569281 0.008449
v 0.477126 0.570155 0.007317
v 0.474178 0.570800 0.004224
v 0.480496 0.585548 0.000000
v 0.481307 0.584794 -0.004224
v 0.483527 0.582739 -0.007317
v 0.486562 0.579935 -0.008448
v 0.489601 0.577131 -0.007317
v 0.491827 0.575077 -0.004224
v 0.492643 0.574326 0.000000
v 0.491827 0.575077 0.004224
v 0.489601 0.577131 0.007317
v 0.486562 0.579935 0.008449
v 0.483527 0.582739 0.007317
v 0.481307 0.584794 0.004224
v 0.493942 0.594443 0.000000
v 0.494273 0.593374 -0.004224
v 0.495181 0.590453 -0.007317
v 0.496423 0.586462 -0.008448
v 0.497670 0.582477 -0.007317
v 0.498585 0.579560 -0.004224
v 0.498920 0.578492 0.000000
v 0.498585 0.579560 0.004224
v 0.497670 0.582477 0.007317
v 0.496423 0.586462 0.008449
v 0.495181 0.590453 0.007317
v 0.494273 0.593374 0.004224
v 0.509837 0.595369 0.000000
v 0.509605 0.594268 -0.004224
v 0.508969 0.591258 -0.007317
v 0.508100 0.587147 -0.008448
v 0.507231 0.583036 -0.007317
v 0.506595 0.580026 -0.004224
v 0.506362 0.578925 0.000000
v 0.506595 0.580026 0.004224
v 0.507231 0.583036 0.007317
v 0.508100 0.587147 0.008449
v 0.508969 0.591258 0.007317
v 0.509605 0.594268 0.004224
v 0.553698 0.554224 0.000000
v 0.552615 0.554439 -0.004224
v 0.549655 0.555025 -0.007317
v 0.545612 0.555828 -0.008448
v 0.541572 0.556644 -0.007317
v 0.538614 0.557241 -0.004224
v 0.537532 0.557459 0.000000
v 0.538614 0.557241 0.004224
v 0.541572 0.556644 0.007317
v 0.545612 0.555828 0.008449
v 0.549655 0.555025 0.007317
v 0.552615 0.554439 0.004224
v 0.546560 0.539575 0.000000
v 0.545728 0.540314 -0.004224
v 0.543456 0.542332 -0.007317
v 0.540359 0.545100 -0.008448
v 0.537265 0.547868 -0.007317
v 0.535003 0.549894 -0.004224
v 0.534175 0.550635 0.000000
v 0.535003 0.549894 0.004224
v 0.537265 0.547868 0.007317
v 0.540359 0.545100 0.008449
v 0.543456 0.542332 0.007317
v 0.545728 0.540314 0.004224
v 0.533136 0.530504 0.000000
v 0.532784 0.531570 -0.004224
v 0.531824 0.534481 -0.007317
v 0.530516 0.538458 -0.008448
v 0.529212 0.542434 -0.007317
v 0.528261 0.545349 -0.004224
v 0.527914 0.546416 0.000000
v 0.528261 0.545349 0.004224
v 0.529212 0.542434 0.007317
v 0.530516 0.538458 0.008449
v 0.531824 0.534481 0.007317
v 0.532784 0.531570 0.004224
v 0.517034 0.529481 0.000000
v 0.517261 0.530584 -0.004224
v 0.517883 0.533597 -0.007317
v 0.518731 0.537712 -0.008448
v 0.519579 0.541827 -0.007317
v 0.520200 0.544840 -0.004224
v 0.520428 0.545943 0.000000
v 0.520200 0.544840 0.004224
v 0.519579 0.541827 0.007317
v 0.518731 0.537712 0.008449
v 0.517883 0.533597 0.007317
v 0.517261 0.530584 0.004224
v 0.529760 0.591211 0.000000
v 0.529533 0.590109 -0.004224
v 0.528912 0.587096 -0.007317
v 0.528063 0.582981 -0.008448
v 0.527215 0.578866 -0.007317
v 0.526594 0.575853 -0.004224
v 0.526366 0.574750 0.000000
v 0.526594 0.575853 0.004224
v 0.527215 0.578866 0.007317
v 0.528063 0.582981 0.008449
v 0.528912 0.587096 0.007317
v 0.529533 0.590109 0.004224
v 0.543947 0.584007 0.000000
v 0.543217 0.583160 -0.004224
v 0.541219 0.580845 -0.007317
v 0.538487 0.577685 -0.008448
v 0.535751 0.574525 -0.007317
v 0.533746 0.572217 -0.004224
v 0.533012 0.571373 0.000000
v 0.533746 0.572217 0.004224
v 0.535751 0.574525 0.007317
v 0.538487 0.577685 0.008449
v 0.541219 0.580845 0.007317
v 0.543217 0.583160 0.004224
v 0.552711 0.570483 0.000000
v 0.551667 0.570116 -0.004224
v 0.548812 0.569114 -0.007317
v 0.544912 0.567758 -0.008448
v 0.541007 0.566403 -0.007317
v 0.538147 0.565411 -0.004224
v 0.537099 0.565048 0.000000
v 0.538147 0.565411 0.004224
v 0.541007 0.566403 0.007317
v 0.544912 0.567758 0.008449
v 0.548812 0.569114 0.007317
v 0.551667 0.570116 0.004224
v 0.551614 0.554637 -0.031682
v 0.552432 0.558759 -0.030550
v 0.553031 0.561776 -0.027458
v 0.553250 0.562880 -0.023234
v 0.553031 0.561776 -0.019009
v 0.552432 0.558759 -0.015917
v 0.551614 0.554637 -0.014785
v 0.550796 0.550516 -0.015917
v 0.550197 0.547498 -0.019009
v 0.549978 0.546394 -0.023234
v 0.550197 0.547498 -0.027458
v 0.550796 0.550516 -0.030550
v 0.536459 0.557676 -0.027437
v 0.537834 0.561685 -0.026457
v 0.539921 0.564402 -0.023779
v 0.542160 0.565098 -0.020121
v 0.543953 0.563587 -0.016462
v 0.544825 0.560274 -0.013784
v 0.544540 0.556044 -0.012804
v 0.543172 0.552034 -0.013784
v 0.541085 0.549317 -0.016462
v 0.538839 0.548622 -0.020121
v 0.537038 0.550134 -0.023779
v 0.536166 0.553448 -0.026457
v 0.525373 0.559940 -0.015841
v 0.527155 0.563864 -0.015275
v 0.530329 0.566352 -0.013729
v 0.534044 0.566738 -0.011617
v 0.537311 0.564929 -0.009505
v 0.539259 0.561397 -0.007958
v 0.539364 0.557090 -0.007392
v 0.537594 0.553160 -0.007958
v 0.534418 0.550663 -0.009505
v 0.530688 0.550268 -0.011617
v 0.527410 0.552092 -0.013729
v 0.525464 0.555632 -0.015275
v 0.521316 0.560774 0.000000
v 0.523247 0.564667 0.000000
v 0.526819 0.567073 0.000000
v 0.531075 0.567348 0.000000
v 0.534880 0.565419 0.000000
v 0.537221 0.561809 0.000000
v 0.537469 0.557472 0.000000
v 0.535552 0.553572 0.000000
v 0.531978 0.551156 0.000000
v 0.527707 0.550881 0.000000
v 0.523887 0.552816 0.000000
v 0.521548 0.556437 0.000000
v 0.525373 0.559940 0.015841
v 0.527155 0.563864 0.015275
v 0.530329 0.566352 0.013729
v 0.534044 0.566738 0.011617
v 0.537311 0.564929 0.009505
v 0.539259 0.561397 0.007959
v 0.539364 0.557090 0.007393
v 0.537594 0.553160 0.007959
v 0.534418 0.550663 0.009505
v 0.530688 0.550268 0.011617
v 0.527410 0.552092 0.013729
v 0.525464 0.555632 0.015275
v 0.536459 0.557676 0.027438
v 0.537834 0.561685 0.026457
v 0.539921 0.564402 0.023779
v 0.542160 0.565098 0.020121
v 0.543953 0.563587 0.016463
v 0.544825 0.560274 0.013785
v 0.544540 0.556044 0.012804
v 0.543172 0.552034 0.013785
v 0.541085 0.549317 0.016463
v 0.538839 0.548622 0.020121
v 0.537038 0.550134 0.023779
v 0.536166 0.553448 0.026457
v 0.551614 0.554637 0.031682
v 0.552432 0.558759 0.030550
v 0.553031 0.561776 0.027458
v 0.553250 0.562880 0.023234
v 0.553031 0.561776 0.019009
v 0.552432 0.558759 0.015917
v 0.551614 0.554637 0.014785
v 0.550796 0.550516 0.015917
v 0.550197 0.547498 0.019009
v 0.549978 0.546394 0.023234
v 0.550197 0.547498 0.027458
v 0.550796 0.550516 0.030550
v 0.602121 0.544987 0.000000
v 0.601793 0.549318 0.000000
v 0.599388 0.552889 0.000000
v 0.595550 0.554748 0.000000
v 0.591301 0.554394 0.000000
v 0.587772 0.551922 0.000000
v 0.585911 0.547996 0.000000
v 0.586220 0.543663 0.000000
v 0.588624 0.540086 0.000000
v 0.592479 0.538224 0.000000
v 0.596746 0.538575 0.000000
v 0.600275 0.541052 0.000000
v 0.598047 0.545735 -0.015841
v 0.597871 0.550042 -0.015275
v 0.595866 0.553544 -0.013729
v 0.592571 0.555303 -0.011617
v 0.588863 0.554848 -0.009505
v 0.585730 0.552308 -0.007958
v 0.584012 0.548357 -0.007392
v 0.584173 0.544050 -0.007958
v 0.586176 0.540542 -0.009505
v 0.589486 0.538781 -0.011617
v 0.593210 0.539233 -0.013729
v 0.596343 0.541778 -0.015275
v 0.586923 0.547806 -0.027437
v 0.587158 0.552036 -0.026457
v 0.586247 0.555340 -0.023779
v 0.584436 0.556831 -0.020121
v 0.582207 0.556109 -0.016462
v 0.580153 0.553369 -0.013784
v 0.578825 0.549344 -0.012804
v 0.578582 0.545113 -0.013784
v 0.579492 0.541809 -0.016462
v 0.581311 0.540317 -0.020121
v 0.583549 0.541037 -0.023779
v 0.585603 0.543778 -0.026457
v 0.571740 0.550697 -0.031682
v 0.572534 0.554823 -0.030550
v 0.573116 0.557844 -0.027458
v 0.573329 0.558949 -0.023234
v 0.573116 0.557844 -0.019009
v 0.572534 0.554823 -0.015917
v 0.571740 0.550697 -0.014785
v 0.570945 0.546571 -0.015917
v 0.570363 0.543550 -0.019009
v 0.570150 0.542445 -0.023234
v 0.570363 0.543550 -0.027458
v 0.570945 0.546571 -0.030550
v 0.571740 0.550697 0.031682
v 0.572534 0.554823 0.030550
v 0.573116 0.557843 0.027458
v 0.573329 0.558949 0.023234
v 0.573116 0.557843 0.019009
v 0.572534 0.554823 0.015917
v 0.571740 0.550697 0.014785
v 0.570945 0.546571 0.015917
v 0.570363 0.543550 0.019009
v 0.570150 0.542445 0.023234
v 0.570363 0.543550 0.027458
v 0.570945 0.546571 0.030550
v 0.586923 0.547806 0.027438
v 0.587158 0.552036 0.026457
v 0.586247 0.555340 0.023779
v 0.584436 0.556831 0.020121
v 0.582207 0.556109 0.016463
v 0.580153 0.553369 0.013785
v 0.578825 0.549344 0.012804
v 0.578582 0.545113 0.013785
v 0.579492 0.541809 0.016463
v 0.581311 0.540317 0.020121
v 0.583549 0.541037 0.023779
v 0.585603 0.543778 0.026457
v 0.598047 0.545735 0.015841
v 0.597871 0.550042 0.015275
v 0.595866 0.553544 0.013729
v 0.592571 0.555303 0.011617
v 0.588863 0.554848 0.009505
v 0.585730 0.552308 0.007959
v 0.584012 0.548357 0.007393
v 0.584173 0.544049 0.007959
v 0.586176 0.540542 0.009505
v 0.589486 0.538781 0.011617
v 0.593210 0.539233 0.013729
v 0.596343 0.541778 0.015275
v 0.605731 0.576362 0.000000
v 0.605527 0.575254 0.004224
v 0.604971 0.572229 0.007317
v 0.604211 0.568096 0.008449
v 0.603451 0.563964 0.007317
v 0.602894 0.560939 0.004224
v 0.602691 0.559831 0.000000
v 0.602894 0.560939 -0.004224
v 0.603451 0.563964 -0.007317
v 0.604211 0.568096 -0.008448
v 0.604971 0.572229 -0.007317
v 0.605527 0.575254 -0.004224
v 0.589895 0.575020 0.000000
v 0.590253 0.573959 0.004224
v 0.591232 0.571063 0.007317
v 0.592573 0.567112 0.008449
v 0.593919 0.563160 0.007317
v 0.594907 0.560267 0.004224
v 0.595270 0.559207 0.000000
v 0.594907 0.560267 -0.004224
v 0.593919 0.563160 -0.007317
v 0.592573 0.567112 -0.008448
v 0.591232 0.571063 -0.007317
v 0.590253 0.573959 -0.004224
v 0.576692 0.565790 0.000000
v 0.577521 0.565059 0.004224
v 0.579788 0.563062 0.007317
v 0.582889 0.560333 0.008449
v 0.585994 0.557604 0.007317
v 0.588270 0.555607 0.004224
v 0.589105 0.554879 0.000000
v 0.588270 0.555607 -0.004224
v 0.585994 0.557604 -0.007317
v 0.582889 0.560333 -0.008448
v 0.579788 0.563062 -0.007317
v 0.577521 0.565059 -0.004224
v 0.569654 0.551102 0.000000
v 0.570738 0.550891 0.004224
v 0.573701 0.550319 0.007317
v 0.577750 0.549549 0.008449
v 0.581799 0.548778 0.007317
v 0.584763 0.548214 0.004224
v 0.585848 0.548008 0.000000
v 0.584763 0.548214 -0.004224
v 0.581799 0.548778 -0.007317
v 0.577750 0.549549 -0.008448
v 0.573701 0.550319 -0.007317
v 0.570738 0.550891 -0.004224
v 0.570749 0.534841 0.000000
v 0.571799 0.535215 0.004224
v 0.574665 0.536235 0.007317
v 0.578578 0.537629 0.008449
v 0.582486 0.539024 0.007317
v 0.585344 0.540048 0.004224
v 0.586391 0.540425 0.000000
v 0.585344 0.540048 -0.004224
v 0.582486 0.539024 -0.007317
v 0.578578 0.537629 -0.008448
v 0.574665 0.536235 -0.007317
v 0.571799 0.535215 -0.004224
v 0.579776 0.521382 0.000000
v 0.580504 0.522236 0.004224
v 0.582490 0.524572 0.007317
v 0.585200 0.527769 0.008449
v 0.587906 0.530966 0.007317
v 0.589885 0.533308 0.004224
v 0.590608 0.534165 0.000000
v 0.589885 0.533308 -0.004224
v 0.587906 0.530966 -0.007317
v 0.585200 0.527769 -0.008448
v 0.582490 0.524572 -0.007317
v 0.580504 0.522236 -0.004224
v 0.594330 0.514373 0.000000
v 0.594534 0.515480 0.004224
v 0.595090 0.518506 0.007317
v 0.595850 0.522638 0.008449
v 0.596610 0.526771 0.007317
v 0.597167 0.529796 0.004224
v 0.597370 0.530903 0.000000
v 0.597167 0.529796 -0.004224
v 0.596610 0.526771 -0.007317
v 0.595850 0.522638 -0.008448
v 0.595090 0.518506 -0.007317
v 0.594534 0.515480 -0.004224
v 0.650675 0.536478 0.000000
v 0.649586 0.536661 0.004224
v 0.646611 0.537162 0.007317
v 0.642546 0.537846 0.008449
v 0.638483 0.538538 0.007317
v 0.635510 0.539052 0.004224
v 0.634422 0.539240 0.000000
v 0.635510 0.539052 -0.004224
v 0.638483 0.538538 -0.007317
v 0.642546 0.537846 -0.008448
v 0.646611 0.537162 -0.007317
v 0.649586 0.536661 -0.004224
v 0.649208 0.552703 0.000000
v 0.648176 0.552306 0.004224
v 0.645355 0.551221 0.007317
v 0.641498 0.549743 0.008449
v 0.637638 0.548279 0.007317
v 0.634809 0.547207 0.004224
v 0.633773 0.546815 0.000000
v 0.634809 0.547207 -0.004224
v 0.637638 0.548279 -0.007317
v 0.641498 0.549743 -0.008448
v 0.645355 0.551221 -0.007317
v 0.648176 0.552306 -0.004224
v 0.640070 0.565960 0.000000
v 0.639365 0.565093 0.004224
v 0.637437 0.562723 0.007317
v 0.634800 0.559486 0.008449
v 0.632157 0.556250 0.007317
v 0.630220 0.553882 0.004224
v 0.629510 0.553015 0.000000
v 0.630220 0.553882 -0.004224
v 0.632157 0.556250 -0.007317
v 0.634800 0.559486 -0.008448
v 0.637437 0.562723 -0.007317
v 0.639365 0.565093 -0.004224
v 0.625716 0.572757 0.000000
v 0.625519 0.571649 0.004224
v 0.624982 0.568620 0.007317
v 0.624248 0.564483 0.008449
v 0.623514 0.560345 0.007317
v 0.622977 0.557317 0.004224
v 0.622780 0.556208 0.000000
v 0.622977 0.557317 -0.004224
v 0.623514 0.560345 -0.007317
v 0.624248 0.564483 -0.008448
v 0.624982 0.568620 -0.007317
v 0.625519 0.571649 -0.004224
v 0.614708 0.510698 0.000000
v 0.614905 0.511806 0.004224
v 0.615442 0.514835 0.007317
v 0.616176 0.518972 0.008449
v 0.616910 0.523110 0.007317
v 0.617447 0.526138 0.004224
v 0.617644 0.527247 0.000000
v 0.617447 0.526138 -0.004224
v 0.616910 0.523110 -0.007317
v 0.616176 0.518972 -0.008448
v 0.615442 0.514835 -0.007317
v 0.614905 0.511806 -0.004224
v 0.630804 0.512169 0.000000
v 0.630421 0.513225 0.004224
v 0.629376 0.516109 0.007317
v 0.627952 0.520048 0.008449
v 0.626533 0.523987 0.007317
v 0.625497 0.526869 0.004224
v 0.625119 0.527924 0.000000
v 0.625497 0.526869 -0.004224
v 0.626533 0.523987 -0.007317
v 0.627952 0.520048 -0.008448
v 0.629376 0.516109 -0.007317
v 0.630421 0.513225 -0.004224
v 0.643975 0.521627 0.000000
v 0.643120 0.522342 0.004224
v 0.640788 0.524294 0.007317
v 0.637606 0.526963 0.008449
v 0.634432 0.529644 0.007317
v 0.632111 0.531606 0.004224
v 0.631262 0.532324 0.000000
v 0.632111 0.531606 -0.004224
v 0.634432 0.529644 -0.007317
v 0.637606 0.526963 -0.008448
v 0.640788 0.524294 -0.007317
v 0.643120 0.522342 -0.004224
v 0.648580 0.536830 0.031682
v 0.647885 0.532686 0.030550
v 0.647377 0.529653 0.027458
v 0.647190 0.528542 0.023234
v 0.647377 0.529653 0.019009
v 0.647885 0.532686 0.015917
v 0.648580 0.536830 0.014785
v 0.649275 0.540974 0.015917
v 0.649784 0.544008 0.019009
v 0.649970 0.545118 0.023234
v 0.649784 0.544008 0.027458
v 0.649275 0.540974 0.030550
v 0.633344 0.539427 0.027438
v 0.633172 0.535192 0.026457
v 0.634139 0.531903 0.023779
v 0.635984 0.530441 0.020121
v 0.638210 0.531199 0.016463
v 0.640217 0.533977 0.013785
v 0.641467 0.538028 0.012804
v 0.641629 0.542262 0.013785
v 0.640662 0.545547 0.016463
v 0.638826 0.547007 0.020121
v 0.636610 0.546248 0.023779
v 0.634603 0.543473 0.026457
v 0.622198 0.541375 0.015841
v 0.622410 0.537070 0.015275
v 0.624454 0.533583 0.013729
v 0.627785 0.531860 0.011617
v 0.631504 0.532359 0.009505
v 0.634608 0.534944 0.007959
v 0.636264 0.538922 0.007393
v 0.636034 0.543226 0.007959
v 0.633988 0.546701 0.009505
v 0.630672 0.548417 0.011617
v 0.626971 0.547919 0.013729
v 0.623870 0.545346 0.015275
v 0.618120 0.542099 0.000000
v 0.618472 0.537769 0.000000
v 0.620912 0.534212 0.000000
v 0.624785 0.532381 0.000000
v 0.629050 0.532784 0.000000
v 0.632555 0.535299 0.000000
v 0.634359 0.539251 0.000000
v 0.633987 0.543580 0.000000
v 0.631545 0.547124 0.000000
v 0.627688 0.548935 0.000000
v 0.623445 0.548545 0.000000
v 0.619943 0.546043 0.000000
v 0.622198 0.541375 -0.015841
v 0.622410 0.537070 -0.015275
v 0.624454 0.533583 -0.013729
v 0.627785 0.531860 -0.011617
v 0.631504 0.532359 -0.009505
v 0.634608 0.534944 -0.007958
v 0.636264 0.538922 -0.007392
v 0.636034 0.543226 -0.007958
v 0.633988 0.546701 -0.009505
v 0.630672 0.548417 -0.011617
v 0.626971 0.547919 -0.013729
v 0.623870 0.545346 -0.015275
v 0.633344 0.539427 -0.027437
v 0.633172 0.535192 -0.026457
v 0.634139 0.531903 -0.023779
v 0.635984 0.530441 -0.020121
v 0.638210 0.531199 -0.016462
v 0.640217 0.533977 -0.013784
v 0.641467 0.538028 -0.012804
v 0.641629 0.542262 -0.013784
v 0.640662 0.545547 -0.016462
v 0.638826 0.547007 -0.020121
v 0.636610 0.546248 -0.023779
v 0.634603 0.543473 -0.026457
v 0.648580 0.536830 -0.031682
v 0.647885 0.532686 -0.030550
v 0.647377 0.529653 -0.027458
v 0.647190 0.528542 -0.023234
v 0.647377 0.529653 -0.019009
v 0.647885 0.532686 -0.015917
v 0.648580 0.536830 -0.014785
v 0.649275 0.540974 -0.015917
v 0.649784 0.544008 -0.019009
v 0.649970 0.545118 -0.023233
v 0.649784 0.544008 -0.027458
v 0.649275 0.540974 -0.030550
v 0.699365 0.528780 0.000000
v 0.697651 0.524786 0.000000
v 0.694204 0.522189 0.000000
v 0.689949 0.521696 0.000000
v 0.686034 0.523437 0.000000
v 0.683514 0.526936 0.000000
v 0.683065 0.531257 0.000000
v 0.684800 0.535241 0.000000
v 0.688245 0.537824 0.000000
v 0.692477 0.538312 0.000000
v 0.696371 0.536582 0.000000
v 0.698893 0.533098 0.000000
v 0.695268 0.529388 0.015841
v 0.693695 0.525374 0.015275
v 0.690646 0.522728 0.013729
v 0.686938 0.522159 0.011617
v 0.683571 0.523816 0.009505
v 0.681454 0.527253 0.007959
v 0.681155 0.531550 0.007393
v 0.682746 0.535557 0.007959
v 0.685795 0.538200 0.009505
v 0.689484 0.538772 0.011617
v 0.692832 0.537119 0.013729
v 0.694949 0.533684 0.015275
v 0.684084 0.531100 0.027438
v 0.682894 0.527032 0.026457
v 0.680928 0.524222 0.023779
v 0.678712 0.523425 0.020121
v 0.676845 0.524862 0.016463
v 0.675831 0.528137 0.013785
v 0.675940 0.532374 0.012804
v 0.677139 0.536439 0.013785
v 0.679104 0.539241 0.016463
v 0.681309 0.540031 0.020121
v 0.683166 0.538605 0.023779
v 0.684182 0.535336 0.026457
v 0.668816 0.533505 0.031682
v 0.668150 0.529356 0.030550
v 0.667663 0.526319 0.027458
v 0.667484 0.525208 0.023234
v 0.667663 0.526319 0.019009
v 0.668150 0.529356 0.015917
v 0.668816 0.533505 0.014785
v 0.669482 0.537654 0.015917
v 0.669969 0.540691 0.019009
v 0.670147 0.541803 0.023234
v 0.669969 0.540691 0.027458
v 0.669482 0.537654 0.030550
v 0.668816 0.533505 -0.031682
v 0.668150 0.529356 -0.030550
v 0.667663 0.526319 -0.027458
v 0.667484 0.525208 -0.023234
v 0.667663 0.526319 -0.019009
v 0.668150 0.529356 -0.015917
v 0.668816 0.533505 -0.014785
v 0.669482 0.537654 -0.015917
v 0.669969 0.540691 -0.019009
v 0.670147 0.541803 -0.023234
v 0.669969 0.540691 -0.027458
v 0.669482 0.537654 -0.030550
v 0.684084 0.531100 -0.027437
v 0.682894 0.527032 -0.026457
v 0.680928 0.524222 -0.023779
v 0.678712 0.523425 -0.020121
v 0.676845 0.524862 -0.016462
v 0.675831 0.528137 -0.013784
v 0.675940 0.532374 -0.012804
v 0.677139 0.536439 -0.013784
v 0.679105 0.539241 -0.016462
v 0.681309 0.540031 -0.020121
v 0.683166 0.538605 -0.023779
v 0.684182 0.535336 -0.026457
v 0.695268 0.529388 -0.015841
v 0.693695 0.525374 -0.015275
v 0.690646 0.522728 -0.013729
v 0.686938 0.522159 -0.011617
v 0.683571 0.523816 -0.009505
v 0.681454 0.527253 -0.007958
v 0.681155 0.531550 -0.007392
v 0.682746 0.535557 -0.007958
v 0.685795 0.538200 -0.009505
v 0.689484 0.538772 -0.011617
v 0.692832 0.537119 -0.013729
v 0.694949 0.533684 -0.015275
v 0.692593 0.497926 0.000000
v 0.692760 0.499039 -0.004224
v 0.693216 0.502081 -0.007317
v 0.693839 0.506236 -0.008449
v 0.694461 0.510392 -0.007317
v 0.694917 0.513434 -0.004224
v 0.695084 0.514548 0.000000
v 0.694917 0.513434 0.004224
v 0.694461 0.510392 0.007317
v 0.693839 0.506236 0.008449
v 0.693216 0.502081 0.007317
v 0.692760 0.499039 0.004224
v 0.677787 0.504456 0.000000
v 0.678488 0.505334 -0.004224
v 0.680401 0.507735 -0.007317
v 0.683010 0.511016 -0.008449
v 0.685613 0.514298 -0.007317
v 0.687515 0.516700 -0.004224
v 0.688211 0.517580 0.000000
v 0.687515 0.516700 0.004224
v 0.685613 0.514298 0.007317
v 0.683010 0.511016 0.008449
v 0.680401 0.507735 0.007317
v 0.678488 0.505334 0.004224
v 0.668322 0.517629 0.000000
v 0.669361 0.518034 -0.004224
v 0.672196 0.519142 -0.007317
v 0.676064 0.520655 -0.008448
v 0.679929 0.522174 -0.007317
v 0.682755 0.523295 -0.004224
v 0.683790 0.523706 0.000000
v 0.682755 0.523295 0.004224
v 0.679929 0.522174 0.007317
v 0.676064 0.520655 0.008449
v 0.672196 0.519142 0.007317
v 0.669361 0.518034 0.004224
v 0.666718 0.533839 0.000000
v 0.667808 0.533665 -0.004224
v 0.670788 0.533192 -0.007317
v 0.674859 0.532546 -0.008448
v 0.678930 0.531900 -0.007317
v 0.681911 0.531434 -0.004224
v 0.683002 0.531266 0.000000
v 0.681911 0.531434 0.004224
v 0.678930 0.531900 0.007317
v 0.674859 0.532546 0.008449
v 0.670788 0.533192 0.007317
v 0.667808 0.533665 0.004224
v 0.673293 0.548749 0.000000
v 0.674144 0.548044 -0.004224
v 0.676470 0.546117 -0.007317
v 0.679652 0.543485 -0.008448
v 0.682840 0.540857 -0.007317
v 0.685179 0.538941 -0.004224
v 0.686035 0.538240 0.000000
v 0.685179 0.538941 0.004224
v 0.682840 0.540857 0.007317
v 0.679652 0.543485 0.008449
v 0.676470 0.546117 0.007317
v 0.674144 0.548044 0.004224
v 0.686181 0.558390 0.000000
v 0.686571 0.557344 -0.004224
v 0.687640 0.554484 -0.007317
v 0.689106 0.550577 -0.008448
v 0.690576 0.546670 -0.007317
v 0.691656 0.543809 -0.004224
v 0.692052 0.542761 0.000000
v 0.691656 0.543809 0.004224
v 0.690576 0.546670 0.007317
v 0.689106 0.550577 0.008449
v 0.687640 0.554484 0.007317
v 0.686571 0.557344 0.004224
v 0.701933 0.560258 0.000000
v 0.701766 0.559144 -0.004224
v 0.701310 0.556102 -0.007317
v 0.700687 0.551947 -0.008448
v 0.700065 0.547791 -0.007317
v 0.699609 0.544749 -0.004224
v 0.699442 0.543636 0.000000
v 0.699609 0.544749 0.004224
v 0.700065 0.547791 0.007317
v 0.700687 0.551947 0.008449
v 0.701310 0.556102 0.007317
v 0.701766 0.559144 0.004224
v 0.748185 0.521969 0.000000
v 0.747090 0.522111 -0.004224
v 0.744099 0.522507 -0.007317
v 0.740013 0.523048 -0.008448
v 0.735927 0.523589 -0.007317
v 0.732937 0.523992 -0.004224
v 0.731843 0.524143 0.000000
v 0.732937 0.523992 0.004224
v 0.735927 0.523589 0.007317
v 0.740013 0.523048 0.008449
v 0.744099 0.522507 0.007317
v 0.747090 0.522111 0.004224
v 0.742031 0.506886 0.000000
v 0.741150 0.507570 -0.004224
v 0.738746 0.509440 -0.007317
v 0.735467 0.511994 -0.008448
v 0.732195 0.514550 -0.007317
v 0.729805 0.516433 -0.004224
v 0.728931 0.517121 0.000000
v 0.729805 0.516433 0.004224
v 0.732195 0.514550 0.007317
v 0.735467 0.511994 0.008449
v 0.738746 0.509440 0.007317
v 0.741150 0.507570 0.004224
v 0.729193 0.496958 0.000000
v 0.728772 0.498000 -0.004224
v 0.727622 0.500848 -0.007317
v 0.726057 0.504737 -0.008449
v 0.724497 0.508626 -0.007317
v 0.723359 0.511472 -0.004224
v 0.722944 0.512513 0.000000
v 0.723359 0.511472 0.004224
v 0.724497 0.508626 0.007317
v 0.726057 0.504737 0.008449
v 0.727622 0.500848 0.007317
v 0.728772 0.498000 0.004224
v 0.713128 0.494929 0.000000
v 0.713286 0.496044 -0.004224
v 0.713718 0.499089 -0.007317
v 0.714308 0.503250 -0.008448
v 0.714899 0.507410 -0.007317
v 0.715331 0.510455 -0.004224
v 0.715489 0.511570 0.000000
v 0.715331 0.510455 0.004224
v 0.714899 0.507410 0.007317
v 0.714308 0.503250 0.008449
v 0.713718 0.499089 0.007317
v 0.713286 0.496044 0.004224
v 0.721982 0.557332 0.000000
v 0.721824 0.556218 -0.004224
v 0.721392 0.553172 -0.007317
v 0.720801 0.549012 -0.008448
v 0.720211 0.544852 -0.007317
v 0.719779 0.541806 -0.004224
v 0.719621 0.540691 0.000000
v 0.719779 0.541806 0.004224
v 0.720211 0.544852 0.007317
v 0.720801 0.549012 0.008449
v 0.721392 0.553172 0.007317
v 0.721824 0.556218 0.004224
v 0.736534 0.551046 0.000000
v 0.735861 0.550154 -0.004224
v 0.734022 0.547719 -0.007317
v 0.731504 0.544393 -0.008448
v 0.728981 0.541068 -0.007317
v 0.727130 0.538634 -0.004224
v 0.726451 0.537743 0.000000
v 0.727130 0.538634 0.004224
v 0.728981 0.541068 0.007317
v 0.731504 0.544393 0.008449
v 0.734022 0.547719 0.007317
v 0.735861 0.550154 0.004224
v 0.746127 0.538133 0.000000
v 0.745111 0.537699 -0.004224
v 0.742335 0.536516 -0.007317
v 0.738537 0.534899 -0.008448
v 0.734733 0.533288 -0.007317
v 0.731946 0.532120 -0.004224
v 0.730926 0.531692 0.000000
v 0.731946 0.532120 0.004224
v 0.734733 0.533288 0.007317
v 0.738537 0.534899 0.008449
v 0.742335 0.536516 0.007317
v 0.745111 0.537699 0.004224
v 0.746078 0.522245 -0.031682
v 0.746621 0.526411 -0.030550
v 0.747018 0.529462 -0.027458
v 0.747164 0.530578 -0.023233
v 0.747018 0.529462 -0.019009
v 0.746621 0.526411 -0.015917
v 0.746078 0.522245 -0.014785
v 0.745536 0.518078 -0.015917
v 0.745138 0.515028 -0.019009
v 0.744993 0.513911 -0.023234
v 0.745138 0.515028 -0.027458
v 0.745536 0.518078 -0.030550
v 0.730759 0.524292 -0.027437
v 0.731874 0.528380 -0.026457
v 0.733779 0.531222 -0.023779
v 0.735966 0.532061 -0.020121
v 0.737852 0.530675 -0.016462
v 0.738936 0.527429 -0.013784
v 0.738928 0.523191 -0.012804
v 0.737825 0.519099 -0.013784
v 0.735918 0.516249 -0.016462
v 0.733719 0.515404 -0.020121
v 0.731821 0.516799 -0.023779
v 0.730738 0.520053 -0.026457
v 0.719551 0.525845 -0.015841
v 0.721084 0.529870 -0.015275
v 0.724093 0.532559 -0.013729
v 0.727773 0.533187 -0.011617
v 0.731145 0.531586 -0.009505
v 0.733312 0.528182 -0.007958
v 0.733694 0.523887 -0.007392
v 0.732181 0.519854 -0.007958
v 0.729171 0.517164 -0.009505
v 0.725471 0.516538 -0.011617
v 0.722080 0.518143 -0.013729
v 0.719912 0.521548 -0.015275
v 0.715452 0.526432 0.000000
v 0.717137 0.530435 0.000000
v 0.720549 0.533054 0.000000
v 0.724774 0.533601 0.000000
v 0.728690 0.531924 0.000000
v 0.731254 0.528466 0.000000
v 0.731779 0.524151 0.000000
v 0.730117 0.520139 0.000000
v 0.726703 0.517505 0.000000
v 0.722453 0.516955 0.000000
v 0.718515 0.518641 0.000000
v 0.715953 0.522116 0.000000
v 0.719551 0.525845 0.015841
v 0.721084 0.529870 0.015275
v 0.724093 0.532559 0.013729
v 0.727773 0.533187 0.011617
v 0.731145 0.531586 0.009505
v 0.733312 0.528182 0.007959
v 0.733694 0.523887 0.007393
v 0.732181 0.519854 0.007959
v 0.729171 0.517164 0.009505
v 0.725471 0.516538 0.011617
v 0.722080 0.518143 0.013729
v 0.719912 0.521548 0.015275
v 0.730759 0.524292 0.027438
v 0.731874 0.528380 0.026457
v 0.733779 0.531222 0.023779
v 0.735966 0.532061 0.020121
v 0.737852 0.530675 0.016463
v 0.738936 0.527429 0.013785
v 0.738928 0.523191 0.012804
v 0.737825 0.519099 0.013785
v 0.735918 0.516249 0.016463
v 0.733719 0.515404 0.020121
v 0.731821 0.516799 0.023779
v 0.730738 0.520053 0.026457
v 0.746078 0.522245 0.031682
v 0.746621 0.526411 0.030550
v 0.747018 0.529462 0.027458
v 0.747164 0.530578 0.023234
v 0.747018 0.529462 0.019009
v 0.746621 0.526411 0.015917
v 0.746078 0.522245 0.014785
v 0.745536 0.518078 0.015917
v 0.745138 0.515028 0.019009
v 0.744993 0.513911 0.023234
v 0.745138 0.515028 0.027458
v 0.745536 0.518078 0.030550
v 0.797134 0.516158 0.000000
v 0.796489 0.520455 0.000000
v 0.793831 0.523840 0.000000
v 0.789872 0.525404 0.000000
v 0.785665 0.524749 0.000000
v 0.782326 0.522038 0.000000
v 0.780750 0.517990 0.000000
v 0.781367 0.513689 0.000000
v 0.784023 0.510287 0.000000
v 0.788006 0.508701 0.000000
v 0.792242 0.509371 0.000000
v 0.795582 0.512101 0.000000
v 0.793017 0.516607 -0.015841
v 0.792526 0.520888 -0.015275
v 0.790275 0.524228 -0.013729
v 0.786866 0.525744 -0.011617
v 0.783204 0.525033 -0.009505
v 0.780263 0.522275 -0.007958
v 0.778830 0.518211 -0.007392
v 0.779297 0.513927 -0.007958
v 0.781547 0.510572 -0.009505
v 0.784977 0.509043 -0.011617
v 0.788662 0.509762 -0.013729
v 0.791605 0.512535 -0.015275
v 0.781773 0.517872 -0.027437
v 0.781705 0.522109 -0.026457
v 0.780563 0.525337 -0.023779
v 0.778653 0.526690 -0.020121
v 0.776482 0.525807 -0.016462
v 0.774627 0.522927 -0.013784
v 0.773585 0.518820 -0.012804
v 0.773640 0.514581 -0.013784
v 0.774782 0.511351 -0.016462
v 0.776705 0.509996 -0.020121
v 0.778889 0.510878 -0.023779
v 0.780744 0.513761 -0.026457
v 0.766425 0.519687 -0.031682
v 0.766932 0.523858 -0.030550
v 0.767303 0.526911 -0.027458
v 0.767439 0.528029 -0.023233
v 0.767303 0.526911 -0.019009
v 0.766932 0.523858 -0.015917
v 0.766425 0.519687 -0.014785
v 0.765917 0.515516 -0.015917
v 0.765546 0.512462 -0.019009
v 0.765410 0.511344 -0.023234
v 0.765546 0.512462 -0.027458
v 0.765917 0.515516 -0.030550
v 0.766425 0.519687 0.031682
v 0.766932 0.523858 0.030550
v 0.767303 0.526911 0.027458
v 0.767439 0.528029 0.023234
v 0.767303 0.526911 0.019009
v 0.766932 0.523858 0.015917
v 0.766425 0.519687 0.014785
v 0.765917 0.515516 0.015917
v 0.765546 0.512462 0.019009
v 0.765410 0.511344 0.023234
v 0.765546 0.512462 0.027458
v 0.765917 0.515516 0.030550
v 0.781773 0.517872 0.027438
v 0.781705 0.522109 0.026457
v 0.780563 0.525337 0.023779
v 0.778653 0.526690 0.020121
v 0.776482 0.525807 0.016463
v 0.774627 0.522927 0.013785
v 0.773585 0.518820 0.012804
v 0.773640 0.514581 0.013785
v 0.774782 0.511351 0.016463
v 0.776705 0.509996 0.020121
v 0.778889 0.510878 0.023779
v 0.780744 0.513761 0.026457
v 0.793017 0.516607 0.015841
v 0.792526 0.520888 0.015275
v 0.790275 0.524228 0.013729
v 0.786866 0.525744 0.011617
v 0.783204 0.525033 0.009505
v 0.780263 0.522275 0.007959
v 0.778830 0.518211 0.007393
v 0.779297 0.513927 0.007959
v 0.781547 0.510572 0.009505
v 0.784977 0.509043 0.011617
v 0.788662 0.509762 0.013729
v 0.791605 0.512535 0.015275
v 0.798435 0.547717 0.000000
v 0.798313 0.546598 0.004224
v 0.797980 0.543540 0.007317
v 0.797525 0.539363 0.008449
v 0.797070 0.535186 0.007317
v 0.796736 0.532128 0.004224
v 0.796614 0.531009 0.000000
v 0.796736 0.532128 -0.004224
v 0.797070 0.535186 -0.007317
v 0.797525 0.539363 -0.008448
v 0.797980 0.543540 -0.007317
v 0.798313 0.546598 -0.004224
v 0.782803 0.545226 0.000000
v 0.783233 0.544195 0.004224
v 0.784410 0.541377 0.007317
v 0.786024 0.537529 0.008449
v 0.787645 0.533679 0.007317
v 0.788835 0.530860 0.004224
v 0.789272 0.529829 0.000000
v 0.788835 0.530860 -0.004224
v 0.787645 0.533679 -0.007317
v 0.786024 0.537529 -0.008448
v 0.784410 0.541377 -0.007317
v 0.783233 0.544195 -0.004224
v 0.770315 0.535088 0.000000
v 0.771191 0.534415 0.004224
v 0.773587 0.532576 0.007317
v 0.776865 0.530068 0.008449
v 0.780151 0.527575 0.007317
v 0.782560 0.525750 0.004224
v 0.783443 0.525081 0.000000
v 0.782560 0.525750 -0.004224
v 0.780151 0.527575 -0.007317
v 0.776865 0.530068 -0.008448
v 0.773587 0.532576 -0.007317
v 0.771191 0.534415 -0.004224
v 0.764315 0.519942 0.000000
v 0.765412 0.519809 0.004224
v 0.768407 0.519447 0.007317
v 0.772499 0.518952 0.008449
v 0.776592 0.518468 0.007317
v 0.779589 0.518123 0.004224
v 0.780686 0.517997 0.000000
v 0.779589 0.518123 -0.004224
v 0.776592 0.518468 -0.007317
v 0.772499 0.518952 -0.008448
v 0.768407 0.519447 -0.007317
v 0.765412 0.519809 -0.004224
v 0.766538 0.503801 0.000000
v 0.767561 0.504244 0.004224
v 0.770354 0.505455 0.007317
v 0.774164 0.507116 0.008449
v 0.777970 0.508793 0.007317
v 0.780752 0.510021 0.004224
v 0.781770 0.510470 0.000000
v 0.780752 0.510021 -0.004224
v 0.777970 0.508793 -0.007317
v 0.774164 0.507116 -0.008448
v 0.770354 0.505455 -0.007317
v 0.767561 0.504244 -0.004224
v 0.776523 0.491004 0.000000
v 0.777190 0.491909 0.004224
v 0.779010 0.494381 0.007317
v 0.781490 0.497758 0.008449
v 0.783964 0.501136 0.007317
v 0.785771 0.503609 0.004224
v 0.786431 0.504515 0.000000
v 0.785771 0.503609 -0.004224
v 0.783964 0.501136 -0.007317
v 0.781490 0.497758 -0.008449
v 0.779010 0.494381 -0.007317
v 0.777190 0.491909 -0.004224
v 0.791608 0.485060 0.000000
v 0.791730 0.486179 0.004224
v 0.792063 0.489237 0.007317
v 0.792518 0.493414 0.008449
v 0.792973 0.497591 0.007317
v 0.793307 0.500649 0.004224
v 0.793429 0.501768 0.000000
v 0.793307 0.500649 -0.004224
v 0.792973 0.497591 -0.007317
v 0.792518 0.493414 -0.008449
v 0.792063 0.489237 -0.007317
v 0.791730 0.486179 -0.004224
v 0.846196 0.511418 0.000000
v 0.845096 0.511510 0.004224
v 0.842089 0.511762 0.007317
v 0.837984 0.512131 0.008449
v 0.833880 0.512501 0.007317
v 0.830875 0.512773 0.004224
v 0.829775 0.512872 0.000000
v 0.830875 0.512773 -0.004224
v 0.833880 0.512501 -0.007317
v 0.837984 0.512131 -0.008448
v 0.842089 0.511762 -0.007317
v 0.845096 0.511510 -0.004224
v 0.843435 0.527461 0.000000
v 0.842440 0.526984 0.004224
v 0.839721 0.525685 0.007317
v 0.836000 0.523912 0.008449
v 0.832272 0.522139 0.007317
v 0.829538 0.520842 0.004224
v 0.828537 0.520370 0.000000
v 0.829538 0.520842 -0.004224
v 0.832272 0.522139 -0.007317
v 0.836000 0.523912 -0.008448
v 0.839721 0.525685 -0.007317
v 0.842440 0.526984 -0.004224
v 0.833311 0.539956 0.000000
v 0.832678 0.539034 0.004224
v 0.830947 0.536516 0.007317
v 0.828577 0.533086 0.008449
v 0.826199 0.529661 0.007317
v 0.824455 0.527153 0.004224
v 0.823815 0.526235 0.000000
v 0.824455 0.527153 -0.004224
v 0.826199 0.529661 -0.007317
v 0.828577 0.533086 -0.008448
v 0.830947 0.536516 -0.007317
v 0.832678 0.539034 -0.004224
v 0.818540 0.545611 0.000000
v 0.818428 0.544491 0.004224
v 0.818123 0.541430 0.007317
v 0.817707 0.537249 0.008449
v 0.817290 0.533067 0.007317
v 0.816985 0.530007 0.004224
v 0.816874 0.528886 0.000000
v 0.816985 0.530007 -0.004224
v 0.817290 0.533067 -0.007317
v 0.817707 0.537249 -0.008448
v 0.818123 0.541430 -0.007317
v 0.818428 0.544491 -0.004224
v 0.812292 0.482893 0.000000
v 0.812404 0.484014 0.004224
v 0.812709 0.487074 0.007317
v 0.813125 0.491256 0.008449
v 0.813542 0.495437 0.007317
v 0.813847 0.498498 0.004224
v 0.813958 0.499618 0.000000
v 0.813847 0.498498 -0.004224
v 0.813542 0.495437 -0.007317
v 0.813125 0.491256 -0.008448
v 0.812709 0.487074 -0.007317
v 0.812404 0.484014 -0.004224
v 0.828291 0.485603 0.000000
v 0.827824 0.486624 0.004224
v 0.826551 0.489414 0.007317
v 0.824818 0.493235 0.008449
v 0.823093 0.497058 0.007317
v 0.821835 0.499856 0.004224
v 0.821375 0.500880 0.000000
v 0.821835 0.499856 -0.004224
v 0.823093 0.497058 -0.007317
v 0.824818 0.493235 -0.008449
v 0.826551 0.489414 -0.007317
v 0.827824 0.486624 -0.004224
v 0.840705 0.496066 0.000000
v 0.839794 0.496711 0.004224
v 0.837309 0.498480 0.007317
v 0.833920 0.500896 0.008449
v 0.830538 0.503311 0.007317
v 0.828067 0.505078 0.004224
v 0.827164 0.505728 0.000000
v 0.828067 0.505078 -0.004224
v 0.830538 0.503311 -0.007317
v 0.833920 0.500896 -0.008448
v 0.837309 0.498480 -0.007317
v 0.839794 0.496711 -0.004224
v 0.844079 0.511595 0.031682
v 0.843719 0.507409 0.030550
v 0.843456 0.504344 0.027458
v 0.843360 0.503222 0.023234
v 0.843456 0.504344 0.019009
v 0.843719 0.507409 0.015917
v 0.844079 0.511595 0.014785
v 0.844439 0.515781 0.015917
v 0.844703 0.518846 0.019009
v 0.844799 0.519968 0.023234
v 0.844703 0.518846 0.027458
v 0.844439 0.515781 0.030550
v 0.828685 0.512971 0.027438
v 0.828846 0.508737 0.026457
v 0.830068 0.505538 0.023779
v 0.832025 0.504231 0.020121
v 0.834187 0.505166 0.016463
v 0.835969 0.508094 0.013785
v 0.836895 0.512229 0.012804
v 0.836720 0.516464 0.013785
v 0.835498 0.519663 0.016463
v 0.833555 0.520969 0.020121
v 0.831407 0.520032 0.023779
v 0.829625 0.517105 0.026457
v 0.817423 0.514058 0.015841
v 0.817965 0.509784 0.015275
v 0.820274 0.506470 0.013729
v 0.823731 0.505005 0.011617
v 0.827403 0.505781 0.009505
v 0.830297 0.508606 0.007959
v 0.831636 0.512704 0.007393
v 0.831070 0.516974 0.007959
v 0.828760 0.520273 0.009505
v 0.825326 0.521736 0.011617
v 0.821679 0.520958 0.013729
v 0.818786 0.518147 0.015275
v 0.813302 0.514466 0.000000
v 0.813982 0.510172 0.000000
v 0.816689 0.506817 0.000000
v 0.820697 0.505298 0.000000
v 0.824921 0.506021 0.000000
v 0.828221 0.508794 0.000000
v 0.829711 0.512878 0.000000
v 0.829002 0.517161 0.000000
v 0.826295 0.520511 0.000000
v 0.822315 0.522028 0.000000
v 0.818118 0.521302 0.000000
v 0.814819 0.518534 0.000000
v 0.817423 0.514058 -0.015841
v 0.817965 0.509784 -0.015275
v 0.820274 0.506470 -0.013729
v 0.823731 0.505005 -0.011617
v 0.827403 0.505781 -0.009505
v 0.830297 0.508606 -0.007958
v 0.831636 0.512704 -0.007392
v 0.831070 0.516974 -0.007958
v 0.828760 0.520273 -0.009505
v 0.825326 0.521736 -0.011617
v 0.821679 0.520958 -0.013729
v 0.818786 0.518148 -0.015275
v 0.828685 0.512971 -0.027437
v 0.828846 0.508737 -0.026457
v 0.830068 0.505538 -0.023779
v 0.832025 0.504231 -0.020121
v 0.834187 0.505166 -0.016462
v 0.835969 0.508094 -0.013784
v 0.836895 0.512229 -0.012804
v 0.836720 0.516464 -0.013784
v 0.835498 0.519663 -0.016462
v 0.833555 0.520969 -0.020121
v 0.831407 0.520032 -0.023779
v 0.829625 0.517105 -0.026457
v 0.844079 0.511595 -0.031682
v 0.843719 0.507409 -0.030550
v 0.843456 0.504344 -0.027458
v 0.843360 0.503222 -0.023234
v 0.843456 0.504344 -0.019009
v 0.843719 0.507409 -0.015917
v 0.844079 0.511595 -0.014785
v 0.844439 0.515781 -0.015917
v 0.844703 0.518846 -0.019009
v 0.844799 0.519968 -0.023233
v 0.844703 0.518846 -0.027458
v 0.844439 0.515781 -0.030550
v 0.895356 0.507834 0.000000
v 0.894000 0.503710 0.000000
v 0.890791 0.500832 0.000000
v 0.886590 0.499971 0.000000
v 0.882534 0.501357 0.000000
v 0.879722 0.504632 0.000000
v 0.878906 0.508902 0.000000
v 0.880293 0.513016 0.000000
v 0.883500 0.515880 0.000000
v 0.887670 0.516743 0.000000
v 0.891696 0.515359 0.000000
v 0.894509 0.512098 0.000000
v 0.891224 0.508097 0.015841
v 0.890006 0.503964 0.015275
v 0.887196 0.501060 0.013729
v 0.883546 0.500164 0.011617
v 0.880046 0.501525 0.009505
v 0.877642 0.504778 0.007959
v 0.876978 0.509037 0.007393
v 0.878222 0.513162 0.007959
v 0.881030 0.516048 0.009505
v 0.884653 0.516935 0.011617
v 0.888127 0.515586 0.013729
v 0.890532 0.512351 0.015275
v 0.879933 0.508829 0.027438
v 0.879096 0.504676 0.026457
v 0.877376 0.501714 0.023779
v 0.875234 0.500736 0.020121
v 0.873250 0.502004 0.016463
v 0.871960 0.505179 0.013785
v 0.871711 0.509409 0.012804
v 0.872563 0.513561 0.013785
v 0.874284 0.516523 0.016463
v 0.876411 0.517502 0.020121
v 0.878380 0.516235 0.023779
v 0.879669 0.513060 0.026457
v 0.864518 0.509943 0.031682
v 0.864200 0.505753 0.030550
v 0.863968 0.502686 0.027458
v 0.863882 0.501563 0.023234
v 0.863968 0.502686 0.019009
v 0.864200 0.505753 0.015917
v 0.864518 0.509943 0.014785
v 0.864836 0.514133 0.015917
v 0.865069 0.517200 0.019009
v 0.865154 0.518323 0.023234
v 0.865069 0.517200 0.027458
v 0.864836 0.514133 0.030550
v 0.864518 0.509943 -0.031682
v 0.864200 0.505753 -0.030550
v 0.863968 0.502686 -0.027458
v 0.863882 0.501563 -0.023234
v 0.863968 0.502686 -0.019009
v 0.864200 0.505753 -0.015917
v 0.864518 0.509943 -0.014785
v 0.864836 0.514133 -0.015917
v 0.865069 0.517200 -0.019009
v 0.865154 0.518323 -0.023233
v 0.865069 0.517200 -0.027458
v 0.864836 0.514133 -0.030550
v 0.879933 0.508829 -0.027437
v 0.879096 0.504676 -0.026457
v 0.877376 0.501714 -0.023779
v 0.875234 0.500736 -0.020121
v 0.873250 0.502004 -0.016462
v 0.871960 0.505179 -0.013784
v 0.871711 0.509409 -0.012804
v 0.872563 0.513561 -0.013784
v 0.874284 0.516523 -0.016462
v 0.876411 0.517502 -0.020121
v 0.878380 0.516235 -0.023779
v 0.879669 0.513060 -0.026457
v 0.891224 0.508097 -0.015841
v 0.890006 0.503964 -0.015275
v 0.887196 0.501060 -0.013729
v 0.883546 0.500164 -0.011617
v 0.880046 0.501525 -0.009505
v 0.877642 0.504778 -0.007958
v 0.876978 0.509037 -0.007392
v 0.878222 0.513162 -0.007958
v 0.881030 0.516048 -0.009505
v 0.884653 0.516935 -0.011617
v 0.888127 0.515586 -0.013729
v 0.890532 0.512351 -0.015275
v 0.891310 0.476514 0.000000
v 0.891379 0.477637 -0.004224
v 0.891567 0.480708 -0.007317
v 0.891824 0.484902 -0.008449
v 0.892081 0.489096 -0.007317
v 0.892269 0.492166 -0.004224
v 0.892337 0.493290 0.000000
v 0.892269 0.492166 0.004224
v 0.892081 0.489096 0.007317
v 0.891824 0.484902 0.008449
v 0.891567 0.480708 0.007317
v 0.891379 0.477637 0.004224
v 0.875931 0.481752 0.000000
v 0.876556 0.482685 -0.004224
v 0.878262 0.485235 -0.007317
v 0.880586 0.488720 -0.008449
v 0.882903 0.492218 -0.007317
v 0.884595 0.494779 -0.004224
v 0.885213 0.495717 0.000000
v 0.884595 0.494779 0.004224
v 0.882903 0.492218 0.007317
v 0.880586 0.488720 0.008449
v 0.878262 0.485235 0.007317
v 0.876556 0.482685 0.004224
v 0.865353 0.494075 0.000000
v 0.866355 0.494562 -0.004224
v 0.869093 0.495903 -0.007317
v 0.872827 0.497746 -0.008448
v 0.876554 0.499590 -0.007317
v 0.879277 0.500940 -0.004224
v 0.880273 0.501434 0.000000
v 0.879277 0.500940 0.004224
v 0.876554 0.499590 0.007317
v 0.872827 0.497746 0.008449
v 0.869093 0.495903 0.007317
v 0.866355 0.494562 0.004224
v 0.862400 0.510107 0.000000
v 0.863501 0.510022 -0.004224
v 0.866509 0.509789 -0.007317
v 0.870619 0.509485 -0.008448
v 0.874731 0.509196 -0.007317
v 0.877740 0.508984 -0.004224
v 0.878842 0.508906 0.000000
v 0.877740 0.508984 0.004224
v 0.874731 0.509196 0.007317
v 0.870619 0.509485 0.008449
v 0.866509 0.509789 0.007317
v 0.863501 0.510022 0.004224
v 0.867706 0.525501 0.000000
v 0.868610 0.524866 -0.004224
v 0.871084 0.523143 -0.007317
v 0.874471 0.520798 -0.008448
v 0.877865 0.518453 -0.007317
v 0.880354 0.516735 -0.004224
v 0.881266 0.516107 0.000000
v 0.880354 0.516735 0.004224
v 0.877865 0.518453 0.007317
v 0.874471 0.520798 0.008449
v 0.871084 0.523143 0.007317
v 0.868610 0.524866 0.004224
v 0.879697 0.536205 0.000000
v 0.880174 0.535194 -0.004224
v 0.881477 0.532432 -0.007317
v 0.883265 0.528658 -0.008448
v 0.885061 0.524897 -0.007317
v 0.886380 0.522144 -0.004224
v 0.886864 0.521136 0.000000
v 0.886380 0.522144 0.004224
v 0.885061 0.524897 0.007317
v 0.883265 0.528658 0.008449
v 0.881477 0.532432 0.007317
v 0.880174 0.535194 0.004224
v 0.895162 0.539424 0.000000
v 0.895094 0.538300 -0.004224
v 0.894906 0.535230 -0.007317
v 0.894649 0.531036 -0.008448
v 0.894392 0.526842 -0.007317
v 0.894204 0.523772 -0.004224
v 0.894135 0.522648 0.000000
v 0.894204 0.523772 0.004224
v 0.894392 0.526842 0.007317
v 0.894649 0.531036 0.008449
v 0.894906 0.535230 0.007317
v 0.895094 0.538300 0.004224
v 0.944592 0.505528 0.000000
v 0.943489 0.505567 -0.004224
v 0.940473 0.505672 -0.007317
v 0.936355 0.505815 -0.008448
v 0.932237 0.505985 -0.007317
v 0.929222 0.506112 -0.004224
v 0.928119 0.506158 0.000000
v 0.929222 0.506112 0.004224
v 0.932237 0.505985 0.007317
v 0.936355 0.505815 0.008449
v 0.940473 0.505672 0.007317
v 0.943489 0.505567 0.004224
v 0.939888 0.489926 0.000000
v 0.938944 0.490522 -0.004224
v 0.936370 0.492150 -0.007317
v 0.932860 0.494393 -0.008448
v 0.929360 0.496643 -0.007317
v 0.926802 0.498291 -0.004224
v 0.925867 0.498893 0.000000
v 0.926802 0.498291 0.004224
v 0.929360 0.496643 0.007317
v 0.932860 0.494393 0.008449
v 0.936370 0.492150 0.007317
v 0.938944 0.490522 0.004224
v 0.928000 0.478847 0.000000
v 0.927482 0.479845 -0.004224
v 0.926068 0.482571 -0.007317
v 0.924144 0.486294 -0.008449
v 0.922228 0.490017 -0.007317
v 0.920831 0.492749 -0.004224
v 0.920321 0.493750 0.000000
v 0.920831 0.492749 0.004224
v 0.922228 0.490017 0.007317
v 0.924144 0.486294 0.008449
v 0.926068 0.482571 0.007317
v 0.927482 0.479845 0.004224
v 0.912122 0.475355 0.000000
v 0.912179 0.476479 -0.004224
v 0.912334 0.479551 -0.007317
v 0.912546 0.483748 -0.008449
v 0.912758 0.487944 -0.007317
v 0.912912 0.491017 -0.004224
v 0.912969 0.492141 0.000000
v 0.912912 0.491017 0.004224
v 0.912757 0.487944 0.007317
v 0.912546 0.483748 0.008449
v 0.912334 0.479551 0.007317
v 0.912179 0.476479 0.004224
v 0.915298 0.538303 0.000000
v 0.915241 0.537179 -0.004224
v 0.915086 0.534106 -0.007317
v 0.914874 0.529910 -0.008448
v 0.914663 0.525713 -0.007317
v 0.914508 0.522641 -0.004224
v 0.914451 0.521517 0.000000
v 0.914508 0.522641 0.004224
v 0.914663 0.525713 0.007317
v 0.914874 0.529910 0.008449
v 0.915086 0.534106 0.007317
v 0.915241 0.537179 0.004224
v 0.930297 0.533383 0.000000
v 0.929712 0.532432 -0.004224
v 0.928111 0.529833 -0.007317
v 0.925918 0.526283 -0.008448
v 0.923716 0.522734 -0.007317
v 0.922099 0.520142 -0.004224
v 0.921506 0.519195 0.000000
v 0.922099 0.520142 0.004224
v 0.923716 0.522734 0.007317
v 0.925918 0.526283 0.008449
v 0.928111 0.529833 0.007317
v 0.929712 0.532432 0.004224
v 0.941019 0.521419 0.000000
v 0.940051 0.520890 -0.004224
v 0.937404 0.519443 -0.007317
v 0.933780 0.517485 -0.008448
v 0.930149 0.515536 -0.007317
v 0.927485 0.514108 -0.004224
v 0.926509 0.513586 0.000000
v 0.927485 0.514108 0.004224
v 0.930149 0.515536 0.007317
v 0.933780 0.517485 0.008449
v 0.937404 0.519443 0.007317
v 0.940051 0.520890 0.004224
v 0.942469 0.505602 -0.031682
v 0.942615 0.509802 -0.030550
v 0.942722 0.512876 -0.027458
v 0.942761 0.514001 -0.023233
v 0.942722 0.512876 -0.019009
v 0.942615 0.509802 -0.015917
v 0.942469 0.505602 -0.014785
v 0.942323 0.501403 -0.015917
v 0.942216 0.498329 -0.019009
v 0.942177 0.497204 -0.023234
v 0.942216 0.498329 -0.027458
v 0.942323 0.501403 -0.030550
v 0.927026 0.506204 -0.027437
v 0.927758 0.510379 -0.026457
v 0.929391 0.513389 -0.023779
v 0.931488 0.514427 -0.020121
v 0.933492 0.513216 -0.016462
v 0.934874 0.510079 -0.013784
v 0.935261 0.505857 -0.012804
v 0.934545 0.501682 -0.013784
v 0.932912 0.498672 -0.016462
v 0.930799 0.497634 -0.020121
v 0.928778 0.498846 -0.023779
v 0.927397 0.501983 -0.026457
v 0.915724 0.506729 -0.015841
v 0.916884 0.510879 -0.015275
v 0.919634 0.513823 -0.013729
v 0.923236 0.514775 -0.011617
v 0.926737 0.513501 -0.009505
v 0.929208 0.510318 -0.007958
v 0.929986 0.506080 -0.007392
v 0.928853 0.501922 -0.007958
v 0.926103 0.498959 -0.009505
v 0.922472 0.497985 -0.011617
v 0.918944 0.499283 -0.013729
v 0.916474 0.502485 -0.015275
v 0.911588 0.506934 0.000000
v 0.912905 0.511076 0.000000
v 0.916063 0.513999 0.000000
v 0.920217 0.514921 0.000000
v 0.924264 0.513605 0.000000
v 0.927134 0.510405 0.000000
v 0.928055 0.506161 0.000000
v 0.926770 0.502010 0.000000
v 0.923611 0.499064 0.000000
v 0.919425 0.498132 0.000000
v 0.915346 0.499461 0.000000
v 0.912477 0.502683 0.000000
v 0.915724 0.506729 0.015841
v 0.916884 0.510879 0.015275
v 0.919634 0.513823 0.013729
v 0.923236 0.514775 0.011617
v 0.926737 0.513501 0.009505
v 0.929208 0.510318 0.007959
v 0.929986 0.506080 0.007393
v 0.928853 0.501922 0.007959
v 0.926103 0.498959 0.009505
v 0.922472 0.497985 0.011617
v 0.918944 0.499283 0.013729
v 0.916474 0.502485 0.015275
v 0.927026 0.506204 0.027438
v 0.927758 0.510379 0.026457
v 0.929391 0.513389 0.023779
v 0.931488 0.514427 0.020121
v 0.933492 0.513216 0.016463
v 0.934874 0.510079 0.013785
v 0.935261 0.505857 0.012804
v 0.934545 0.501682 0.013785
v 0.932912 0.498672 0.016463
v 0.930799 0.497634 0.020121
v 0.928778 0.498846 0.023779
v 0.927397 0.501983 0.026457
v 0.942469 0.505602 0.031682
v 0.942615 0.509802 0.030550
v 0.942722 0.512876 0.027458
v 0.942761 0.514001 0.023234
v 0.942722 0.512876 0.019009
v 0.942615 0.509802 0.015917
v 0.942469 0.505602 0.014785
v 0.942323 0.501403 0.015917
v 0.942216 0.498329 0.019009
v 0.942177 0.497204 0.023234
v 0.942216 0.498329 0.027458
v 0.942323 0.501403 0.030550
v 0.993871 0.504559 0.000000
v 0.992792 0.508765 0.000000
v 0.989807 0.511853 0.000000
v 0.985715 0.513026 0.000000
v 0.981600 0.511949 0.000000
v 0.978552 0.508909 0.000000
v 0.977387 0.504721 0.000000
v 0.978431 0.500506 0.000000
v 0.981416 0.497395 0.000000
v 0.985543 0.496220 0.000000
v 0.989693 0.497298 0.000000
v 0.992741 0.500361 0.000000
v 0.989730 0.504575 -0.015841
v 0.988809 0.508787 -0.015275
v 0.986233 0.511894 -0.013729
v 0.982693 0.513062 -0.011617
v 0.979126 0.511978 -0.009505
v 0.976476 0.508934 -0.007958
v 0.975455 0.504749 -0.007392
v 0.976345 0.500531 -0.007958
v 0.978921 0.497424 -0.009505
v 0.982491 0.496256 -0.011617
v 0.986089 0.497339 -0.013729
v 0.988739 0.500384 -0.015275
v 0.978417 0.504708 -0.027437
v 0.977927 0.508916 -0.026457
v 0.976471 0.512010 -0.023779
v 0.974438 0.513174 -0.020121
v 0.972367 0.512089 -0.016462
v 0.970807 0.509043 -0.013784
v 0.970176 0.504853 -0.012804
v 0.970649 0.500641 -0.013784
v 0.972105 0.497536 -0.016462
v 0.974155 0.496369 -0.020121
v 0.976243 0.497456 -0.023779
v 0.977803 0.500514 -0.026457
v 0.962965 0.504994 -0.031682
v 0.963063 0.509195 -0.030550
v 0.963135 0.512270 -0.027458
v 0.963161 0.513396 -0.023233
v 0.963135 0.512270 -0.019009
v 0.963063 0.509195 -0.015917
v 0.962965 0.504994 -0.014785
v 0.962867 0.500793 -0.015917
v 0.962796 0.497718 -0.019009
v 0.962769 0.496593 -0.023233
v 0.962796 0.497718 -0.027458
v 0.962867 0.500793 -0.030550
v 0.962965 0.504994 0.031682
v 0.963063 0.509195 0.030550
v 0.963135 0.512270 0.027458
v 0.963161 0.513396 0.023234
v 0.963135 0.512270 0.019009
v 0.963063 0.509195 0.015917
v 0.962965 0.504994 0.014785
v 0.962867 0.500793 0.015917
v 0.962796 0.497718 0.019009
v 0.962769 0.496593 0.023234
v 0.962796 0.497718 0.027458
v 0.962867 0.500793 0.030550
v 0.978417 0.504708 0.027438
v 0.977927 0.508916 0.026457
v 0.976471 0.512010 0.023779
v 0.974438 0.513174 0.020121
v 0.972367 0.512089 0.016463
v 0.970807 0.509043 0.013785
v 0.970176 0.504853 0.012804
v 0.970649 0.500641 0.013785
v 0.972105 0.497536 0.016463
v 0.974155 0.496369 0.020121
v 0.976243 0.497456 0.023779
v 0.977803 0.500514 0.026457
v 0.989730 0.504575 0.015841
v 0.988809 0.508787 0.015275
v 0.986233 0.511894 0.013729
v 0.982693 0.513062 0.011617
v 0.979126 0.511978 0.009505
v 0.976476 0.508934 0.007959
v 0.975455 0.504749 0.007393
v 0.976345 0.500531 0.007959
v 0.978921 0.497424 0.009505
v 0.982491 0.496256 0.011617
v 0.986089 0.497339 0.013729
v 0.988739 0.500384 0.015275
v 0.991957 0.536081 0.000000
v 0.991949 0.534955 0.004224
v 0.991929 0.531879 0.007317
v 0.991901 0.527677 0.008449
v 0.991873 0.523475 0.007317
v 0.991852 0.520399 0.004224
v 0.991845 0.519273 0.000000
v 0.991852 0.520399 -0.004224
v 0.991873 0.523475 -0.007317
v 0.991901 0.527677 -0.008448
v 0.991929 0.531879 -0.007317
v 0.991949 0.534955 -0.004224
v 0.976721 0.532022 0.000000
v 0.977249 0.531041 0.004224
v 0.978696 0.528360 0.007317
v 0.980680 0.524697 0.008449
v 0.982672 0.521034 0.007317
v 0.984136 0.518353 0.004224
v 0.984673 0.517371 0.000000
v 0.984136 0.518353 -0.004224
v 0.982672 0.521034 -0.007317
v 0.980680 0.524697 -0.008448
v 0.978696 0.528360 -0.007317
v 0.977249 0.531041 -0.004224
v 0.965330 0.520708 0.000000
v 0.966266 0.520126 0.004224
v 0.968824 0.518538 0.007317
v 0.972327 0.516368 0.008449
v 0.975838 0.514198 0.007317
v 0.978414 0.512625 0.004224
v 0.979358 0.512051 0.000000
v 0.978414 0.512625 -0.004224
v 0.975838 0.514198 -0.007317
v 0.972327 0.516368 -0.008448
v 0.968824 0.518538 -0.007317
v 0.966266 0.520126 -0.004224
v 0.960841 0.505050 0.000000
v 0.961945 0.505020 0.004224
v 0.964962 0.504955 0.007317
v 0.969082 0.504874 0.008449
v 0.973203 0.504793 0.007317
v 0.976219 0.504735 0.004224
v 0.977323 0.504721 0.000000
v 0.976219 0.504735 -0.004224
v 0.973203 0.504793 -0.007317
v 0.969082 0.504874 -0.008448
v 0.964962 0.504955 -0.007317
v 0.961945 0.505020 -0.004224
v 0.964632 0.489201 0.000000
v 0.965609 0.489745 0.004224
v 0.968275 0.491231 0.007317
v 0.971910 0.493261 0.008449
v 0.975535 0.495291 0.007317
v 0.978185 0.496794 0.004224
v 0.979153 0.497346 0.000000
v 0.978185 0.496794 -0.004224
v 0.975535 0.495291 -0.007317
v 0.971910 0.493261 -0.008448
v 0.968275 0.491231 -0.007317
v 0.965609 0.489745 -0.004224
v 0.975865 0.477445 0.000000
v 0.976441 0.478413 0.004224
v 0.978011 0.481059 0.007317
v 0.980148 0.484672 0.008449
v 0.982277 0.488286 0.007317
v 0.983829 0.490932 0.004224
v 0.984396 0.491900 0.000000
v 0.983829 0.490932 -0.004224
v 0.982277 0.488286 -0.007317
v 0.980148 0.484672 -0.008449
v 0.978011 0.481059 -0.007317
v 0.976441 0.478413 -0.004224
v 0.991537 0.473054 0.000000
v 0.991544 0.474180 0.004224
v 0.991565 0.477256 0.007317
v 0.991593 0.481457 0.008449
v 0.991621 0.485659 0.007317
v 0.991641 0.488735 0.004224
v 0.991649 0.489861 0.000000
v 0.991641 0.488735 -0.004224
v 0.991621 0.485659 -0.007317
v 0.991593 0.481457 -0.008449
v 0.991565 0.477256 -0.007317
v 0.991544 0.474180 -0.004224
v 1.002019 0.536077 0.000000
v 1.002018 0.534951 -0.004224
v 1.002016 0.531875 -0.007317
v 1.002013 0.527673 -0.008448
v 1.002011 0.523471 -0.007317
v 1.002009 0.520395 -0.004224
v 1.002008 0.519269 0.000000
v 1.002009 0.520395 0.004224
v 1.002011 0.523471 0.007317
v 1.002013 0.527673 0.008449
v 1.002016 0.531875 0.007317
v 1.002018 0.534951 0.004224
v 1.001981 0.474175 0.004224
v 1.001983 0.477251 0.007317
v 1.001985 0.481453 0.008449
v 1.001988 0.485655 0.007317
v 1.001990 0.488731 0.004224
v 1.001990 0.489857 0.000000
v 1.001990 0.488731 -0.004224
v 1.001988 0.485655 -0.007317
v 1.001985 0.481453 -0.008449
v 1.001983 0.477251 -0.007317
v 1.001981 0.474175 -0.004224
v 1.001980 0.473050 0.000000
v -0.960911 0.504953 0.000000
v -0.962015 0.504931 0.004224
v -0.965031 0.504872 0.007316
v -0.969151 0.504791 0.008448
v -0.973271 0.504710 0.007316
v -0.976288 0.504668 0.004224
v -0.977392 0.504655 0.000000
v -0.976288 0.504668 -0.004224
v -0.973271 0.504710 -0.007316
v -0.969151 0.504791 -0.008448
v -0.965031 0.504872 -0.007316
v -0.962015 0.504931 -0.004224
v -0.965381 0.520624 0.000000
v -0.966317 0.520043 0.004224
v -0.968877 0.518454 0.007316
v -0.972382 0.516284 0.008448
v -0.975896 0.514126 0.007316
v -0.978473 0.512558 0.004224
v -0.979418 0.511984 0.000000
v -0.978473 0.512558 -0.004224
v -0.975896 0.514126 -0.007316
v -0.972382 0.516284 -0.008448
v -0.968877 0.518454 -0.007316
v -0.966317 0.520043 -0.004224
v -0.976756 0.531954 0.000000
v -0.977286 0.530972 0.004224
v -0.978736 0.528291 0.007316
v -0.980724 0.524629 0.008448
v -0.982721 0.520966 0.007316
v -0.984188 0.518285 0.004224
v -0.984726 0.517304 0.000000
v -0.984188 0.518285 -0.004224
v -0.982721 0.520966 -0.007316
v -0.980724 0.524629 -0.008448
v -0.978736 0.528291 -0.007316
v -0.977286 0.530973 -0.004224
v -0.991986 0.536028 0.000000
v -0.991980 0.534902 0.004224
v -0.991963 0.531826 0.007316
v -0.991940 0.527625 0.008448
v -0.991917 0.523423 0.007316
v -0.991901 0.520348 0.004224
v -0.991894 0.519222 0.000000
v -0.991901 0.520348 -0.004224
v -0.991917 0.523423 -0.007316
v -0.991940 0.527625 -0.008448
v -0.991963 0.531826 -0.007316
v -0.991980 0.534902 -0.004224
v -0.991643 0.473005 0.000000
v -0.991649 0.474131 0.004224
v -0.991666 0.477207 0.007316
v -0.991689 0.481408 0.008448
v -0.991712 0.485610 0.007316
v -0.991728 0.488686 0.004224
v -0.991735 0.489811 0.000000
v -0.991728 0.488686 -0.004224
v -0.991712 0.485610 -0.007316
v -0.991689 0.481408 -0.008448
v -0.991666 0.477207 -0.007316
v -0.991649 0.474131 -0.004224
v -0.975967 0.477380 0.000000
v -0.976541 0.478348 0.004224
v -0.978108 0.480993 0.007316
v -0.980241 0.484607 0.008448
v -0.982365 0.488220 0.007316
v -0.983914 0.490866 0.004224
v -0.984480 0.491834 0.000000
v -0.983914 0.490866 -0.004224
v -0.982365 0.488220 -0.007316
v -0.980241 0.484607 -0.008448
v -0.978108 0.480993 -0.007316
v -0.976541 0.478348 -0.004224
v -0.964720 0.489119 0.000000
v -0.965697 0.489663 0.004224
v -0.968361 0.491149 0.007316
v -0.971992 0.493179 0.008448
v -0.975615 0.495221 0.007316
v -0.978263 0.496728 0.004224
v -0.979230 0.497279 0.000000
v -0.978263 0.496728 -0.004224
v -0.975615 0.495221 -0.007316
v -0.971992 0.493179 -0.008448
v -0.968361 0.491149 -0.007316
v -0.965697 0.489663 -0.004224
v -0.963035 0.504911 0.031680
v -0.962942 0.500711 0.030548
v -0.962874 0.497636 0.027456
v -0.962849 0.496510 0.023232
v -0.962874 0.497636 0.019008
v -0.962942 0.500711 0.015916
v -0.963035 0.504911 0.014784
v -0.963128 0.509112 0.015916
v -0.963196 0.512187 0.019008
v -0.963221 0.513312 0.023232
v -0.963196 0.512187 0.027456
v -0.963128 0.509112 0.030548
v -0.978486 0.504641 0.027436
v -0.977877 0.500447 0.026455
v -0.976321 0.497389 0.023777
v -0.974234 0.496288 0.020119
v -0.972183 0.497453 0.016461
v -0.970723 0.500558 0.013783
v -0.970245 0.504770 0.012803
v -0.970871 0.508960 0.013783
v -0.972427 0.512006 0.016461
v -0.974496 0.513093 0.020119
v -0.976530 0.511943 0.023777
v -0.977991 0.508849 0.026455
v -0.989798 0.504525 0.015840
v -0.988812 0.500327 0.015274
v -0.986166 0.497273 0.013728
v -0.982570 0.496189 0.011616
v -0.978999 0.497358 0.009504
v -0.976419 0.500464 0.007958
v -0.975524 0.504677 0.007392
v -0.976540 0.508866 0.007958
v -0.979186 0.511911 0.009504
v -0.982751 0.512995 0.011616
v -0.986293 0.511827 0.013728
v -0.988872 0.508730 0.015274
v -0.993939 0.504508 0.000000
v -0.992814 0.500311 0.000000
v -0.989770 0.497247 0.000000
v -0.985621 0.496153 0.000000
v -0.981493 0.497328 0.000000
v -0.978504 0.500439 0.000000
v -0.977456 0.504654 0.000000
v -0.978615 0.508842 0.000000
v -0.981660 0.511882 0.000000
v -0.985773 0.512959 0.000000
v -0.989866 0.511802 0.000000
v -0.992855 0.508714 0.000000
v -0.989798 0.504525 -0.015840
v -0.988812 0.500327 -0.015274
v -0.986166 0.497273 -0.013728
v -0.982570 0.496189 -0.011616
v -0.978999 0.497358 -0.009504
v -0.976419 0.500464 -0.007958
v -0.975524 0.504677 -0.007392
v -0.976540 0.508866 -0.007958
v -0.979186 0.511911 -0.009504
v -0.982751 0.512995 -0.011616
v -0.986293 0.511827 -0.013728
v -0.988872 0.508730 -0.015274
v -0.978486 0.504642 -0.027435
v -0.977877 0.500447 -0.026455
v -0.976321 0.497389 -0.023777
v -0.974234 0.496288 -0.020119
v -0.972183 0.497453 -0.016461
v -0.970723 0.500558 -0.013783
v -0.970245 0.504770 -0.012803
v -0.970871 0.508960 -0.013783
v -0.972427 0.512006 -0.016461
v -0.974496 0.513093 -0.020119
v -0.976530 0.511943 -0.023777
v -0.977991 0.508849 -0.026455
v -0.963035 0.504911 -0.031680
v -0.962942 0.500711 -0.030548
v -0.962874 0.497636 -0.027456
v -0.962849 0.496510 -0.023232
v -0.962874 0.497636 -0.019008
v -0.962942 0.500711 -0.015916
v -0.963035 0.504911 -0.014784
v -0.963128 0.509112 -0.015916
v -0.963196 0.512187 -0.019008
v -0.963221 0.513312 -0.023232
v -0.963196 0.512187 -0.027456
v -0.963128 0.509112 -0.030548
v -0.911660 0.506789 0.000000
v -0.912553 0.502538 0.000000
v -0.915425 0.499317 0.000000
v -0.919505 0.497988 0.000000
v -0.923690 0.498935 0.000000
v -0.926846 0.501880 0.000000
v -0.928126 0.506031 0.000000
v -0.927200 0.510276 0.000000
v -0.924327 0.513475 0.000000
v -0.920278 0.514776 0.000000
v -0.916126 0.513855 0.000000
v -0.912972 0.510931 0.000000
v -0.915795 0.506585 0.015840
v -0.916550 0.502341 0.015274
v -0.919023 0.499139 0.013728
v -0.922553 0.497856 0.011616
v -0.926182 0.498830 0.009504
v -0.928929 0.501792 0.007958
v -0.930057 0.505950 0.007392
v -0.929274 0.510188 0.007958
v -0.926800 0.513371 0.009504
v -0.923298 0.514646 0.011616
v -0.919697 0.513678 0.013728
v -0.916951 0.510734 0.015274
v -0.927097 0.506075 0.027436
v -0.927473 0.501854 0.026455
v -0.928857 0.498717 0.023777
v -0.930879 0.497505 0.020119
v -0.932991 0.498542 0.016461
v -0.934621 0.501559 0.013783
v -0.935332 0.505739 0.012803
v -0.934940 0.509956 0.013783
v -0.933555 0.513086 0.016461
v -0.931549 0.514298 0.020119
v -0.929454 0.513259 0.023777
v -0.927824 0.510249 0.026455
v -0.942539 0.505488 0.031680
v -0.942398 0.501289 0.030548
v -0.942295 0.498215 0.027456
v -0.942257 0.497090 0.023232
v -0.942295 0.498215 0.019008
v -0.942398 0.501289 0.015916
v -0.942539 0.505488 0.014784
v -0.942681 0.509687 0.015916
v -0.942784 0.512761 0.019008
v -0.942822 0.513886 0.023232
v -0.942784 0.512761 0.027456
v -0.942681 0.509687 0.030548
v -0.942539 0.505488 -0.031680
v -0.942398 0.501289 -0.030548
v -0.942295 0.498215 -0.027456
v -0.942257 0.497090 -0.023232
v -0.942295 0.498215 -0.019008
v -0.942398 0.501289 -0.015916
v -0.942539 0.505488 -0.014784
v -0.942681 0.509687 -0.015916
v -0.942784 0.512761 -0.019008
v -0.942822 0.513886 -0.023232
v -0.942784 0.512761 -0.027456
v -0.942681 0.509687 -0.030548
v -0.927097 0.506075 -0.027435
v -0.927473 0.501854 -0.026455
v -0.928857 0.498717 -0.023777
v -0.930879 0.497505 -0.020119
v -0.932991 0.498542 -0.016461
v -0.934621 0.501559 -0.013783
v -0.935332 0.505739 -0.012803
v -0.934940 0.509956 -0.013783
v -0.933555 0.513086 -0.016461
v -0.931549 0.514298 -0.020119
v -0.929454 0.513259 -0.023777
v -0.927824 0.510249 -0.026455
v -0.915795 0.506585 -0.015840
v -0.916550 0.502341 -0.015274
v -0.919023 0.499139 -0.013728
v -0.922553 0.497856 -0.011616
v -0.926182 0.498830 -0.009504
v -0.928929 0.501792 -0.007958
v -0.930057 0.505950 -0.007392
v -0.929274 0.510188 -0.007958
v -0.926800 0.513371 -0.009504
v -0.923298 0.514646 -0.011616
v -0.919697 0.513678 -0.013728
v -0.916951 0.510734 -0.015274
v -0.912228 0.475211 0.000000
v -0.912284 0.476335 -0.004224
v -0.912436 0.479407 -0.007316
v -0.912643 0.483604 -0.008448
v -0.912850 0.487800 -0.007316
v -0.913001 0.490872 -0.004224
v -0.913057 0.491997 0.000000
v -0.913001 0.490872 0.004224
v -0.912850 0.487800 0.007316
v -0.912643 0.483604 0.008448
v -0.912436 0.479407 0.007316
v -0.912284 0.476335 0.004224
v -0.928102 0.478718 0.000000
v -0.927582 0.479716 -0.004224
v -0.926166 0.482442 -0.007316
v -0.924237 0.486165 -0.008448
v -0.922318 0.489888 -0.007316
v -0.920917 0.492613 -0.004224
v -0.920406 0.493610 0.000000
v -0.920917 0.492613 0.004224
v -0.922318 0.489888 0.007316
v -0.924237 0.486165 0.008448
v -0.926166 0.482442 0.007316
v -0.927582 0.479716 0.004224
v -0.939977 0.489812 0.000000
v -0.939032 0.490408 -0.004224
v -0.936456 0.492036 -0.007316
v -0.932944 0.494264 -0.008448
v -0.929441 0.496514 -0.007316
v -0.926882 0.498161 -0.004224
v -0.925946 0.498764 0.000000
v -0.926882 0.498161 0.004224
v -0.929441 0.496514 0.007316
v -0.932944 0.494264 0.008448
v -0.936456 0.492036 0.007316
v -0.939032 0.490408 0.004224
v -0.944662 0.505414 0.000000
v -0.943559 0.505452 -0.004224
v -0.940544 0.505557 -0.007316
v -0.936425 0.505701 -0.008448
v -0.932307 0.505855 -0.007316
v -0.929293 0.505982 -0.004224
v -0.928190 0.506029 0.000000
v -0.929293 0.505982 0.004224
v -0.932307 0.505855 0.007316
v -0.936425 0.505701 0.008448
v -0.940544 0.505557 0.007316
v -0.943559 0.505452 0.004224
v -0.941071 0.521304 0.000000
v -0.940104 0.520775 -0.004224
v -0.937459 0.519328 -0.007316
v -0.933838 0.517355 -0.008448
v -0.930209 0.515405 -0.007316
v -0.927547 0.513978 -0.004224
v -0.926572 0.513456 0.000000
v -0.927547 0.513978 0.004224
v -0.930209 0.515405 0.007316
v -0.933838 0.517355 0.008448
v -0.937459 0.519328 0.007316
v -0.940104 0.520775 0.004224
v -0.930337 0.533252 0.000000
v -0.929753 0.532301 -0.004224
v -0.928155 0.529702 -0.007316
v -0.925966 0.526153 -0.008448
v -0.923769 0.522604 -0.007316
v -0.922155 0.520006 -0.004224
v -0.921563 0.519055 0.000000
v -0.922155 0.520006 0.004224
v -0.923769 0.522604 0.007316
v -0.925966 0.526153 0.008448
v -0.928155 0.529702 0.007316
v -0.929753 0.532301 0.004224
v -0.915334 0.538158 0.000000
v -0.915278 0.537033 -0.004224
v -0.915127 0.533961 -0.007316
v -0.914920 0.529765 -0.008448
v -0.914713 0.525568 -0.007316
v -0.914561 0.522496 -0.004224
v -0.914506 0.521372 0.000000
v -0.914561 0.522496 0.004224
v -0.914713 0.525568 0.007316
v -0.914920 0.529765 0.008448
v -0.915127 0.533961 0.007316
v -0.915278 0.537033 0.004224
v -0.862472 0.509905 0.000000
v -0.863573 0.509820 -0.004224
v -0.866581 0.509587 -0.007316
v -0.870692 0.509297 -0.008448
v -0.874802 0.509008 -0.007316
v -0.877812 0.508796 -0.004224
v -0.878913 0.508718 0.000000
v -0.877812 0.508796 0.004224
v -0.874802 0.509008 0.007316
v -0.870692 0.509297 0.008448
v -0.866581 0.509587 0.007316
v -0.863573 0.509819 0.004224
v -0.865440 0.493873 0.000000
v -0.866443 0.494366 -0.004224
v -0.869179 0.495715 -0.007316
v -0.872911 0.497558 -0.008448
v -0.876636 0.499402 -0.007316
v -0.879357 0.500751 -0.004224
v -0.880353 0.501251 0.000000
v -0.879357 0.500751 0.004224
v -0.876636 0.499402 0.007316
v -0.872911 0.497558 0.008448
v -0.869179 0.495715 0.007316
v -0.866443 0.494366 0.004224
v -0.876031 0.481564 0.000000
v -0.876655 0.482497 -0.004224
v -0.878358 0.485047 -0.007316
v -0.880679 0.488545 -0.008448
v -0.882993 0.492044 -0.007316
v -0.884681 0.494605 -0.004224
v -0.885298 0.495543 0.000000
v -0.884681 0.494605 0.004224
v -0.882993 0.492044 0.007316
v -0.880679 0.488545 0.008448
v -0.878358 0.485047 0.007316
v -0.876655 0.482497 0.004224
v -0.891415 0.476340 0.000000
v -0.891482 0.477464 -0.004224
v -0.891667 0.480534 -0.007316
v -0.891919 0.484728 -0.008448
v -0.892172 0.488922 -0.007316
v -0.892357 0.491992 -0.004224
v -0.892424 0.493116 0.000000
v -0.892357 0.491992 0.004224
v -0.892172 0.488922 0.007316
v -0.891919 0.484728 0.008448
v -0.891667 0.480534 0.007316
v -0.891482 0.477464 0.004224
v -0.895200 0.539250 0.000000
v -0.895133 0.538126 -0.004224
v -0.894948 0.535056 -0.007316
v -0.894696 0.530862 -0.008448
v -0.894443 0.526668 -0.007316
v -0.894258 0.523598 -0.004224
v -0.894191 0.522474 0.000000
v -0.894258 0.523598 0.004224
v -0.894443 0.526668 0.007316
v -0.894696 0.530862 0.008448
v -0.894948 0.535056 0.007316
v -0.895133 0.538126 0.004224
v -0.879740 0.536017 0.000000
v -0.880218 0.535006 -0.004224
v -0.881524 0.532244 -0.007316
v -0.883316 0.528483 -0.008448
v -0.885115 0.524723 -0.007316
v -0.886437 0.521970 -0.004224
v -0.886922 0.520962 0.000000
v -0.886437 0.521970 0.004224
v -0.885115 0.524723 0.007316
v -0.883316 0.528483 0.008448
v -0.881524 0.532244 0.007316
v -0.880218 0.535006 0.004224
v -0.867761 0.525299 0.000000
v -0.868666 0.524670 -0.004224
v -0.871142 0.522954 -0.007316
v -0.874530 0.520610 -0.008448
v -0.877926 0.518264 -0.007316
v -0.880417 0.516547 -0.004224
v -0.881330 0.515924 0.000000
v -0.880417 0.516547 0.004224
v -0.877926 0.518264 0.007316
v -0.874530 0.520610 0.008448
v -0.871142 0.522954 0.007316
v -0.868666 0.524670 0.004224
v -0.864590 0.509741 -0.031680
v -0.864903 0.513931 -0.030548
v -0.865133 0.516998 -0.027456
v -0.865217 0.518121 -0.023232
v -0.865133 0.516998 -0.019008
v -0.864903 0.513931 -0.015916
v -0.864590 0.509741 -0.014784
v -0.864276 0.505551 -0.015916
v -0.864047 0.502484 -0.019008
v -0.863963 0.501361 -0.023232
v -0.864047 0.502484 -0.027456
v -0.864276 0.505551 -0.030548
v -0.880005 0.508641 -0.027435
v -0.879736 0.512872 -0.026455
v -0.878444 0.516046 -0.023777
v -0.876473 0.517314 -0.020119
v -0.874348 0.516335 -0.016461
v -0.872631 0.513373 -0.013783
v -0.871783 0.509220 -0.012803
v -0.872037 0.504991 -0.013783
v -0.873329 0.501816 -0.016461
v -0.875314 0.500548 -0.020119
v -0.877455 0.501525 -0.023777
v -0.879172 0.504488 -0.026455
v -0.891295 0.507923 -0.015840
v -0.890599 0.512177 -0.015274
v -0.888191 0.515412 -0.013728
v -0.884716 0.516761 -0.011616
v -0.881094 0.515863 -0.009504
v -0.878289 0.512974 -0.007958
v -0.877049 0.508849 -0.007392
v -0.877718 0.504590 -0.007958
v -0.880125 0.501341 -0.009504
v -0.883627 0.499990 -0.011616
v -0.887275 0.500886 -0.013728
v -0.890082 0.503790 -0.015274
v -0.895428 0.507674 0.000000
v -0.894576 0.511930 0.000000
v -0.891759 0.515185 0.000000
v -0.887733 0.516569 0.000000
v -0.883565 0.515706 0.000000
v -0.880360 0.512828 0.000000
v -0.878977 0.508713 0.000000
v -0.879798 0.504444 0.000000
v -0.882614 0.501183 0.000000
v -0.886671 0.499797 0.000000
v -0.890870 0.500658 0.000000
v -0.894076 0.503542 0.000000
v -0.891295 0.507923 0.015840
v -0.890599 0.512177 0.015274
v -0.888191 0.515412 0.013728
v -0.884716 0.516761 0.011616
v -0.881094 0.515863 0.009504
v -0.878289 0.512974 0.007958
v -0.877049 0.508849 0.007392
v -0.877718 0.504590 0.007958
v -0.880125 0.501341 0.009504
v -0.883627 0.499990 0.011616
v -0.887275 0.500886 0.013728
v -0.890082 0.503790 0.015274
v -0.880005 0.508641 0.027436
v -0.879736 0.512872 0.026455
v -0.878444 0.516046 0.023777
v -0.876473 0.517314 0.020119
v -0.874348 0.516335 0.016461
v -0.872631 0.513373 0.013783
v -0.871783 0.509220 0.012803
v -0.872037 0.504991 0.013783
v -0.873329 0.501816 0.016461
v -0.875314 0.500548 0.020119
v -0.877455 0.501525 0.023777
v -0.879172 0.504488 0.026455
v -0.864590 0.509741 0.031680
v -0.864903 0.513931 0.030548
v -0.865133 0.516998 0.027456
v -0.865217 0.518121 0.023232
v -0.865133 0.516998 0.019008
v -0.864903 0.513931 0.015916
v -0.864590 0.509741 0.014784
v -0.864276 0.505551 0.015916
v -0.864047 0.502484 0.019008
v -0.863963 0.501361 0.023232
v -0.864047 0.502484 0.027456
v -0.864276 0.505551 0.030548
v -0.813373 0.514214 0.000000
v -0.814887 0.518289 0.000000
v -0.818183 0.521060 0.000000
v -0.822379 0.521785 0.000000
v -0.826359 0.520269 0.000000
v -0.829070 0.516932 0.000000
v -0.829783 0.512649 0.000000
v -0.828297 0.508564 0.000000
v -0.824999 0.505778 0.000000
v -0.820776 0.505056 0.000000
v -0.816768 0.506574 0.000000
v -0.814058 0.509927 0.000000
v -0.817495 0.513815 -0.015840
v -0.818854 0.517905 -0.015274
v -0.821743 0.520716 -0.013728
v -0.825389 0.521494 -0.011616
v -0.828825 0.520042 -0.009504
v -0.831138 0.516745 -0.007958
v -0.831708 0.512475 -0.007392
v -0.830373 0.508377 -0.007958
v -0.827482 0.505550 -0.009504
v -0.823811 0.504762 -0.011616
v -0.820352 0.506228 -0.013728
v -0.818040 0.509542 -0.015274
v -0.828757 0.512742 -0.027435
v -0.829693 0.516876 -0.026455
v -0.831472 0.519803 -0.023777
v -0.833618 0.520740 -0.020119
v -0.835562 0.519434 -0.016461
v -0.836788 0.516235 -0.013783
v -0.836966 0.512000 -0.012803
v -0.836045 0.507864 -0.013783
v -0.834266 0.504937 -0.016461
v -0.832105 0.504002 -0.020119
v -0.830147 0.505309 -0.023777
v -0.828922 0.508508 -0.026455
v -0.844151 0.511379 -0.031680
v -0.844507 0.515566 -0.030548
v -0.844767 0.518630 -0.027456
v -0.844863 0.519752 -0.023232
v -0.844767 0.518630 -0.019008
v -0.844507 0.515566 -0.015916
v -0.844151 0.511379 -0.014784
v -0.843796 0.507193 -0.015916
v -0.843535 0.504128 -0.019008
v -0.843440 0.503006 -0.023232
v -0.843535 0.504128 -0.027456
v -0.843796 0.507193 -0.030548
v -0.844151 0.511379 0.031680
v -0.844507 0.515566 0.030548
v -0.844767 0.518630 0.027456
v -0.844863 0.519752 0.023232
v -0.844767 0.518630 0.019008
v -0.844507 0.515566 0.015916
v -0.844151 0.511379 0.014784
v -0.843796 0.507193 0.015916
v -0.843535 0.504128 0.019008
v -0.843440 0.503006 0.023232
v -0.843535 0.504128 0.027456
v -0.843796 0.507193 0.030548
v -0.828757 0.512742 0.027436
v -0.829693 0.516876 0.026455
v -0.831472 0.519803 0.023777
v -0.833618 0.520740 0.020119
v -0.835562 0.519434 0.016461
v -0.836788 0.516235 0.013783
v -0.836966 0.512000 0.012803
v -0.836045 0.507864 0.013783
v -0.834266 0.504937 0.016461
v -0.832105 0.504002 0.020119
v -0.830147 0.505309 0.023777
v -0.828922 0.508508 0.026455
v -0.817495 0.513815 0.015840
v -0.818854 0.517905 0.015274
v -0.821743 0.520716 0.013728
v -0.825389 0.521494 0.011616
v -0.828825 0.520042 0.009504
v -0.831138 0.516745 0.007958
v -0.831708 0.512475 0.007392
v -0.830373 0.508377 0.007958
v -0.827482 0.505550 0.009504
v -0.823811 0.504762 0.011616
v -0.820352 0.506228 0.013728
v -0.818040 0.509541 0.015274
v -0.818581 0.545369 0.000000
v -0.818471 0.544249 0.004224
v -0.818169 0.541188 0.007316
v -0.817756 0.537006 0.008448
v -0.817344 0.532825 0.007316
v -0.817042 0.529764 0.004224
v -0.816932 0.528644 0.000000
v -0.817042 0.529764 -0.004224
v -0.817344 0.532825 -0.007316
v -0.817756 0.537006 -0.008448
v -0.818169 0.541188 -0.007316
v -0.818471 0.544249 -0.004224
v -0.833356 0.539727 0.000000
v -0.832724 0.538805 0.004224
v -0.830996 0.536287 0.007316
v -0.828628 0.532847 0.008448
v -0.826255 0.529418 0.007316
v -0.824513 0.526911 0.004224
v -0.823874 0.525993 0.000000
v -0.824513 0.526911 -0.004224
v -0.826255 0.529418 -0.007316
v -0.828628 0.532847 -0.008448
v -0.830996 0.536287 -0.007316
v -0.832724 0.538805 -0.004224
v -0.843491 0.527246 0.000000
v -0.842497 0.526764 0.004224
v -0.839778 0.525456 0.007316
v -0.836060 0.523683 0.008448
v -0.832334 0.521910 0.007316
v -0.829602 0.520613 0.004224
v -0.828602 0.520138 0.000000
v -0.829602 0.520613 -0.004224
v -0.832334 0.521910 -0.007316
v -0.836060 0.523683 -0.008448
v -0.839778 0.525456 -0.007316
v -0.842497 0.526764 -0.004224
v -0.846268 0.511202 0.000000
v -0.845168 0.511294 0.004224
v -0.842162 0.511546 0.007316
v -0.838056 0.511901 0.008448
v -0.833951 0.512272 0.007316
v -0.830947 0.512544 0.004224
v -0.829847 0.512643 0.000000
v -0.830947 0.512544 -0.004224
v -0.833951 0.512272 -0.007316
v -0.838056 0.511901 -0.008448
v -0.842162 0.511546 -0.007316
v -0.845168 0.511294 -0.004224
v -0.840793 0.495850 0.000000
v -0.839881 0.496491 0.004224
v -0.837394 0.498250 0.007316
v -0.834003 0.500666 0.008448
v -0.830619 0.503081 0.007316
v -0.828147 0.504849 0.004224
v -0.827243 0.505496 0.000000
v -0.828147 0.504849 -0.004224
v -0.830619 0.503081 -0.007316
v -0.834003 0.500666 -0.008448
v -0.837394 0.498250 -0.007316
v -0.839881 0.496491 -0.004224
v -0.828390 0.485374 0.000000
v -0.827922 0.486395 0.004224
v -0.826646 0.489185 0.007316
v -0.824909 0.492995 0.008448
v -0.823180 0.496815 0.007316
v -0.821919 0.499613 0.004224
v -0.821459 0.500637 0.000000
v -0.821919 0.499613 -0.004224
v -0.823180 0.496815 -0.007316
v -0.824909 0.492995 -0.008448
v -0.826646 0.489185 -0.007316
v -0.827922 0.486395 -0.004224
v -0.812395 0.482650 0.000000
v -0.812505 0.483771 0.004224
v -0.812807 0.486831 0.007316
v -0.813219 0.491013 0.008448
v -0.813632 0.495194 0.007316
v -0.813934 0.498255 0.004224
v -0.814044 0.499375 0.000000
v -0.813934 0.498255 -0.004224
v -0.813632 0.495194 -0.007316
v -0.813219 0.491013 -0.008448
v -0.812807 0.486831 -0.007316
v -0.812505 0.483771 -0.004224
v -0.764386 0.519650 0.000000
v -0.765482 0.519517 0.004224
v -0.768477 0.519155 0.007316
v -0.772569 0.518660 0.008448
v -0.776663 0.518188 0.007316
v -0.779660 0.517843 0.004224
v -0.780757 0.517717 0.000000
v -0.779660 0.517843 -0.004224
v -0.776663 0.518188 -0.007316
v -0.772569 0.518660 -0.008448
v -0.768477 0.519155 -0.007316
v -0.765482 0.519517 -0.004224
v -0.770372 0.534796 0.000000
v -0.771248 0.534123 0.004224
v -0.773644 0.532284 0.007316
v -0.776925 0.529788 0.008448
v -0.780213 0.527295 0.007316
v -0.782623 0.525470 0.004224
v -0.783507 0.524801 0.000000
v -0.782623 0.525470 -0.004224
v -0.780213 0.527295 -0.007316
v -0.776925 0.529788 -0.008448
v -0.773644 0.532284 -0.007316
v -0.771248 0.534123 -0.004224
v -0.782849 0.544946 0.000000
v -0.783280 0.543915 0.004224
v -0.784459 0.541098 0.007316
v -0.786077 0.537249 0.008448
v -0.787700 0.533399 0.007316
v -0.788894 0.530589 0.004224
v -0.789331 0.529560 0.000000
v -0.788894 0.530589 -0.004224
v -0.787700 0.533399 -0.007316
v -0.786077 0.537249 -0.008448
v -0.784459 0.541098 -0.007316
v -0.783280 0.543915 -0.004224
v -0.798477 0.547450 0.000000
v -0.798356 0.546331 0.004224
v -0.798026 0.543273 0.007316
v -0.797574 0.539095 0.008448
v -0.797123 0.534918 0.007316
v -0.796793 0.531860 0.004224
v -0.796672 0.530741 0.000000
v -0.796793 0.531860 -0.004224
v -0.797123 0.534918 -0.007316
v -0.797574 0.539095 -0.008448
v -0.798026 0.543273 -0.007316
v -0.798356 0.546331 -0.004224
v -0.791708 0.484791 0.000000
v -0.791829 0.485911 0.004224
v -0.792159 0.488968 0.007316
v -0.792610 0.493146 0.008448
v -0.793062 0.497323 0.007316
v -0.793392 0.500381 0.004224
v -0.793513 0.501500 0.000000
v -0.793392 0.500381 -0.004224
v -0.793062 0.497323 -0.007316
v -0.792610 0.493146 -0.008448
v -0.792159 0.488968 -0.007316
v -0.791829 0.485911 -0.004224
v -0.776618 0.490723 0.000000
v -0.777284 0.491628 0.004224
v -0.779101 0.494100 0.007316
v -0.781579 0.497477 0.008448
v -0.784049 0.500855 0.007316
v -0.785855 0.503337 0.004224
v -0.786515 0.504246 0.000000
v -0.785855 0.503337 -0.004224
v -0.784049 0.500855 -0.007316
v -0.781579 0.497477 -0.008448
v -0.779101 0.494100 -0.007316
v -0.777284 0.491628 -0.004224
v -0.766622 0.503508 0.000000
v -0.767645 0.503951 0.004224
v -0.770436 0.505163 0.007316
v -0.774246 0.506836 0.008448
v -0.778049 0.508512 0.007316
v -0.780830 0.509740 0.004224
v -0.781847 0.510190 0.000000
v -0.780830 0.509740 -0.004224
v -0.778049 0.508512 -0.007316
v -0.774246 0.506836 -0.008448
v -0.770436 0.505163 -0.007316
v -0.767645 0.503951 -0.004224
v -0.766495 0.519394 0.031680
v -0.765991 0.515223 0.030548
v -0.765623 0.512170 0.027456
v -0.765488 0.511052 0.023232
v -0.765623 0.512170 0.019008
v -0.765991 0.515223 0.015916
v -0.766495 0.519394 0.014784
v -0.766999 0.523566 0.015916
v -0.767367 0.526619 0.019008
v -0.767502 0.527737 0.023232
v -0.767367 0.526619 0.027456
v -0.766999 0.523566 0.030548
v -0.781844 0.517591 0.027436
v -0.780819 0.513480 0.026455
v -0.778966 0.510597 0.023777
v -0.776783 0.509716 0.020119
v -0.774859 0.511070 0.016461
v -0.773714 0.514298 0.013783
v -0.773656 0.518534 0.012803
v -0.774694 0.522644 0.013783
v -0.776546 0.525527 0.016461
v -0.778716 0.526410 0.020119
v -0.780627 0.525057 0.023777
v -0.781772 0.521829 0.026455
v -0.793088 0.516339 0.015840
v -0.791680 0.512267 0.015274
v -0.788740 0.509493 0.013728
v -0.785055 0.508763 0.011616
v -0.781624 0.510291 0.009504
v -0.779371 0.513647 0.007958
v -0.778901 0.517930 0.007392
v -0.780330 0.521995 0.007958
v -0.783268 0.524753 0.009504
v -0.786928 0.525465 0.011616
v -0.790340 0.523960 0.013728
v -0.792594 0.520620 0.015274
v -0.797204 0.515890 0.000000
v -0.795657 0.511832 0.000000
v -0.792319 0.509103 0.000000
v -0.788085 0.508432 0.000000
v -0.784100 0.510006 0.000000
v -0.781442 0.513408 0.000000
v -0.780820 0.517709 0.000000
v -0.782393 0.521757 0.000000
v -0.785729 0.524469 0.000000
v -0.789936 0.525136 0.000000
v -0.793895 0.523572 0.000000
v -0.796556 0.520187 0.000000
v -0.793088 0.516339 -0.015840
v -0.791680 0.512267 -0.015274
v -0.788740 0.509493 -0.013728
v -0.785055 0.508763 -0.011616
v -0.781624 0.510291 -0.009504
v -0.779371 0.513647 -0.007958
v -0.778901 0.517930 -0.007392
v -0.780330 0.521995 -0.007958
v -0.783268 0.524753 -0.009504
v -0.786928 0.525465 -0.011616
v -0.790340 0.523960 -0.013728
v -0.792594 0.520620 -0.015274
v -0.781844 0.517592 -0.027435
v -0.780819 0.513480 -0.026455
v -0.778966 0.510598 -0.023777
v -0.776783 0.509716 -0.020119
v -0.774859 0.511070 -0.016461
v -0.773714 0.514298 -0.013783
v -0.773656 0.518534 -0.012803
v -0.774694 0.522644 -0.013783
v -0.776546 0.525527 -0.016461
v -0.778716 0.526410 -0.020119
v -0.780627 0.525057 -0.023777
v -0.781772 0.521829 -0.026455
v -0.766495 0.519394 -0.031680
v -0.765992 0.515223 -0.030548
v -0.765623 0.512170 -0.027456
v -0.765488 0.511052 -0.023232
v -0.765623 0.512170 -0.019008
v -0.765992 0.515223 -0.015916
v -0.766495 0.519394 -0.014784
v -0.766999 0.523566 -0.015916
v -0.767367 0.526619 -0.019008
v -0.767502 0.527737 -0.023232
v -0.767367 0.526619 -0.027456
v -0.766999 0.523566 -0.030548
v -0.715520 0.526094 0.000000
v -0.716025 0.521778 0.000000
v -0.718589 0.518307 0.000000
v -0.722529 0.516627 0.000000
v -0.726778 0.517178 0.000000
v -0.730189 0.519812 0.000000
v -0.731848 0.523825 0.000000
v -0.731320 0.528139 0.000000
v -0.728753 0.531598 0.000000
v -0.724837 0.533274 0.000000
v -0.720611 0.532721 0.000000
v -0.717202 0.530098 0.000000
v -0.719620 0.525511 0.015840
v -0.719985 0.521220 0.015274
v -0.722155 0.517815 0.013728
v -0.725547 0.516211 0.011616
v -0.729246 0.516837 0.009504
v -0.732254 0.519531 0.007958
v -0.733764 0.523569 0.007392
v -0.733378 0.527858 0.007958
v -0.731208 0.531259 0.009504
v -0.727835 0.532861 0.011616
v -0.724157 0.532232 0.013728
v -0.721150 0.529542 0.015274
v -0.730828 0.523965 0.027436
v -0.730810 0.519726 0.026455
v -0.731896 0.516475 0.023777
v -0.733796 0.515088 0.020119
v -0.735994 0.515933 0.016461
v -0.737898 0.518783 0.013783
v -0.738998 0.522876 0.012803
v -0.739003 0.527113 0.013783
v -0.737916 0.530360 0.016461
v -0.736029 0.531745 0.020119
v -0.733842 0.530899 0.023777
v -0.731939 0.528053 0.026455
v -0.746148 0.521932 0.031680
v -0.745609 0.517765 0.030548
v -0.745214 0.514715 0.027456
v -0.745070 0.513598 0.023232
v -0.745214 0.514715 0.019008
v -0.745609 0.517765 0.015916
v -0.746148 0.521932 0.014784
v -0.746687 0.526099 0.015916
v -0.747082 0.529149 0.019008
v -0.747226 0.530265 0.023232
v -0.747082 0.529149 0.027456
v -0.746687 0.526099 0.030548
v -0.746148 0.521932 -0.031680
v -0.745609 0.517765 -0.030548
v -0.745214 0.514715 -0.027456
v -0.745070 0.513598 -0.023232
v -0.745214 0.514715 -0.019008
v -0.745609 0.517765 -0.015916
v -0.746148 0.521932 -0.014784
v -0.746687 0.526099 -0.015916
v -0.747082 0.529149 -0.019008
v -0.747226 0.530265 -0.023232
v -0.747082 0.529149 -0.027456
v -0.746687 0.526099 -0.030548
v -0.730828 0.523965 -0.027435
v -0.730810 0.519727 -0.026455
v -0.731896 0.516475 -0.023777
v -0.733796 0.515088 -0.020119
v -0.735994 0.515933 -0.016461
v -0.737898 0.518783 -0.013783
v -0.738998 0.522876 -0.012803
v -0.739003 0.527113 -0.013783
v -0.737916 0.530360 -0.016461
v -0.736029 0.531745 -0.020119
v -0.733842 0.530899 -0.023777
v -0.731939 0.528054 -0.026455
v -0.719620 0.525511 -0.015840
v -0.719985 0.521220 -0.015274
v -0.722155 0.517816 -0.013728
v -0.725547 0.516211 -0.011616
v -0.729246 0.516837 -0.009504
v -0.732254 0.519531 -0.007958
v -0.733764 0.523569 -0.007392
v -0.733378 0.527858 -0.007958
v -0.731208 0.531259 -0.009504
v -0.727835 0.532861 -0.011616
v -0.724157 0.532232 -0.013728
v -0.721150 0.529542 -0.015274
v -0.713221 0.494590 0.000000
v -0.713378 0.495705 -0.004224
v -0.713808 0.498751 -0.007316
v -0.714395 0.502911 -0.008448
v -0.714982 0.507071 -0.007316
v -0.715412 0.510117 -0.004224
v -0.715569 0.511232 0.000000
v -0.715412 0.510117 0.004224
v -0.714982 0.507071 0.007316
v -0.714395 0.502911 0.008448
v -0.713808 0.498751 0.007316
v -0.713378 0.495705 0.004224
v -0.729285 0.496634 0.000000
v -0.728862 0.497674 -0.004224
v -0.727710 0.500520 -0.007316
v -0.726142 0.504410 -0.008448
v -0.724580 0.508298 -0.007316
v -0.723440 0.511144 -0.004224
v -0.723024 0.512186 0.000000
v -0.723440 0.511144 0.004224
v -0.724580 0.508298 0.007316
v -0.726142 0.504410 0.008448
v -0.727710 0.500520 0.007316
v -0.728862 0.497674 0.004224
v -0.742114 0.506570 0.000000
v -0.741232 0.507254 -0.004224
v -0.738827 0.509124 -0.007316
v -0.735547 0.511678 -0.008448
v -0.732272 0.514230 -0.007316
v -0.729880 0.516106 -0.004224
v -0.729006 0.516795 0.000000
v -0.729880 0.516106 0.004224
v -0.732272 0.514230 0.007316
v -0.735547 0.511678 0.008448
v -0.738827 0.509124 0.007316
v -0.741232 0.507254 0.004224
v -0.748255 0.521665 0.000000
v -0.747160 0.521803 -0.004224
v -0.744168 0.522191 -0.007316
v -0.740083 0.522732 -0.008448
v -0.735997 0.523273 -0.007316
v -0.733006 0.523669 -0.004224
v -0.731912 0.523816 0.000000
v -0.733006 0.523669 0.004224
v -0.735997 0.523273 0.007316
v -0.740083 0.522732 0.008448
v -0.744168 0.522191 0.007316
v -0.747160 0.521803 0.004224
v -0.746183 0.537818 0.000000
v -0.745168 0.537384 -0.004224
v -0.742393 0.536200 -0.007316
v -0.738597 0.534584 -0.008448
v -0.734795 0.532968 -0.007316
v -0.732009 0.531793 -0.004224
v -0.730989 0.531366 0.000000
v -0.732009 0.531793 0.004224
v -0.734795 0.532968 0.007316
v -0.738597 0.534584 0.008448
v -0.742393 0.536200 0.007316
v -0.745168 0.537384 0.004224
v -0.736581 0.550724 0.000000
v -0.735909 0.549829 -0.004224
v -0.734071 0.547393 -0.007316
v -0.731557 0.544067 -0.008448
v -0.729037 0.540741 -0.007316
v -0.727188 0.538307 -0.004224
v -0.726510 0.537417 0.000000
v -0.727188 0.538307 0.004224
v -0.729037 0.540741 0.007316
v -0.731557 0.544067 0.008448
v -0.734071 0.547393 0.007316
v -0.735909 0.549829 0.004224
v -0.722025 0.556996 0.000000
v -0.721868 0.555881 -0.004224
v -0.721439 0.552835 -0.007316
v -0.720852 0.548675 -0.008448
v -0.720265 0.544515 -0.007316
v -0.719835 0.541469 -0.004224
v -0.719678 0.540354 0.000000
v -0.719835 0.541469 0.004224
v -0.720265 0.544515 0.007316
v -0.720852 0.548675 0.008448
v -0.721439 0.552835 0.007316
v -0.721868 0.555881 0.004224
v -0.666785 0.533469 0.000000
v -0.667876 0.533296 -0.004224
v -0.670856 0.532823 -0.007316
v -0.674926 0.532177 -0.008448
v -0.678997 0.531534 -0.007316
v -0.681979 0.531075 -0.004224
v -0.683070 0.530907 0.000000
v -0.681979 0.531075 0.004224
v -0.678997 0.531533 0.007316
v -0.674926 0.532177 0.008448
v -0.670856 0.532823 0.007316
v -0.667876 0.533296 0.004224
v -0.668401 0.517259 0.000000
v -0.669439 0.517665 -0.004224
v -0.672273 0.518772 -0.007316
v -0.676140 0.520285 -0.008448
v -0.680004 0.521814 -0.007316
v -0.682830 0.522936 -0.004224
v -0.683863 0.523346 0.000000
v -0.682830 0.522936 0.004224
v -0.680004 0.521814 0.007316
v -0.676140 0.520285 0.008448
v -0.672273 0.518772 0.007316
v -0.669439 0.517665 0.004224
v -0.677876 0.504095 0.000000
v -0.678576 0.504974 -0.004224
v -0.680487 0.507375 -0.007316
v -0.683093 0.510656 -0.008448
v -0.685693 0.513938 -0.007316
v -0.687593 0.516341 -0.004224
v -0.688288 0.517221 0.000000
v -0.687593 0.516341 0.004224
v -0.685693 0.513938 0.007316
v -0.683093 0.510656 0.008448
v -0.680487 0.507375 0.007316
v -0.678576 0.504974 0.004224
v -0.692686 0.497576 0.000000
v -0.692852 0.498689 -0.004224
v -0.693306 0.501732 -0.007316
v -0.693925 0.505887 -0.008448
v -0.694545 0.510043 -0.007316
v -0.694998 0.513085 -0.004224
v -0.695164 0.514198 0.000000
v -0.694998 0.513085 0.004224
v -0.694545 0.510043 0.007316
v -0.693925 0.505887 0.008448
v -0.693306 0.501732 0.007316
v -0.692852 0.498689 0.004224
v -0.701977 0.559911 0.000000
v -0.701811 0.558797 -0.004224
v -0.701357 0.555755 -0.007316
v -0.700738 0.551599 -0.008448
v -0.700119 0.547444 -0.007316
v -0.699665 0.544402 -0.004224
v -0.699499 0.543288 0.000000
v -0.699665 0.544402 0.004224
v -0.700119 0.547444 0.007316
v -0.700738 0.551599 0.008448
v -0.701357 0.555755 0.007316
v -0.701811 0.558797 0.004224
v -0.686228 0.558032 0.000000
v -0.686620 0.556986 -0.004224
v -0.687690 0.554126 -0.007316
v -0.689158 0.550219 -0.008448
v -0.690631 0.546311 -0.007316
v -0.691713 0.543450 -0.004224
v -0.692110 0.542403 0.000000
v -0.691713 0.543450 0.004224
v -0.690631 0.546311 0.007316
v -0.689158 0.550219 0.008448
v -0.687690 0.554126 0.007316
v -0.686620 0.556986 0.004224
v -0.673349 0.548380 0.000000
v -0.674200 0.547675 -0.004224
v -0.676528 0.545749 -0.007316
v -0.679711 0.543116 -0.008448
v -0.682902 0.540498 -0.007316
v -0.685241 0.538582 -0.004224
v -0.686098 0.537881 0.000000
v -0.685241 0.538582 0.004224
v -0.682902 0.540498 0.007316
v -0.679711 0.543116 0.008448
v -0.676528 0.545749 0.007316
v -0.674200 0.547675 0.004224
v -0.668884 0.533136 -0.031680
v -0.669546 0.537285 -0.030548
v -0.670031 0.540322 -0.027456
v -0.670209 0.541434 -0.023232
v -0.670031 0.540322 -0.019008
v -0.669546 0.537285 -0.015916
v -0.668884 0.533136 -0.014784
v -0.668221 0.528987 -0.015916
v -0.667736 0.525950 -0.019008
v -0.667558 0.524838 -0.023232
v -0.667736 0.525950 -0.027456
v -0.668221 0.528987 -0.030548
v -0.684152 0.530741 -0.027435
v -0.684247 0.534977 -0.026455
v -0.683229 0.538246 -0.023777
v -0.681370 0.539670 -0.020119
v -0.679166 0.538872 -0.016461
v -0.677203 0.536070 -0.013783
v -0.676007 0.532005 -0.012803
v -0.675901 0.527768 -0.013783
v -0.676918 0.524492 -0.016461
v -0.678787 0.523064 -0.020119
v -0.681002 0.523863 -0.023777
v -0.682966 0.526673 -0.026455
v -0.695337 0.529040 -0.015840
v -0.695015 0.533335 -0.015274
v -0.692894 0.536760 -0.013728
v -0.689546 0.538414 -0.011616
v -0.685858 0.537842 -0.009504
v -0.682811 0.535198 -0.007958
v -0.681223 0.531191 -0.007392
v -0.681526 0.526894 -0.007958
v -0.683645 0.523456 -0.009504
v -0.687012 0.521800 -0.011616
v -0.690719 0.522369 -0.013728
v -0.693767 0.525025 -0.015274
v -0.699433 0.528431 0.000000
v -0.698959 0.532749 0.000000
v -0.696435 0.536234 0.000000
v -0.692538 0.537954 0.000000
v -0.688307 0.537465 0.000000
v -0.684865 0.534882 0.000000
v -0.683134 0.530898 0.000000
v -0.683585 0.526577 0.000000
v -0.686107 0.523078 0.000000
v -0.690023 0.521337 0.000000
v -0.694279 0.521840 0.000000
v -0.697723 0.524437 0.000000
v -0.695337 0.529040 0.015840
v -0.695015 0.533335 0.015274
v -0.692894 0.536760 0.013728
v -0.689546 0.538414 0.011616
v -0.685858 0.537842 0.009504
v -0.682811 0.535198 0.007958
v -0.681223 0.531191 0.007392
v -0.681526 0.526894 0.007958
v -0.683645 0.523456 0.009504
v -0.687012 0.521800 0.011616
v -0.690719 0.522369 0.013728
v -0.693767 0.525025 0.015274
v -0.684152 0.530741 0.027436
v -0.684247 0.534977 0.026455
v -0.683229 0.538246 0.023777
v -0.681370 0.539670 0.020119
v -0.679166 0.538872 0.016461
v -0.677203 0.536070 0.013783
v -0.676007 0.532005 0.012803
v -0.675901 0.527768 0.013783
v -0.676918 0.524492 0.016461
v -0.678787 0.523064 0.020119
v -0.681002 0.523863 0.023777
v -0.682966 0.526673 0.026455
v -0.668884 0.533136 0.031680
v -0.669546 0.537285 0.030548
v -0.670031 0.540322 0.027456
v -0.670209 0.541434 0.023232
v -0.670031 0.540322 0.019008
v -0.669546 0.537285 0.015916
v -0.668884 0.533136 0.014784
v -0.668221 0.528987 0.015916
v -0.667736 0.525950 0.019008
v -0.667558 0.524838 0.023232
v -0.667736 0.525950 0.027456
v -0.668221 0.528987 0.030548
v -0.618186 0.541692 0.000000
v -0.620005 0.545636 0.000000
v -0.623505 0.548138 0.000000
v -0.627749 0.548536 0.000000
v -0.631606 0.546726 0.000000
v -0.634050 0.543182 0.000000
v -0.634425 0.538853 0.000000
v -0.632623 0.534901 0.000000
v -0.629121 0.532385 0.000000
v -0.624857 0.531981 0.000000
v -0.620982 0.533804 0.000000
v -0.618540 0.537361 0.000000
v -0.622263 0.540968 -0.015840
v -0.623932 0.544939 -0.015274
v -0.627032 0.547517 -0.013728
v -0.630733 0.548020 -0.011616
v -0.634049 0.546304 -0.009504
v -0.636097 0.542828 -0.007958
v -0.636329 0.538524 -0.007392
v -0.634676 0.534546 -0.007958
v -0.631575 0.531961 -0.009504
v -0.627857 0.531461 -0.011616
v -0.624525 0.533180 -0.013728
v -0.622477 0.536663 -0.015274
v -0.633410 0.539029 -0.027435
v -0.634666 0.543075 -0.026455
v -0.636671 0.545850 -0.023777
v -0.638886 0.546609 -0.020119
v -0.640723 0.545155 -0.016461
v -0.641693 0.541873 -0.013783
v -0.641534 0.537639 -0.012803
v -0.640287 0.533588 -0.013783
v -0.638281 0.530807 -0.016461
v -0.636055 0.530043 -0.020119
v -0.634209 0.531505 -0.023777
v -0.633241 0.534794 -0.026455
v -0.648646 0.536442 -0.031680
v -0.649338 0.540586 -0.030548
v -0.649845 0.543620 -0.027456
v -0.650031 0.544730 -0.023232
v -0.649845 0.543620 -0.019008
v -0.649338 0.540586 -0.015916
v -0.648646 0.536442 -0.014784
v -0.647954 0.532297 -0.015916
v -0.647448 0.529264 -0.019008
v -0.647262 0.528153 -0.023232
v -0.647448 0.529264 -0.027456
v -0.647954 0.532298 -0.030548
v -0.648646 0.536442 0.031680
v -0.649338 0.540586 0.030548
v -0.649845 0.543620 0.027456
v -0.650031 0.544730 0.023232
v -0.649845 0.543620 0.019008
v -0.649338 0.540586 0.015916
v -0.648646 0.536442 0.014784
v -0.647954 0.532297 0.015916
v -0.647448 0.529264 0.019008
v -0.647262 0.528153 0.023232
v -0.647448 0.529264 0.027456
v -0.647954 0.532297 0.030548
v -0.633410 0.539029 0.027436
v -0.634666 0.543075 0.026455
v -0.636671 0.545850 0.023777
v -0.638886 0.546609 0.020119
v -0.640723 0.545155 0.016461
v -0.641692 0.541873 0.013783
v -0.641534 0.537639 0.012803
v -0.640287 0.533588 0.013783
v -0.638281 0.530807 0.016461
v -0.636055 0.530043 0.020119
v -0.634209 0.531505 0.023777
v -0.633241 0.534794 0.026455
v -0.622263 0.540968 0.015840
v -0.623932 0.544939 0.015274
v -0.627032 0.547517 0.013728
v -0.630733 0.548020 0.011616
v -0.634049 0.546304 0.009504
v -0.636097 0.542828 0.007958
v -0.636329 0.538524 0.007392
v -0.634676 0.534546 0.007958
v -0.631575 0.531961 0.009504
v -0.627857 0.531461 0.011616
v -0.624525 0.533180 0.013728
v -0.622477 0.536663 0.015274
v -0.625760 0.572351 0.000000
v -0.625564 0.571243 0.004224
v -0.625029 0.568214 0.007316
v -0.624298 0.564076 0.008448
v -0.623567 0.559939 0.007316
v -0.623032 0.556910 0.004224
v -0.622836 0.555801 0.000000
v -0.623032 0.556910 -0.004224
v -0.623567 0.559939 -0.007316
v -0.624298 0.564076 -0.008448
v -0.625029 0.568214 -0.007316
v -0.625564 0.571243 -0.004224
v -0.640118 0.565563 0.000000
v -0.639413 0.564696 0.004224
v -0.637487 0.562326 0.007316
v -0.634852 0.559089 0.008448
v -0.632213 0.555853 0.007316
v -0.630277 0.553484 0.004224
v -0.629568 0.552618 0.000000
v -0.630277 0.553485 -0.004224
v -0.632213 0.555853 -0.007316
v -0.634852 0.559089 -0.008448
v -0.637487 0.562326 -0.007316
v -0.639413 0.564696 -0.004224
v -0.649264 0.552315 0.000000
v -0.648232 0.551918 0.004224
v -0.645413 0.550833 0.007316
v -0.641557 0.549352 0.008448
v -0.637697 0.547881 0.007316
v -0.634869 0.546809 0.004224
v -0.633834 0.546417 0.000000
v -0.634869 0.546809 -0.004224
v -0.637697 0.547881 -0.007316
v -0.641557 0.549352 -0.008448
v -0.645413 0.550833 -0.007316
v -0.648232 0.551918 -0.004224
v -0.650742 0.536089 0.000000
v -0.649653 0.536272 0.004224
v -0.646677 0.536773 0.007316
v -0.642613 0.537457 0.008448
v -0.638549 0.538142 0.007316
v -0.635576 0.538654 0.004224
v -0.634488 0.538842 0.000000
v -0.635576 0.538654 -0.004224
v -0.638549 0.538142 -0.007316
v -0.642613 0.537457 -0.008448
v -0.646677 0.536773 -0.007316
v -0.649653 0.536272 -0.004224
v -0.644052 0.521238 0.000000
v -0.643197 0.521952 0.004224
v -0.640864 0.523905 0.007316
v -0.637680 0.526571 0.008448
v -0.634504 0.529246 0.007316
v -0.632182 0.531208 0.004224
v -0.631333 0.531926 0.000000
v -0.632182 0.531208 -0.004224
v -0.634504 0.529246 -0.007316
v -0.637680 0.526571 -0.008448
v -0.640864 0.523905 -0.007316
v -0.643197 0.521952 -0.004224
v -0.630888 0.511770 0.000000
v -0.630504 0.512826 0.004224
v -0.629458 0.515710 0.007316
v -0.628031 0.519649 0.008448
v -0.626610 0.523588 0.007316
v -0.625573 0.526471 0.004224
v -0.625194 0.527526 0.000000
v -0.625573 0.526471 -0.004224
v -0.626610 0.523588 -0.007316
v -0.628031 0.519649 -0.008448
v -0.629458 0.515710 -0.007316
v -0.630504 0.512826 -0.004224
v -0.614794 0.510289 0.000000
v -0.614990 0.511398 0.004224
v -0.615525 0.514427 0.007316
v -0.616256 0.518564 0.008448
v -0.616987 0.522702 0.007316
v -0.617523 0.525731 0.004224
v -0.617719 0.526839 0.000000
v -0.617523 0.525731 -0.004224
v -0.616987 0.522702 -0.007316
v -0.616256 0.518564 -0.008448
v -0.615525 0.514427 -0.007316
v -0.614990 0.511398 -0.004224
v -0.569717 0.550661 0.000000
v -0.570801 0.550451 0.004224
v -0.573765 0.549886 0.007316
v -0.577814 0.549116 0.008448
v -0.581863 0.548346 0.007316
v -0.584827 0.547783 0.004224
v -0.585913 0.547581 0.000000
v -0.584827 0.547783 -0.004224
v -0.581863 0.548346 -0.007316
v -0.577814 0.549116 -0.008448
v -0.573765 0.549886 -0.007316
v -0.570801 0.550451 -0.004224
v -0.576746 0.565358 0.000000
v -0.577576 0.564627 0.004224
v -0.579844 0.562630 0.007316
v -0.582946 0.559901 0.008448
v -0.586052 0.557171 0.007316
v -0.588330 0.555183 0.004224
v -0.589165 0.554455 0.000000
v -0.588330 0.555183 -0.004224
v -0.586052 0.557171 -0.007316
v -0.582946 0.559901 -0.008448
v -0.579844 0.562630 -0.007316
v -0.577576 0.564627 -0.004224
v -0.589943 0.574590 0.000000
v -0.590301 0.573531 0.004224
v -0.591282 0.570639 0.007316
v -0.592626 0.566688 0.008448
v -0.593974 0.562736 0.007316
v -0.594963 0.559843 0.004224
v -0.595326 0.558783 0.000000
v -0.594963 0.559843 -0.004224
v -0.593974 0.562736 -0.007316
v -0.592626 0.566688 -0.008448
v -0.591282 0.570639 -0.007316
v -0.590301 0.573532 -0.004224
v -0.605776 0.575947 0.000000
v -0.605573 0.574839 0.004224
v -0.605019 0.571814 0.007316
v -0.604261 0.567681 0.008448
v -0.603504 0.563549 0.007316
v -0.602949 0.560523 0.004224
v -0.602746 0.559416 0.000000
v -0.602949 0.560523 -0.004224
v -0.603504 0.563549 -0.007316
v -0.604261 0.567681 -0.008448
v -0.605019 0.571814 -0.007316
v -0.605573 0.574839 -0.004224
v -0.594415 0.513956 0.000000
v -0.594618 0.515063 0.004224
v -0.595173 0.518089 0.007316
v -0.595930 0.522221 0.008448
v -0.596687 0.526354 0.007316
v -0.597242 0.529379 0.004224
v -0.597445 0.530487 0.000000
v -0.597242 0.529379 -0.004224
v -0.596687 0.526354 -0.007316
v -0.595930 0.522221 -0.008448
v -0.595173 0.518089 -0.007316
v -0.594618 0.515063 -0.004224
v -0.579857 0.520950 0.000000
v -0.580584 0.521807 0.004224
v -0.582569 0.524146 0.007316
v -0.585277 0.527343 0.008448
v -0.587981 0.530541 0.007316
v -0.589958 0.532883 0.004224
v -0.590681 0.533740 0.000000
v -0.589958 0.532883 -0.004224
v -0.587981 0.530541 -0.007316
v -0.585277 0.527343 -0.008448
v -0.582569 0.524146 -0.007316
v -0.580584 0.521807 -0.004224
v -0.570823 0.534408 0.000000
v -0.571872 0.534781 0.004224
v -0.574738 0.535801 0.007316
v -0.578648 0.537196 0.008448
v -0.582555 0.538591 0.007316
v -0.585414 0.539623 0.004224
v -0.586460 0.540001 0.000000
v -0.585414 0.539623 -0.004224
v -0.582555 0.538591 -0.007316
v -0.578649 0.537196 -0.008448
v -0.574738 0.535801 -0.007316
v -0.571872 0.534781 -0.004224
v -0.571803 0.550260 0.031680
v -0.571011 0.546133 0.030548
v -0.570431 0.543113 0.027456
v -0.570219 0.542007 0.023232
v -0.570431 0.543113 0.019008
v -0.571011 0.546133 0.015916
v -0.571803 0.550260 0.014784
v -0.572596 0.554386 0.015916
v -0.573176 0.557406 0.019008
v -0.573388 0.558512 0.023232
v -0.573176 0.557406 0.027456
v -0.572596 0.554386 0.030548
v -0.586988 0.547381 0.027436
v -0.585671 0.543353 0.026455
v -0.583618 0.540606 0.023777
v -0.581380 0.539884 0.020119
v -0.579560 0.541376 0.016461
v -0.578648 0.544680 0.013783
v -0.578889 0.548911 0.012803
v -0.580214 0.552936 0.013783
v -0.582266 0.555677 0.016461
v -0.584495 0.556398 0.020119
v -0.586307 0.554910 0.023777
v -0.587220 0.551612 0.026455
v -0.598112 0.545312 0.015840
v -0.596410 0.541354 0.015274
v -0.593279 0.538808 0.013728
v -0.589556 0.538356 0.011616
v -0.586245 0.540117 0.009504
v -0.584239 0.543619 0.007958
v -0.584076 0.547925 0.007392
v -0.585792 0.551878 0.007958
v -0.588923 0.554423 0.009504
v -0.592631 0.554878 0.011616
v -0.595926 0.553120 0.013728
v -0.597932 0.549618 0.015274
v -0.602186 0.544571 0.000000
v -0.600343 0.540636 0.000000
v -0.596815 0.538151 0.000000
v -0.592549 0.537799 0.000000
v -0.588694 0.539662 0.000000
v -0.586287 0.543238 0.000000
v -0.585976 0.547570 0.000000
v -0.587835 0.551497 0.000000
v -0.591361 0.553970 0.000000
v -0.595609 0.554324 0.000000
v -0.599447 0.552466 0.000000
v -0.601856 0.548902 0.000000
v -0.598112 0.545312 -0.015840
v -0.596410 0.541354 -0.015274
v -0.593279 0.538808 -0.013728
v -0.589556 0.538356 -0.011616
v -0.586245 0.540117 -0.009504
v -0.584239 0.543619 -0.007958
v -0.584076 0.547925 -0.007392
v -0.585792 0.551878 -0.007958
v -0.588923 0.554423 -0.009504
v -0.592631 0.554878 -0.011616
v -0.595926 0.553120 -0.013728
v -0.597932 0.549618 -0.015274
v -0.586988 0.547381 -0.027435
v -0.585671 0.543353 -0.026455
v -0.583618 0.540606 -0.023777
v -0.581380 0.539884 -0.020119
v -0.579560 0.541376 -0.016461
v -0.578648 0.544680 -0.013783
v -0.578889 0.548911 -0.012803
v -0.580214 0.552936 -0.013783
v -0.582266 0.555677 -0.016461
v -0.584495 0.556399 -0.020119
v -0.586307 0.554910 -0.023777
v -0.587220 0.551612 -0.026455
v -0.571803 0.550260 -0.031680
v -0.571011 0.546133 -0.030548
v -0.570431 0.543113 -0.027456
v -0.570219 0.542007 -0.023232
v -0.570431 0.543113 -0.019008
v -0.571011 0.546133 -0.015916
v -0.571803 0.550260 -0.014784
v -0.572596 0.554386 -0.015916
v -0.573176 0.557406 -0.019008
v -0.573388 0.558512 -0.023232
v -0.573176 0.557406 -0.027456
v -0.572596 0.554386 -0.030548
v -0.521379 0.560311 0.000000
v -0.521613 0.555973 0.000000
v -0.523954 0.552352 0.000000
v -0.527773 0.550418 0.000000
v -0.532045 0.550700 0.000000
v -0.535617 0.553116 0.000000
v -0.537532 0.557016 0.000000
v -0.537282 0.561353 0.000000
v -0.534939 0.564963 0.000000
v -0.531133 0.566885 0.000000
v -0.526878 0.566610 0.000000
v -0.523308 0.564204 0.000000
v -0.525435 0.559477 0.015840
v -0.525529 0.555168 0.015274
v -0.527476 0.551628 0.013728
v -0.530756 0.549811 0.011616
v -0.534485 0.550207 0.009504
v -0.537659 0.552704 0.007958
v -0.539427 0.556633 0.007392
v -0.539319 0.560941 0.007958
v -0.537371 0.564472 0.009504
v -0.534103 0.566281 0.011616
v -0.530387 0.565888 0.013728
v -0.527215 0.563400 0.015274
v -0.536522 0.557220 0.027436
v -0.536232 0.552992 0.026455
v -0.537104 0.549678 0.023777
v -0.538906 0.548166 0.020119
v -0.541152 0.548861 0.016461
v -0.543237 0.551578 0.013783
v -0.544602 0.555590 0.012803
v -0.544885 0.559818 0.013783
v -0.544012 0.563131 0.016461
v -0.542218 0.564642 0.020119
v -0.539980 0.563946 0.023777
v -0.537895 0.561229 0.026455
v -0.551677 0.554188 0.031680
v -0.550862 0.550067 0.030548
v -0.550265 0.547049 0.027456
v -0.550046 0.545945 0.023232
v -0.550265 0.547049 0.019008
v -0.550862 0.550067 0.015916
v -0.551677 0.554188 0.014784
v -0.552493 0.558310 0.015916
v -0.553090 0.561327 0.019008
v -0.553308 0.562432 0.023232
v -0.553090 0.561327 0.027456
v -0.552493 0.558310 0.030548
v -0.551677 0.554188 -0.031680
v -0.550862 0.550067 -0.030548
v -0.550265 0.547049 -0.027456
v -0.550046 0.545945 -0.023232
v -0.550265 0.547049 -0.019008
v -0.550862 0.550067 -0.015916
v -0.551677 0.554188 -0.014784
v -0.552493 0.558310 -0.015916
v -0.553090 0.561327 -0.019008
v -0.553308 0.562432 -0.023232
v -0.553090 0.561327 -0.027456
v -0.552493 0.558310 -0.030548
v -0.536522 0.557220 -0.027435
v -0.536232 0.552992 -0.026455
v -0.537104 0.549678 -0.023777
v -0.538906 0.548166 -0.020119
v -0.541152 0.548861 -0.016461
v -0.543237 0.551578 -0.013783
v -0.544603 0.555590 -0.012803
v -0.544885 0.559818 -0.013783
v -0.544012 0.563131 -0.016461
v -0.542218 0.564642 -0.020119
v -0.539980 0.563946 -0.023777
v -0.537895 0.561229 -0.026455
v -0.525435 0.559477 -0.015840
v -0.525529 0.555168 -0.015274
v -0.527476 0.551628 -0.013728
v -0.530756 0.549811 -0.011616
v -0.534485 0.550207 -0.009504
v -0.537659 0.552704 -0.007958
v -0.539427 0.556633 -0.007392
v -0.539319 0.560941 -0.007958
v -0.537371 0.564472 -0.009504
v -0.534103 0.566281 -0.011616
v -0.530387 0.565888 -0.013728
v -0.527215 0.563400 -0.015274
v -0.517113 0.529017 0.000000
v -0.517340 0.530120 -0.004224
v -0.517960 0.533132 -0.007316
v -0.518806 0.537248 -0.008448
v -0.519652 0.541363 -0.007316
v -0.520272 0.544376 -0.004224
v -0.520498 0.545479 0.000000
v -0.520272 0.544376 0.004224
v -0.519652 0.541363 0.007316
v -0.518806 0.537248 0.008448
v -0.517960 0.533132 0.007316
v -0.517340 0.530120 0.004224
v -0.533214 0.530047 0.000000
v -0.532861 0.531113 -0.004224
v -0.531900 0.534024 -0.007316
v -0.530590 0.538001 -0.008448
v -0.529284 0.541977 -0.007316
v -0.528331 0.544887 -0.004224
v -0.527982 0.545952 0.000000
v -0.528331 0.544887 0.004224
v -0.529284 0.541977 0.007316
v -0.530590 0.538001 0.008448
v -0.531900 0.534024 0.007316
v -0.532861 0.531113 0.004224
v -0.546633 0.539126 0.000000
v -0.545800 0.539865 -0.004224
v -0.543528 0.541883 -0.007316
v -0.540427 0.544644 -0.008448
v -0.537333 0.547412 -0.007316
v -0.535070 0.549437 -0.004224
v -0.534242 0.550179 0.000000
v -0.535070 0.549437 0.004224
v -0.537333 0.547412 0.007316
v -0.540427 0.544644 0.008448
v -0.543528 0.541883 0.007316
v -0.545800 0.539865 0.004224
v -0.553762 0.553775 0.000000
v -0.552678 0.553990 -0.004224
v -0.549719 0.554577 -0.007316
v -0.545676 0.555378 -0.008448
v -0.541635 0.556187 -0.007316
v -0.538677 0.556784 -0.004224
v -0.537595 0.557003 0.000000
v -0.538677 0.556784 0.004224
v -0.541635 0.556187 0.007316
v -0.545676 0.555378 0.008448
v -0.549719 0.554577 0.007316
v -0.552678 0.553990 0.004224
v -0.552766 0.570035 0.000000
v -0.551722 0.569668 -0.004224
v -0.548869 0.568665 -0.007316
v -0.544968 0.567302 -0.008448
v -0.541065 0.565947 -0.007316
v -0.538206 0.564955 -0.004224
v -0.537158 0.564592 0.000000
v -0.538206 0.564955 0.004224
v -0.541065 0.565947 0.007316
v -0.544968 0.567302 0.008448
v -0.548869 0.568665 0.007316
v -0.551722 0.569668 0.004224
v -0.543996 0.583551 0.000000
v -0.543266 0.582704 -0.004224
v -0.541269 0.580390 -0.007316
v -0.538539 0.577229 -0.008448
v -0.535805 0.574069 -0.007316
v -0.533801 0.571756 -0.004224
v -0.533067 0.570910 0.000000
v -0.533801 0.571756 0.004224
v -0.535805 0.574069 0.007316
v -0.538539 0.577229 0.008448
v -0.541269 0.580390 0.007316
v -0.543266 0.582704 0.004224
v -0.529806 0.590749 0.000000
v -0.529580 0.589646 -0.004224
v -0.528960 0.586633 -0.007316
v -0.528114 0.582518 -0.008448
v -0.527268 0.578402 -0.007316
v -0.526648 0.575390 -0.004224
v -0.526422 0.574287 0.000000
v -0.526648 0.575390 0.004224
v -0.527268 0.578402 0.007316
v -0.528114 0.582518 0.008448
v -0.528960 0.586633 0.007316
v -0.529580 0.589646 0.004224
v -0.473160 0.570546 0.000000
v -0.474239 0.570310 -0.004224
v -0.477187 0.569666 -0.007316
v -0.481216 0.568797 -0.008448
v -0.485245 0.567928 -0.007316
v -0.488194 0.567292 -0.004224
v -0.489274 0.567059 0.000000
v -0.488194 0.567292 0.004224
v -0.485245 0.567928 0.007316
v -0.481216 0.568797 0.008448
v -0.477187 0.569666 0.007316
v -0.474239 0.570310 0.004224
v -0.473863 0.554265 0.000000
v -0.474920 0.554613 -0.004224
v -0.477808 0.555563 -0.007316
v -0.481750 0.556862 -0.008448
v -0.485689 0.558161 -0.007316
v -0.488571 0.559113 -0.004224
v -0.489626 0.559464 0.000000
v -0.488571 0.559113 0.004224
v -0.485689 0.558161 0.007316
v -0.481750 0.556862 0.008448
v -0.477808 0.555563 0.007316
v -0.474920 0.554613 0.004224
v -0.482542 0.540594 0.000000
v -0.483290 0.541430 -0.004224
v -0.485330 0.543715 -0.007316
v -0.488117 0.546843 -0.008448
v -0.490900 0.549971 -0.007316
v -0.492936 0.552262 -0.004224
v -0.493680 0.553100 0.000000
v -0.492936 0.552262 0.004224
v -0.490900 0.549971 0.007316
v -0.488117 0.546842 0.008448
v -0.485330 0.543715 0.007316
v -0.483290 0.541430 0.004224
v -0.496883 0.533225 0.000000
v -0.497115 0.534326 -0.004224
v -0.497750 0.537336 -0.007316
v -0.498616 0.541447 -0.008448
v -0.499483 0.545558 -0.007316
v -0.500118 0.548568 -0.004224
v -0.500350 0.549670 0.000000
v -0.500118 0.548568 0.004224
v -0.499483 0.545558 0.007316
v -0.498616 0.541447 0.008448
v -0.497750 0.537336 0.007316
v -0.497115 0.534326 0.004224
v -0.509883 0.594893 0.000000
v -0.509651 0.593791 -0.004224
v -0.509017 0.590781 -0.007316
v -0.508150 0.586670 -0.008448
v -0.507283 0.582559 -0.007316
v -0.506649 0.579549 -0.004224
v -0.506417 0.578448 0.000000
v -0.506649 0.579549 0.004224
v -0.507283 0.582559 0.007316
v -0.508150 0.586670 0.008448
v -0.509017 0.590781 0.007316
v -0.509651 0.593791 0.004224
v -0.493991 0.593959 0.000000
v -0.494323 0.592890 -0.004224
v -0.495231 0.589969 -0.007316
v -0.496476 0.585985 -0.008448
v -0.497724 0.582000 -0.007316
v -0.498640 0.579082 -0.004224
v -0.498976 0.578014 0.000000
v -0.498640 0.579082 0.004224
v -0.497724 0.582000 0.007316
v -0.496476 0.585985 0.008448
v -0.495231 0.589969 0.007316
v -0.494323 0.592890 0.004224
v -0.480550 0.585059 0.000000
v -0.481362 0.584308 -0.004224
v -0.483583 0.582256 -0.007316
v -0.486618 0.579452 -0.008448
v -0.489658 0.576647 -0.007316
v -0.491885 0.574594 -0.004224
v -0.492701 0.573845 0.000000
v -0.491885 0.574594 0.004224
v -0.489658 0.576647 0.007316
v -0.486618 0.579452 0.008448
v -0.483583 0.582256 0.007316
v -0.481362 0.584308 0.004224
v -0.475236 0.570092 -0.031680
v -0.476129 0.574197 -0.030548
v -0.476783 0.577203 -0.027456
v -0.477023 0.578303 -0.023232
v -0.476783 0.577203 -0.019008
v -0.476129 0.574197 -0.015916
v -0.475236 0.570092 -0.014784
v -0.474342 0.565986 -0.015916
v -0.473688 0.562981 -0.019008
v -0.473449 0.561881 -0.023232
v -0.473688 0.562981 -0.027456
v -0.474342 0.565986 -0.030548
v -0.490343 0.566829 -0.027435
v -0.490683 0.571053 -0.026455
v -0.489855 0.574378 -0.023777
v -0.488081 0.575913 -0.020119
v -0.485833 0.575246 -0.016461
v -0.483712 0.572557 -0.013783
v -0.482285 0.568566 -0.012803
v -0.481939 0.564343 -0.013783
v -0.482767 0.561018 -0.016461
v -0.484548 0.559482 -0.020119
v -0.486802 0.560148 -0.023777
v -0.488924 0.562836 -0.026455
v -0.501411 0.564478 -0.015840
v -0.501345 0.568787 -0.015274
v -0.499430 0.572338 -0.013728
v -0.496179 0.574180 -0.011616
v -0.492458 0.573819 -0.009504
v -0.489263 0.571360 -0.007958
v -0.487447 0.567453 -0.007392
v -0.487500 0.563143 -0.007958
v -0.489414 0.559586 -0.009504
v -0.492677 0.557742 -0.011616
v -0.496409 0.558101 -0.013728
v -0.499606 0.560566 -0.015274
v -0.505463 0.563623 0.000000
v -0.505247 0.567960 0.000000
v -0.502934 0.571594 0.000000
v -0.499143 0.573550 0.000000
v -0.494885 0.573304 0.000000
v -0.491295 0.570922 0.000000
v -0.489336 0.567046 0.000000
v -0.489536 0.562705 0.000000
v -0.491849 0.559069 0.000000
v -0.495653 0.557110 0.000000
v -0.499926 0.557353 0.000000
v -0.503516 0.559737 0.000000
v -0.501411 0.564478 0.015840
v -0.501345 0.568787 0.015274
v -0.499430 0.572338 0.013728
v -0.496179 0.574180 0.011616
v -0.492458 0.573819 0.009504
v -0.489263 0.571360 0.007958
v -0.487447 0.567453 0.007392
v -0.487500 0.563143 0.007958
v -0.489414 0.559586 0.009504
v -0.492677 0.557742 0.011616
v -0.496409 0.558101 0.013728
v -0.499606 0.560566 0.015274
v -0.490343 0.566829 0.027436
v -0.490683 0.571053 0.026455
v -0.489855 0.574378 0.023777
v -0.488081 0.575913 0.020119
v -0.485833 0.575246 0.016461
v -0.483712 0.572557 0.013783
v -0.482285 0.568566 0.012803
v -0.481939 0.564343 0.013783
v -0.482767 0.561018 0.016461
v -0.484548 0.559482 0.020119
v -0.486802 0.560147 0.023777
v -0.488924 0.562836 0.026455
v -0.475236 0.570092 0.031680
v -0.476129 0.574197 0.030548
v -0.476783 0.577203 0.027456
v -0.477023 0.578303 0.023232
v -0.476783 0.577203 0.019008
v -0.476129 0.574197 0.015916
v -0.475236 0.570092 0.014784
v -0.474342 0.565986 0.015916
v -0.473688 0.562981 0.019008
v -0.473449 0.561881 0.023232
v -0.473688 0.562981 0.027456
v -0.474342 0.565986 0.030548
v -0.425052 0.581291 0.000000
v -0.427064 0.585142 0.000000
v -0.430686 0.587473 0.000000
v -0.434948 0.587658 0.000000
v -0.438713 0.585648 0.000000
v -0.440977 0.581987 0.000000
v -0.441131 0.577646 0.000000
v -0.439130 0.573790 0.000000
v -0.435506 0.571452 0.000000
v -0.431232 0.571267 0.000000
v -0.427456 0.573281 0.000000
v -0.425194 0.576950 0.000000
v -0.429090 0.580372 -0.015840
v -0.430954 0.584257 -0.015274
v -0.434181 0.586677 -0.013728
v -0.437905 0.586985 -0.011616
v -0.441134 0.585104 -0.009504
v -0.443005 0.581532 -0.007958
v -0.443016 0.577223 -0.007392
v -0.441161 0.573333 -0.007958
v -0.437933 0.570906 -0.009504
v -0.434198 0.570593 -0.011616
v -0.430961 0.572484 -0.013728
v -0.429091 0.576063 -0.015274
v -0.440125 0.577872 -0.027435
v -0.441587 0.581850 -0.026455
v -0.443733 0.584521 -0.023777
v -0.445987 0.585168 -0.020119
v -0.447748 0.583618 -0.016461
v -0.448547 0.580286 -0.013783
v -0.448168 0.576065 -0.012803
v -0.446712 0.572086 -0.013783
v -0.444566 0.569416 -0.016461
v -0.442306 0.568770 -0.020119
v -0.440539 0.570321 -0.023777
v -0.439741 0.573652 -0.026455
v -0.455208 0.574498 -0.031680
v -0.456119 0.578600 -0.030548
v -0.456786 0.581603 -0.027456
v -0.457030 0.582702 -0.023232
v -0.456786 0.581603 -0.019008
v -0.456119 0.578600 -0.015916
v -0.455208 0.574498 -0.014784
v -0.454297 0.570397 -0.015916
v -0.453631 0.567394 -0.019008
v -0.453387 0.566295 -0.023232
v -0.453631 0.567394 -0.027456
v -0.454297 0.570397 -0.030548
v -0.455208 0.574498 0.031680
v -0.456119 0.578600 0.030548
v -0.456786 0.581603 0.027456
v -0.457030 0.582702 0.023232
v -0.456786 0.581603 0.019008
v -0.456119 0.578600 0.015916
v -0.455208 0.574498 0.014784
v -0.454297 0.570397 0.015916
v -0.453631 0.567394 0.019008
v -0.453387 0.566295 0.023232
v -0.453631 0.567394 0.027456
v -0.454297 0.570397 0.030548
v -0.440125 0.577872 0.027435
v -0.441587 0.581850 0.026455
v -0.443733 0.584520 0.023777
v -0.445987 0.585168 0.020119
v -0.447748 0.583618 0.016461
v -0.448547 0.580286 0.013783
v -0.448168 0.576065 0.012803
v -0.446712 0.572086 0.013783
v -0.444566 0.569416 0.016461
v -0.442306 0.568770 0.020119
v -0.440539 0.570321 0.023777
v -0.439741 0.573652 0.026455
v -0.429090 0.580372 0.015840
v -0.430954 0.584257 0.015274
v -0.434181 0.586677 0.013728
v -0.437905 0.586985 0.011616
v -0.441134 0.585104 0.009504
v -0.443005 0.581532 0.007958
v -0.443016 0.577223 0.007392
v -0.441161 0.573333 0.007958
v -0.437933 0.570906 0.009504
v -0.434198 0.570593 0.011616
v -0.430961 0.572483 0.013728
v -0.429091 0.576063 0.015274
v -0.434127 0.611543 0.000000
v -0.433877 0.610445 0.004224
v -0.433193 0.607446 0.007316
v -0.432260 0.603350 0.008448
v -0.431326 0.599254 0.007316
v -0.430642 0.596255 0.004224
v -0.430392 0.595157 0.000000
v -0.430642 0.596255 -0.004224
v -0.431326 0.599254 -0.007316
v -0.432260 0.603350 -0.008448
v -0.433193 0.607446 -0.007316
v -0.433877 0.610445 -0.004224
v -0.448186 0.604031 0.000000
v -0.447436 0.603201 0.004224
v -0.445386 0.600931 0.007316
v -0.442583 0.597832 0.008448
v -0.439778 0.594733 0.007316
v -0.437723 0.592469 0.004224
v -0.436971 0.591640 0.000000
v -0.437723 0.592469 -0.004224
v -0.439778 0.594733 -0.007316
v -0.442583 0.597832 -0.008448
v -0.445386 0.600931 -0.007316
v -0.447436 0.603201 -0.004224
v -0.456662 0.590315 0.000000
v -0.455609 0.589972 0.004224
v -0.452731 0.589035 0.007316
v -0.448798 0.587766 0.008448
v -0.444863 0.586497 0.007316
v -0.441980 0.585568 0.004224
v -0.440925 0.585229 0.000000
v -0.441980 0.585568 -0.004224
v -0.444863 0.586497 -0.007316
v -0.448798 0.587766 -0.008448
v -0.452731 0.589035 -0.007316
v -0.455609 0.589972 -0.004224
v -0.457283 0.574038 0.000000
v -0.456205 0.574278 0.004224
v -0.453259 0.574931 0.007316
v -0.449235 0.575825 0.008448
v -0.445214 0.576729 0.007316
v -0.442270 0.577390 0.004224
v -0.441193 0.577632 0.000000
v -0.442270 0.577390 -0.004224
v -0.445214 0.576729 -0.007316
v -0.449235 0.575825 -0.008448
v -0.453259 0.574931 -0.007316
v -0.456205 0.574278 -0.004224
v -0.449817 0.559556 0.000000
v -0.449003 0.560313 0.004224
v -0.446779 0.562382 0.007316
v -0.443747 0.565216 0.008448
v -0.440717 0.568050 0.007316
v -0.438501 0.570124 0.004224
v -0.437690 0.570884 0.000000
v -0.438501 0.570124 -0.004224
v -0.440717 0.568050 -0.007316
v -0.443747 0.565216 -0.008448
v -0.446779 0.562382 -0.007316
v -0.449003 0.560313 -0.004224
v -0.436211 0.550782 0.000000
v -0.435884 0.551854 0.004224
v -0.434989 0.554785 0.007316
v -0.433771 0.558789 0.008448
v -0.432555 0.562792 0.007316
v -0.431668 0.565726 0.004224
v -0.431343 0.566799 0.000000
v -0.431668 0.565726 -0.004224
v -0.432555 0.562792 -0.007316
v -0.433771 0.558789 -0.008448
v -0.434989 0.554785 -0.007316
v -0.435884 0.551854 -0.004224
v -0.420121 0.550096 0.000000
v -0.420371 0.551194 0.004224
v -0.421054 0.554192 0.007316
v -0.421988 0.558289 0.008448
v -0.422922 0.562385 0.007316
v -0.423605 0.565384 0.004224
v -0.423856 0.566482 0.000000
v -0.423605 0.565384 -0.004224
v -0.422922 0.562385 -0.007316
v -0.421988 0.558289 -0.008448
v -0.421054 0.554192 -0.007316
v -0.420371 0.551194 -0.004224
v -0.377043 0.592471 0.000000
v -0.378117 0.592216 0.004224
v -0.381053 0.591520 0.007316
v -0.385065 0.590573 0.008448
v -0.389077 0.589631 0.007316
v -0.392014 0.588941 0.004224
v -0.393089 0.588688 0.000000
v -0.392014 0.588941 -0.004224
v -0.389077 0.589631 -0.007316
v -0.385065 0.590573 -0.008448
v -0.381053 0.591520 -0.007316
v -0.378117 0.592216 -0.004224
v -0.384696 0.606848 0.000000
v -0.385495 0.606080 0.004224
v -0.387680 0.603986 0.007316
v -0.390666 0.601126 0.008448
v -0.393655 0.598266 0.007316
v -0.395844 0.596172 0.004224
v -0.396646 0.595405 0.000000
v -0.395844 0.596172 -0.004224
v -0.393655 0.598266 -0.007316
v -0.390666 0.601126 -0.008448
v -0.387680 0.603986 -0.007316
v -0.385495 0.606080 -0.004224
v -0.398316 0.615493 0.000000
v -0.398629 0.614418 0.004224
v -0.399484 0.611481 0.007316
v -0.400654 0.607468 0.008448
v -0.401828 0.603459 0.007316
v -0.402688 0.600524 0.004224
v -0.403003 0.599450 0.000000
v -0.402688 0.600524 -0.004224
v -0.401828 0.603459 -0.007316
v -0.400654 0.607468 -0.008448
v -0.399484 0.611481 -0.007316
v -0.398629 0.614418 -0.004224
v -0.414253 0.616111 0.000000
v -0.413999 0.615014 0.004224
v -0.413305 0.612018 0.007316
v -0.412356 0.607925 0.008448
v -0.411407 0.603832 0.007316
v -0.410713 0.600836 0.004224
v -0.410459 0.599739 0.000000
v -0.410713 0.600836 -0.004224
v -0.411407 0.603832 -0.007316
v -0.412356 0.607925 -0.008448
v -0.413305 0.612018 -0.007316
v -0.413999 0.615014 -0.004224
v -0.400023 0.554715 0.000000
v -0.400277 0.555812 0.004224
v -0.400972 0.558808 0.007316
v -0.401920 0.562901 0.008448
v -0.402869 0.566994 0.007316
v -0.403564 0.569991 0.004224
v -0.403818 0.571088 0.000000
v -0.403564 0.569991 -0.004224
v -0.402869 0.566994 -0.007316
v -0.401920 0.562901 -0.008448
v -0.400972 0.558808 -0.007316
v -0.400277 0.555812 -0.004224
v -0.385856 0.562354 0.000000
v -0.386619 0.563177 0.004224
v -0.388701 0.565424 0.007316
v -0.391543 0.568494 0.008448
v -0.394384 0.571569 0.007316
v -0.396462 0.573820 0.004224
v -0.397222 0.574644 0.000000
v -0.396462 0.573820 -0.004224
v -0.394384 0.571569 -0.007316
v -0.391543 0.568494 -0.008448
v -0.388701 0.565424 -0.007316
v -0.386619 0.563177 -0.004224
v -0.377448 0.576182 0.000000
v -0.378510 0.576508 0.004224
v -0.381413 0.577405 0.007316
v -0.385376 0.578631 0.008448
v -0.389337 0.579859 0.007316
v -0.392235 0.580757 0.004224
v -0.393295 0.581087 0.000000
v -0.392235 0.580757 -0.004224
v -0.389337 0.579859 -0.007316
v -0.385376 0.578631 -0.008448
v -0.381413 0.577405 -0.007316
v -0.378510 0.576508 -0.004224
v -0.379110 0.591981 0.031680
v -0.378142 0.587892 0.030548
v -0.377434 0.584899 0.027456
v -0.377174 0.583804 0.023232
v -0.377434 0.584899 0.019008
v -0.378142 0.587892 0.015916
v -0.379110 0.591981 0.014784
v -0.380078 0.596069 0.015916
v -0.380786 0.599062 0.019008
v -0.381045 0.600158 0.023232
v -0.380786 0.599062 0.027456
v -0.380078 0.596069 0.030548
v -0.394154 0.588438 0.027435
v -0.392659 0.584473 0.026455
v -0.390487 0.581824 0.023777
v -0.388221 0.581200 0.020119
v -0.386470 0.582768 0.016461
v -0.385704 0.586107 0.013783
v -0.386130 0.590323 0.012803
v -0.387630 0.594287 0.013783
v -0.389802 0.596936 0.016461
v -0.392063 0.597561 0.020119
v -0.393809 0.595994 0.023777
v -0.394575 0.592655 0.026455
v -0.405174 0.585870 0.015840
v -0.403292 0.581994 0.015274
v -0.400047 0.579591 0.013728
v -0.396311 0.579304 0.011616
v -0.393087 0.581213 0.009504
v -0.391242 0.584806 0.007958
v -0.391270 0.589115 0.007392
v -0.393160 0.592987 0.007958
v -0.396403 0.595385 0.009504
v -0.400131 0.595670 0.011616
v -0.403347 0.593766 0.013728
v -0.405193 0.590179 0.015274
v -0.409208 0.584932 0.000000
v -0.407184 0.581089 0.000000
v -0.403548 0.578777 0.000000
v -0.399273 0.578615 0.000000
v -0.395509 0.580646 0.000000
v -0.393269 0.584330 0.000000
v -0.393152 0.588673 0.000000
v -0.395184 0.592512 0.000000
v -0.398820 0.594819 0.000000
v -0.403085 0.594983 0.000000
v -0.406839 0.592954 0.000000
v -0.409080 0.589275 0.000000
v -0.405174 0.585870 -0.015840
v -0.403292 0.581994 -0.015274
v -0.400047 0.579591 -0.013728
v -0.396311 0.579304 -0.011616
v -0.393087 0.581213 -0.009504
v -0.391242 0.584806 -0.007958
v -0.391270 0.589115 -0.007392
v -0.393160 0.592987 -0.007958
v -0.396403 0.595385 -0.009504
v -0.400131 0.595670 -0.011616
v -0.403347 0.593766 -0.013728
v -0.405193 0.590179 -0.015274
v -0.394154 0.588438 -0.027435
v -0.392659 0.584473 -0.026455
v -0.390487 0.581824 -0.023777
v -0.388221 0.581200 -0.020119
v -0.386470 0.582768 -0.016461
v -0.385704 0.586107 -0.013783
v -0.386130 0.590323 -0.012803
v -0.387630 0.594287 -0.013783
v -0.389802 0.596936 -0.016461
v -0.392063 0.597561 -0.020119
v -0.393809 0.595994 -0.023777
v -0.394575 0.592655 -0.026455
v -0.379110 0.591981 -0.031680
v -0.378142 0.587892 -0.030548
v -0.377434 0.584899 -0.027456
v -0.377175 0.583804 -0.023232
v -0.377434 0.584899 -0.019008
v -0.378142 0.587892 -0.015916
v -0.379110 0.591981 -0.014784
v -0.380078 0.596069 -0.015916
v -0.380786 0.599062 -0.019008
v -0.381045 0.600158 -0.023232
v -0.380786 0.599062 -0.027456
v -0.380078 0.596069 -0.030548
v -0.329116 0.604004 0.000000
v -0.329193 0.599661 0.000000
v -0.331399 0.595959 0.000000
v -0.335141 0.593890 0.000000
v -0.339416 0.594009 0.000000
v -0.343075 0.596288 0.000000
v -0.345137 0.600112 0.000000
v -0.345052 0.604455 0.000000
v -0.342845 0.608154 0.000000
v -0.339110 0.610221 0.000000
v -0.334843 0.610100 0.000000
v -0.331185 0.607825 0.000000
v -0.333140 0.603025 0.015840
v -0.333076 0.598717 0.015274
v -0.334889 0.595110 0.013728
v -0.338095 0.593172 0.011616
v -0.341833 0.593423 0.009504
v -0.345098 0.595800 0.007958
v -0.347015 0.599659 0.007392
v -0.347073 0.603967 0.007958
v -0.345258 0.607569 0.009504
v -0.342058 0.609504 0.011616
v -0.338327 0.609253 0.013728
v -0.335063 0.606881 0.015274
v -0.344135 0.600354 0.027435
v -0.343684 0.596141 0.026455
v -0.344428 0.592797 0.023777
v -0.346169 0.591219 0.020119
v -0.348439 0.591829 0.016461
v -0.350627 0.594465 0.013783
v -0.352148 0.598420 0.012803
v -0.352596 0.602634 0.013783
v -0.351851 0.605978 0.016461
v -0.350114 0.607556 0.020119
v -0.347848 0.606944 0.023777
v -0.345660 0.604308 0.026455
v -0.359161 0.596734 0.031680
v -0.358182 0.592649 0.030548
v -0.357464 0.589658 0.027456
v -0.357202 0.588563 0.023232
v -0.357464 0.589658 0.019008
v -0.358182 0.592649 0.015916
v -0.359161 0.596734 0.014784
v -0.360141 0.600820 0.015916
v -0.360859 0.603811 0.019008
v -0.361121 0.604906 0.023232
v -0.360859 0.603811 0.027456
v -0.360141 0.600820 0.030548
v -0.359161 0.596734 -0.031680
v -0.358182 0.592649 -0.030548
v -0.357464 0.589658 -0.027456
v -0.357202 0.588563 -0.023232
v -0.357464 0.589658 -0.019008
v -0.358182 0.592649 -0.015916
v -0.359161 0.596734 -0.014784
v -0.360141 0.600820 -0.015916
v -0.360859 0.603811 -0.019008
v -0.361121 0.604906 -0.023232
v -0.360859 0.603811 -0.027456
v -0.360141 0.600820 -0.030548
v -0.344135 0.600354 -0.027435
v -0.343684 0.596141 -0.026455
v -0.344428 0.592797 -0.023777
v -0.346169 0.591219 -0.020119
v -0.348439 0.591829 -0.016461
v -0.350627 0.594465 -0.013783
v -0.352148 0.598420 -0.012803
v -0.352596 0.602634 -0.013783
v -0.351851 0.605978 -0.016461
v -0.350114 0.607556 -0.020119
v -0.347848 0.606944 -0.023777
v -0.345660 0.604308 -0.026455
v -0.333140 0.603025 -0.015840
v -0.333076 0.598717 -0.015274
v -0.334889 0.595110 -0.013728
v -0.338095 0.593172 -0.011616
v -0.341833 0.593424 -0.009504
v -0.345098 0.595800 -0.007958
v -0.347015 0.599659 -0.007392
v -0.347073 0.603967 -0.007958
v -0.345258 0.607569 -0.009504
v -0.342058 0.609504 -0.011616
v -0.338327 0.609253 -0.013728
v -0.335063 0.606881 -0.015274
v -0.323716 0.572887 0.000000
v -0.323983 0.573981 -0.004224
v -0.324712 0.576969 -0.007316
v -0.325707 0.581051 -0.008448
v -0.326702 0.585133 -0.007316
v -0.327431 0.588121 -0.004224
v -0.327697 0.589215 0.000000
v -0.327431 0.588121 0.004224
v -0.326702 0.585133 0.007316
v -0.325707 0.581051 0.008448
v -0.324712 0.576969 0.007316
v -0.323983 0.573981 0.004224
v -0.339788 0.573330 0.000000
v -0.339479 0.574408 -0.004224
v -0.338634 0.577352 -0.007316
v -0.337481 0.581373 -0.008448
v -0.336331 0.585398 -0.007316
v -0.335491 0.588343 -0.004224
v -0.335183 0.589422 0.000000
v -0.335491 0.588343 0.004224
v -0.336331 0.585398 0.007316
v -0.337481 0.581373 0.008448
v -0.338634 0.577352 0.007316
v -0.339479 0.574408 0.004224
v -0.353521 0.581883 0.000000
v -0.352720 0.582654 -0.004224
v -0.350535 0.584763 -0.007316
v -0.347551 0.587644 -0.008448
v -0.344569 0.590524 -0.007316
v -0.342388 0.592633 -0.004224
v -0.341590 0.593405 0.000000
v -0.342388 0.592633 0.004224
v -0.344569 0.590524 0.007316
v -0.347551 0.587644 0.008448
v -0.350535 0.584762 0.007316
v -0.352720 0.582654 0.004224
v -0.361228 0.596240 0.000000
v -0.360154 0.596497 -0.004224
v -0.357219 0.597199 -0.007316
v -0.353212 0.598163 -0.008448
v -0.349205 0.599130 -0.007316
v -0.346272 0.599838 -0.004224
v -0.345199 0.600097 0.000000
v -0.346272 0.599838 0.004224
v -0.349205 0.599130 0.007316
v -0.353212 0.598163 0.008448
v -0.357219 0.597199 0.007316
v -0.360154 0.596497 0.004224
v -0.360879 0.612524 0.000000
v -0.359819 0.612199 -0.004224
v -0.356924 0.611315 -0.007316
v -0.352968 0.610108 -0.008448
v -0.349010 0.608903 -0.007316
v -0.346112 0.608020 -0.004224
v -0.345050 0.607697 0.000000
v -0.346112 0.608020 0.004224
v -0.349010 0.608902 0.007316
v -0.352968 0.610108 0.008448
v -0.356924 0.611315 0.007316
v -0.359819 0.612199 0.004224
v -0.352613 0.626382 0.000000
v -0.351848 0.625563 -0.004224
v -0.349761 0.623327 -0.007316
v -0.346907 0.620273 -0.008448
v -0.344051 0.617222 -0.007316
v -0.341960 0.614990 -0.004224
v -0.341194 0.614173 0.000000
v -0.341960 0.614990 0.004224
v -0.344051 0.617222 0.007316
v -0.346907 0.620273 0.008448
v -0.349761 0.623327 0.007316
v -0.351848 0.625563 0.004224
v -0.338644 0.634117 0.000000
v -0.338378 0.633023 -0.004224
v -0.337649 0.630035 -0.007316
v -0.336654 0.625953 -0.008448
v -0.335659 0.621871 -0.007316
v -0.334930 0.618882 -0.004224
v -0.334663 0.617789 0.000000
v -0.334930 0.618882 0.004224
v -0.335659 0.621871 0.007316
v -0.336654 0.625953 0.008448
v -0.337649 0.630035 0.007316
v -0.338378 0.633023 0.004224
v -0.281258 0.615824 0.000000
v -0.282330 0.615557 -0.004224
v -0.285258 0.614827 -0.007316
v -0.289257 0.613830 -0.008448
v -0.293257 0.612837 -0.007316
v -0.296186 0.612111 -0.004224
v -0.297258 0.611845 0.000000
v -0.296186 0.612111 0.004224
v -0.293257 0.612837 0.007316
v -0.289257 0.613830 0.008448
v -0.285258 0.614827 0.007316
v -0.282330 0.615557 0.004224
v -0.281468 0.599534 0.000000
v -0.282533 0.599848 -0.004224
v -0.285444 0.600707 -0.007316
v -0.289419 0.601885 -0.008448
v -0.293393 0.603064 -0.007316
v -0.296302 0.603927 -0.004224
v -0.297366 0.604242 0.000000
v -0.296302 0.603927 0.004224
v -0.293393 0.603064 0.007316
v -0.289419 0.601885 0.008448
v -0.285444 0.600707 0.007316
v -0.282533 0.599848 0.004224
v -0.289690 0.585605 0.000000
v -0.290461 0.586418 -0.004224
v -0.292570 0.588640 -0.007316
v -0.295449 0.591674 -0.008448
v -0.298327 0.594710 -0.007316
v -0.300434 0.596934 -0.004224
v -0.301205 0.597748 0.000000
v -0.300434 0.596934 0.004224
v -0.298327 0.594710 0.007316
v -0.295449 0.591674 0.008448
v -0.292570 0.588640 0.007316
v -0.290461 0.586418 0.004224
v -0.303727 0.577787 0.000000
v -0.303996 0.578880 -0.004224
v -0.304732 0.581866 -0.007316
v -0.305737 0.585946 -0.008448
v -0.306741 0.590026 -0.007316
v -0.307477 0.593012 -0.004224
v -0.307746 0.594105 0.000000
v -0.307477 0.593012 0.004224
v -0.306741 0.590026 0.007316
v -0.305737 0.585946 0.008448
v -0.304732 0.581866 0.007316
v -0.303996 0.578880 0.004224
v -0.318798 0.638981 0.000000
v -0.318529 0.637888 -0.004224
v -0.317794 0.634902 -0.007316
v -0.316789 0.630822 -0.008448
v -0.315784 0.626742 -0.007316
v -0.315049 0.623756 -0.004224
v -0.314779 0.622663 0.000000
v -0.315049 0.623756 0.004224
v -0.315784 0.626742 0.007316
v -0.316789 0.630822 0.008448
v -0.317794 0.634902 0.007316
v -0.318529 0.637888 0.004224
v -0.302826 0.638581 0.000000
v -0.303126 0.637502 -0.004224
v -0.303946 0.634554 -0.007316
v -0.305067 0.630527 -0.008448
v -0.306190 0.626499 -0.007316
v -0.307013 0.623553 -0.004224
v -0.307315 0.622474 0.000000
v -0.307013 0.623553 0.004224
v -0.306190 0.626499 0.007316
v -0.305067 0.630527 0.008448
v -0.303946 0.634554 0.007316
v -0.303126 0.637502 0.004224
v -0.289085 0.630111 0.000000
v -0.289876 0.629333 -0.004224
v -0.292037 0.627209 -0.007316
v -0.294990 0.624312 -0.008448
v -0.297945 0.621414 -0.007316
v -0.300109 0.619293 -0.004224
v -0.300901 0.618517 0.000000
v -0.300109 0.619293 0.004224
v -0.297945 0.621414 0.007316
v -0.294990 0.624312 0.008448
v -0.292037 0.627209 0.007316
v -0.289876 0.629333 0.004224
v -0.283320 0.615310 -0.031680
v -0.284336 0.619387 -0.030548
v -0.285081 0.622371 -0.027456
v -0.285353 0.623464 -0.023232
v -0.285081 0.622371 -0.019008
v -0.284336 0.619387 -0.015916
v -0.283320 0.615310 -0.014784
v -0.282304 0.611234 -0.015916
v -0.281560 0.608249 -0.019008
v -0.281287 0.607157 -0.023232
v -0.281560 0.608249 -0.027456
v -0.282304 0.611234 -0.030548
v -0.298320 0.611581 -0.027435
v -0.298795 0.615793 -0.026455
v -0.298071 0.619141 -0.023777
v -0.296344 0.620730 -0.020119
v -0.294074 0.620133 -0.016461
v -0.291868 0.617511 -0.013783
v -0.290319 0.613566 -0.012803
v -0.289842 0.609356 -0.013783
v -0.290565 0.606008 -0.016461
v -0.292295 0.604418 -0.020119
v -0.294568 0.605014 -0.023777
v -0.296774 0.607636 -0.026455
v -0.309304 0.608867 -0.015840
v -0.309382 0.613175 -0.015274
v -0.307583 0.616787 -0.013728
v -0.304391 0.618734 -0.011616
v -0.300658 0.618499 -0.009504
v -0.297384 0.616143 -0.007958
v -0.295444 0.612295 -0.007392
v -0.295361 0.607987 -0.007958
v -0.297159 0.604371 -0.009504
v -0.300356 0.602419 -0.011616
v -0.304094 0.602657 -0.013728
v -0.307370 0.605017 -0.015274
v -0.313326 0.607875 0.000000
v -0.313258 0.612220 0.000000
v -0.311066 0.615928 0.000000
v -0.307337 0.618007 0.000000
v -0.303068 0.617901 0.000000
v -0.299402 0.615642 0.000000
v -0.297320 0.611830 0.000000
v -0.297381 0.607485 0.000000
v -0.299572 0.603773 0.000000
v -0.303307 0.601691 0.000000
v -0.307582 0.601796 0.000000
v -0.311249 0.604060 0.000000
v -0.309304 0.608867 0.015840
v -0.309382 0.613175 0.015274
v -0.307583 0.616787 0.013728
v -0.304391 0.618734 0.011616
v -0.300658 0.618499 0.009504
v -0.297384 0.616143 0.007958
v -0.295444 0.612295 0.007392
v -0.295361 0.607986 0.007958
v -0.297159 0.604371 0.009504
v -0.300356 0.602419 0.011616
v -0.304094 0.602656 0.013728
v -0.307370 0.605017 0.015274
v -0.298320 0.611581 0.027435
v -0.298795 0.615793 0.026455
v -0.298071 0.619141 0.023777
v -0.296344 0.620730 0.020119
v -0.294074 0.620133 0.016461
v -0.291868 0.617511 0.013783
v -0.290319 0.613566 0.012803
v -0.289841 0.609356 0.013783
v -0.290565 0.606007 0.016461
v -0.292295 0.604418 0.020119
v -0.294568 0.605014 0.023777
v -0.296774 0.607636 0.026455
v -0.283320 0.615310 0.031680
v -0.284336 0.619387 0.030548
v -0.285081 0.622371 0.027456
v -0.285353 0.623464 0.023232
v -0.285081 0.622371 0.019008
v -0.284336 0.619387 0.015916
v -0.283320 0.615310 0.014784
v -0.282304 0.611233 0.015916
v -0.281560 0.608249 0.019008
v -0.281287 0.607157 0.023232
v -0.281560 0.608249 0.027456
v -0.282304 0.611233 0.030548
v -0.233452 0.627852 0.000000
v -0.235554 0.631653 0.000000
v -0.239233 0.633895 0.000000
v -0.243504 0.633976 0.000000
v -0.247222 0.631875 0.000000
v -0.249393 0.628153 0.000000
v -0.249436 0.623810 0.000000
v -0.247337 0.620006 0.000000
v -0.243658 0.617763 0.000000
v -0.239384 0.617683 0.000000
v -0.235662 0.619785 0.000000
v -0.233491 0.623507 0.000000
v -0.237467 0.626835 -0.015840
v -0.239425 0.630674 -0.015274
v -0.242712 0.633015 -0.013728
v -0.246447 0.633232 -0.011616
v -0.249630 0.631266 -0.009504
v -0.251410 0.627645 -0.007958
v -0.251310 0.623338 -0.007392
v -0.249355 0.619497 -0.007958
v -0.246068 0.617154 -0.009504
v -0.242330 0.616938 -0.011616
v -0.239144 0.618905 -0.013728
v -0.237364 0.622528 -0.015274
v -0.248437 0.624062 -0.027435
v -0.250000 0.628001 -0.026455
v -0.252215 0.630615 -0.023777
v -0.254487 0.631203 -0.020119
v -0.256210 0.629608 -0.016461
v -0.256921 0.626257 -0.013783
v -0.256431 0.622048 -0.012803
v -0.254869 0.618109 -0.013783
v -0.252655 0.615495 -0.016461
v -0.250380 0.614906 -0.020119
v -0.248656 0.616502 -0.023777
v -0.247945 0.619853 -0.026455
v -0.263426 0.620288 -0.031680
v -0.264449 0.624363 -0.030548
v -0.265199 0.627346 -0.027456
v -0.265473 0.628438 -0.023232
v -0.265199 0.627346 -0.019008
v -0.264449 0.624363 -0.015916
v -0.263426 0.620288 -0.014784
v -0.262402 0.616213 -0.015916
v -0.261653 0.613230 -0.019008
v -0.261379 0.612138 -0.023232
v -0.261653 0.613230 -0.027456
v -0.262403 0.616213 -0.030548
v -0.263426 0.620288 0.031680
v -0.264449 0.624363 0.030548
v -0.265199 0.627346 0.027456
v -0.265473 0.628438 0.023232
v -0.265199 0.627346 0.019008
v -0.264449 0.624363 0.015916
v -0.263426 0.620288 0.014784
v -0.262402 0.616213 0.015916
v -0.261653 0.613230 0.019008
v -0.261379 0.612138 0.023232
v -0.261653 0.613230 0.027456
v -0.262402 0.616213 0.030548
v -0.248437 0.624061 0.027435
v -0.250000 0.628000 0.026455
v -0.252215 0.630615 0.023777
v -0.254487 0.631203 0.020119
v -0.256210 0.629608 0.016461
v -0.256921 0.626257 0.013783
v -0.256431 0.622048 0.012803
v -0.254869 0.618109 0.013783
v -0.252655 0.615495 0.016461
v -0.250380 0.614906 0.020119
v -0.248656 0.616502 0.023777
v -0.247945 0.619853 0.026455
v -0.237467 0.626835 0.015840
v -0.239425 0.630674 0.015274
v -0.242712 0.633015 0.013728
v -0.246447 0.633232 0.011616
v -0.249630 0.631266 0.009504
v -0.251410 0.627645 0.007958
v -0.251310 0.623338 0.007392
v -0.249355 0.619497 0.007958
v -0.246068 0.617154 0.009504
v -0.242330 0.616938 0.011616
v -0.239144 0.618905 0.013728
v -0.237364 0.622528 0.015274
v -0.243248 0.657877 0.000000
v -0.242971 0.656785 0.004224
v -0.242216 0.653804 0.007316
v -0.241185 0.649731 0.008448
v -0.240153 0.645658 0.007316
v -0.239398 0.642676 0.004224
v -0.239122 0.641585 0.000000
v -0.239398 0.642676 -0.004224
v -0.240153 0.645658 -0.007316
v -0.241185 0.649731 -0.008448
v -0.242216 0.653804 -0.007316
v -0.242971 0.656785 -0.004224
v -0.257170 0.650004 0.000000
v -0.256398 0.649193 0.004224
v -0.254286 0.646978 0.007316
v -0.251400 0.643954 0.008448
v -0.248513 0.640931 0.007316
v -0.246399 0.638718 0.004224
v -0.245626 0.637908 0.000000
v -0.246399 0.638718 -0.004224
v -0.248513 0.640931 -0.007316
v -0.251400 0.643954 -0.008448
v -0.254286 0.646978 -0.007316
v -0.256398 0.649193 -0.004224
v -0.265310 0.636060 0.000000
v -0.264246 0.635747 0.004224
v -0.261340 0.634893 0.007316
v -0.257369 0.633727 0.008448
v -0.253397 0.632561 0.007316
v -0.250488 0.631708 0.004224
v -0.249423 0.631396 0.000000
v -0.250488 0.631708 -0.004224
v -0.253397 0.632561 -0.007316
v -0.257369 0.633727 -0.008448
v -0.261340 0.634893 -0.007316
v -0.264246 0.635747 -0.004224
v -0.265487 0.619771 0.000000
v -0.264416 0.620040 0.004224
v -0.261489 0.620774 0.007316
v -0.257492 0.621781 0.008448
v -0.253495 0.622787 0.007316
v -0.250569 0.623524 0.004224
v -0.249498 0.623794 0.000000
v -0.250569 0.623524 -0.004224
v -0.253495 0.622788 -0.007316
v -0.257492 0.621781 -0.008448
v -0.261489 0.620774 -0.007316
v -0.264416 0.620040 -0.004224
v -0.257629 0.605498 0.000000
v -0.256838 0.606278 0.004224
v -0.254677 0.608409 0.007316
v -0.251725 0.611318 0.008448
v -0.248774 0.614228 0.007316
v -0.246615 0.616358 0.004224
v -0.245824 0.617138 0.000000
v -0.246615 0.616358 -0.004224
v -0.248774 0.614228 -0.007316
v -0.251725 0.611318 -0.008448
v -0.254677 0.608409 -0.007316
v -0.256838 0.606278 -0.004224
v -0.243824 0.597081 0.000000
v -0.243526 0.598162 0.004224
v -0.242712 0.601114 0.007316
v -0.241602 0.605147 0.008448
v -0.240492 0.609181 0.007316
v -0.239681 0.612134 0.004224
v -0.239384 0.613214 0.000000
v -0.239681 0.612134 -0.004224
v -0.240492 0.609181 -0.007316
v -0.241602 0.605147 -0.008448
v -0.242712 0.601114 -0.007316
v -0.243526 0.598162 -0.004224
v -0.227775 0.596782 0.000000
v -0.228052 0.597874 0.004224
v -0.228807 0.600855 0.007316
v -0.229838 0.604928 0.008448
v -0.230870 0.609001 0.007316
v -0.231625 0.611983 0.004224
v -0.231901 0.613074 0.000000
v -0.231625 0.611983 -0.004224
v -0.230870 0.609001 -0.007316
v -0.229838 0.604928 -0.008448
v -0.228807 0.600855 -0.007316
v -0.228052 0.597874 -0.004224
v -0.185680 0.640019 0.000000
v -0.186750 0.639745 0.004224
v -0.189674 0.638998 0.007316
v -0.193667 0.637977 0.008448
v -0.197661 0.636958 0.007316
v -0.200585 0.636212 0.004224
v -0.201655 0.635939 0.000000
v -0.200585 0.636212 -0.004224
v -0.197661 0.636958 -0.007316
v -0.193667 0.637977 -0.008448
v -0.189674 0.638998 -0.007316
v -0.186750 0.639745 -0.004224
v -0.193594 0.654258 0.000000
v -0.194381 0.653476 0.004224
v -0.196531 0.651339 0.007316
v -0.199468 0.648421 0.008448
v -0.202406 0.645503 0.007316
v -0.204557 0.643367 0.004224
v -0.205344 0.642586 0.000000
v -0.204557 0.643367 -0.004224
v -0.202406 0.645503 -0.007316
v -0.199468 0.648421 -0.008448
v -0.196531 0.651339 -0.007316
v -0.194381 0.653476 -0.004224
v -0.207402 0.662636 0.000000
v -0.207696 0.661555 0.004224
v -0.208498 0.658602 0.007316
v -0.209594 0.654567 0.008448
v -0.210691 0.650532 0.007316
v -0.211494 0.647578 0.004224
v -0.211788 0.646497 0.000000
v -0.211494 0.647578 -0.004224
v -0.210691 0.650532 -0.007316
v -0.209594 0.654567 -0.008448
v -0.208498 0.658602 -0.007316
v -0.207696 0.661555 -0.004224
v -0.223404 0.662916 0.000000
v -0.223127 0.661825 0.004224
v -0.222368 0.658844 0.007316
v -0.221332 0.654772 0.008448
v -0.220297 0.650700 0.007316
v -0.219538 0.647719 0.004224
v -0.219261 0.646628 0.000000
v -0.219538 0.647719 -0.004224
v -0.220297 0.650700 -0.007316
v -0.221332 0.654772 -0.008448
v -0.222368 0.658844 -0.007316
v -0.223127 0.661825 -0.004224
v -0.207865 0.601838 0.000000
v -0.208143 0.602929 0.004224
v -0.208901 0.605910 0.007316
v -0.209937 0.609982 0.008448
v -0.210973 0.614054 0.007316
v -0.211731 0.617034 0.004224
v -0.212009 0.618126 0.000000
v -0.211731 0.617034 -0.004224
v -0.210973 0.614054 -0.007316
v -0.209937 0.609982 -0.008448
v -0.208901 0.605910 -0.007316
v -0.208143 0.602929 -0.004224
v -0.193911 0.609750 0.000000
v -0.194687 0.610558 0.004224
v -0.196809 0.612766 0.007316
v -0.199706 0.615782 0.008448
v -0.202604 0.618798 0.007316
v -0.204724 0.621006 0.004224
v -0.205500 0.621815 0.000000
v -0.204724 0.621006 -0.004224
v -0.202604 0.618798 -0.007316
v -0.199706 0.615782 -0.008448
v -0.196809 0.612766 -0.007316
v -0.194687 0.610558 -0.004224
v -0.185792 0.623727 0.000000
v -0.186859 0.624036 0.004224
v -0.189772 0.624878 0.007316
v -0.193752 0.626031 0.008448
v -0.197732 0.627183 0.007316
v -0.200645 0.628027 0.004224
v -0.201711 0.628336 0.000000
v -0.200645 0.628027 -0.004224
v -0.197732 0.627183 -0.007316
v -0.193752 0.626031 -0.008448
v -0.189772 0.624878 -0.007316
v -0.186859 0.624036 -0.004224
v -0.187739 0.639492 0.031680
v -0.186698 0.635421 0.030548
v -0.185937 0.632442 0.027456
v -0.185658 0.631351 0.023232
v -0.185937 0.632442 0.019008
v -0.186698 0.635422 0.015916
v -0.187739 0.639492 0.014784
v -0.188779 0.643563 0.015916
v -0.189541 0.646543 0.019008
v -0.189820 0.647634 0.023232
v -0.189541 0.646543 0.027456
v -0.188779 0.643563 0.030548
v -0.202715 0.635668 0.027435
v -0.201142 0.631733 0.026455
v -0.198919 0.629126 0.023777
v -0.196644 0.628545 0.020119
v -0.194924 0.630145 0.016461
v -0.194223 0.633498 0.013783
v -0.194727 0.637706 0.012803
v -0.196302 0.641640 0.013783
v -0.198524 0.644248 0.016461
v -0.200799 0.644829 0.020119
v -0.202517 0.643229 0.023777
v -0.203219 0.639876 0.026455
v -0.213680 0.632874 0.015840
v -0.211717 0.629039 0.015274
v -0.208425 0.626703 0.013728
v -0.204686 0.626493 0.011616
v -0.201505 0.628467 0.009504
v -0.199732 0.632093 0.007958
v -0.199844 0.636401 0.007392
v -0.201809 0.640235 0.007958
v -0.205101 0.642570 0.009504
v -0.208837 0.642779 0.011616
v -0.212017 0.640807 0.013728
v -0.213790 0.637182 0.015274
v -0.217694 0.631853 0.000000
v -0.215588 0.628053 0.000000
v -0.211904 0.625817 0.000000
v -0.207631 0.625743 0.000000
v -0.203913 0.627852 0.000000
v -0.201749 0.631579 0.000000
v -0.201717 0.635923 0.000000
v -0.203825 0.639721 0.000000
v -0.207508 0.641956 0.000000
v -0.211779 0.642029 0.000000
v -0.215494 0.639922 0.000000
v -0.217659 0.636197 0.000000
v -0.213680 0.632874 -0.015840
v -0.211717 0.629039 -0.015274
v -0.208425 0.626703 -0.013728
v -0.204686 0.626493 -0.011616
v -0.201505 0.628467 -0.009504
v -0.199732 0.632093 -0.007958
v -0.199844 0.636401 -0.007392
v -0.201809 0.640235 -0.007958
v -0.205101 0.642570 -0.009504
v -0.208837 0.642779 -0.011616
v -0.212017 0.640807 -0.013728
v -0.213790 0.637182 -0.015274
v -0.202715 0.635668 -0.027435
v -0.201142 0.631733 -0.026455
v -0.198919 0.629126 -0.023777
v -0.196644 0.628545 -0.020119
v -0.194924 0.630145 -0.016461
v -0.194223 0.633498 -0.013783
v -0.194727 0.637706 -0.012803
v -0.196302 0.641640 -0.013783
v -0.198524 0.644248 -0.016461
v -0.200799 0.644829 -0.020119
v -0.202517 0.643229 -0.023777
v -0.203219 0.639876 -0.026455
v -0.187739 0.639492 -0.031680
v -0.186698 0.635422 -0.030548
v -0.185937 0.632442 -0.027456
v -0.185658 0.631351 -0.023232
v -0.185937 0.632442 -0.019008
v -0.186698 0.635422 -0.015916
v -0.187739 0.639492 -0.014784
v -0.188779 0.643563 -0.015916
v -0.189541 0.646543 -0.019008
v -0.189820 0.647634 -0.023232
v -0.189541 0.646543 -0.027456
v -0.188779 0.643563 -0.030548
v -0.137925 0.652251 0.000000
v -0.137951 0.647907 0.000000
v -0.140110 0.644178 0.000000
v -0.143824 0.642064 0.000000
v -0.148096 0.642131 0.000000
v -0.151783 0.644361 0.000000
v -0.153896 0.648157 0.000000
v -0.153869 0.652501 0.000000
v -0.151710 0.656230 0.000000
v -0.147997 0.658344 0.000000
v -0.143725 0.658277 0.000000
v -0.140038 0.656047 0.000000
v -0.141937 0.651223 0.015840
v -0.141820 0.646915 0.015274
v -0.143587 0.643287 0.013728
v -0.146766 0.641310 0.011616
v -0.150503 0.641514 0.009504
v -0.153798 0.643844 0.007958
v -0.155768 0.647677 0.007392
v -0.155885 0.651984 0.007958
v -0.154117 0.655613 0.009504
v -0.150939 0.657590 0.011616
v -0.147202 0.657386 0.013728
v -0.143907 0.655055 0.015274
v -0.152898 0.648413 0.027435
v -0.152389 0.644206 0.026455
v -0.153087 0.640852 0.023777
v -0.154804 0.639249 0.020119
v -0.157081 0.639828 0.016461
v -0.159306 0.642433 0.013783
v -0.160883 0.646366 0.012803
v -0.161391 0.650573 0.013783
v -0.160693 0.653927 0.016461
v -0.158977 0.655529 0.020119
v -0.156701 0.654950 0.023777
v -0.154476 0.652346 0.026455
v -0.167871 0.644576 0.031680
v -0.166829 0.640505 0.030548
v -0.166066 0.637526 0.027456
v -0.165786 0.636435 0.023232
v -0.166066 0.637526 0.019008
v -0.166829 0.640506 0.015916
v -0.167871 0.644576 0.014784
v -0.168913 0.648646 0.015916
v -0.169676 0.651626 0.019008
v -0.169956 0.652716 0.023232
v -0.169676 0.651626 0.027456
v -0.168913 0.648646 0.030548
v -0.167871 0.644576 -0.031680
v -0.166829 0.640506 -0.030548
v -0.166066 0.637526 -0.027456
v -0.165786 0.636436 -0.023232
v -0.166066 0.637526 -0.019008
v -0.166829 0.640506 -0.015916
v -0.167871 0.644576 -0.014784
v -0.168913 0.648646 -0.015916
v -0.169677 0.651626 -0.019008
v -0.169956 0.652716 -0.023232
v -0.169677 0.651626 -0.027456
v -0.168913 0.648646 -0.030548
v -0.152898 0.648413 -0.027435
v -0.152390 0.644206 -0.026455
v -0.153087 0.640852 -0.023777
v -0.154804 0.639249 -0.020119
v -0.157081 0.639828 -0.016461
v -0.159306 0.642433 -0.013783
v -0.160883 0.646366 -0.012803
v -0.161391 0.650573 -0.013783
v -0.160693 0.653927 -0.016461
v -0.158977 0.655529 -0.020119
v -0.156701 0.654950 -0.023777
v -0.154476 0.652346 -0.026455
v -0.141937 0.651223 -0.015840
v -0.141820 0.646915 -0.015274
v -0.143588 0.643287 -0.013728
v -0.146766 0.641310 -0.011616
v -0.150503 0.641514 -0.009504
v -0.153798 0.643844 -0.007958
v -0.155768 0.647677 -0.007392
v -0.155885 0.651984 -0.007958
v -0.154117 0.655613 -0.009504
v -0.150939 0.657590 -0.011616
v -0.147202 0.657386 -0.013728
v -0.143907 0.655055 -0.015274
v -1.002047 0.536032 0.000000
v -1.002048 0.534906 -0.004224
v -1.002049 0.531830 -0.007316
v -1.002052 0.527629 -0.008448
v -1.002055 0.523427 -0.007316
v -1.002056 0.520352 -0.004224
v -1.002057 0.519226 0.000000
v -1.002056 0.520352 0.004224
v -1.002055 0.523427 0.007316
v -1.002052 0.527629 0.008448
v -1.002049 0.531830 0.007316
v -1.002048 0.534906 0.004224
v -1.002085 0.474135 0.004224
v -1.002083 0.477211 0.007316
v -1.002080 0.481413 0.008448
v -1.002078 0.485614 0.007316
v -1.002076 0.488690 0.004224
v -1.002075 0.489816 0.000000
v -1.002076 0.488690 -0.004224
v -1.002078 0.485614 -0.007316
v -1.002080 0.481413 -0.008448
v -1.002083 0.477211 -0.007316
v -1.002085 0.474135 -0.004224
v -1.002085 0.473010 0.000000
vn -0.0000 -0.0000 1.0000
vn -0.0000 0.0276 -0.9996
vn -0.0000 0.0138 -0.9999
vn -0.0000 -1.0000 -0.0000
vn -0.0000 0.1213 -0.9926
vn -0.0000 0.1462 -0.9893
vn -0.0000 1.0000 -0.0000
vn 1.0000 -0.0000 -0.0000
vn -0.0000 -0.0000 -1.0000
vn 0.9927 0.1206 -0.0000
vn 0.9894 0.1454 -0.0000
vn 0.9876 0.1568 -0.0000
vn -0.9927 0.1206 -0.0000
vn -0.9894 0.1454 -0.0000
vn -0.9876 0.1568 -0.0000
vn -0.0000 0.1462 0.9893
vn -0.0000 0.1576 0.9875
vn -0.0000 0.1242 0.9923
vn -0.0000 0.1013 0.9949
vn -0.0000 0.0785 0.9969
vn -0.0000 0.0540 0.9985
vn 0.9923 0.1236 -0.0000
vn 0.9949 0.1008 -0.0000
vn 0.9969 0.0781 -0.0000
vn 0.9986 0.0537 -0.0000
vn 0.9996 0.0274 -0.0000
vn -0.0000 0.0276 0.9996
vn -0.9923 0.1236 -0.0000
vn -0.9949 0.1008 -0.0000
vn -0.9969 0.0781 -0.0000
vn -0.9986 0.0537 -0.0000
vn -0.9996 0.0274 -0.0000
vn -1.0000 -0.0000 -0.0000
vn -0.0000 0.1576 -0.9875
vn -0.0000 0.1242 -0.9923
vn -0.0000 0.1013 -0.9949
vn -0.0000 0.0785 -0.9969
vn -0.0000 0.0540 -0.9985
vn -0.0000 0.0138 0.9999
vn 0.9999 0.0138 -0.0000
vn -0.9999 0.0138 -0.0000
vn -0.7350 0.6781 -0.0000
vn -0.0000 0.6800 -0.7332
vn 0.7350 0.6781 -0.0000
vn -0.0000 0.6800 0.7332
vn 0.3929 0.7252 -0.5655
vn -0.3929 0.7252 -0.5655
vn -0.1622 0.8482 -0.5043
vn 0.1622 0.8482 -0.5043
vn -0.3929 0.7252 0.5655
vn 0.3929 0.7252 0.5655
vn 0.1622 0.8482 0.5043
vn -0.1622 0.8482 0.5043
vn 0.5673 0.7249 0.3908
vn 0.5673 0.7249 -0.3908
vn 0.5062 0.8472 -0.1611
vn 0.5062 0.8472 0.1611
vn -0.5673 0.7249 -0.3908
vn -0.5673 0.7249 0.3908
vn -0.5062 0.8472 0.1611
vn -0.5062 0.8472 -0.1611
vn -0.0000 0.1213 0.9926
vn -0.7596 -0.4608 0.4591
vn -0.4608 -0.7596 0.4591
vn -0.4618 -0.4618 0.7572
vn 0.4618 -0.4618 0.7572
vn 0.4608 -0.7596 0.4591
vn 0.7596 -0.4608 0.4591
vn -0.7596 -0.4608 -0.4591
vn -0.4618 -0.4618 -0.7572
vn -0.4608 -0.7596 -0.4591
vn 0.7596 -0.4608 -0.4591
vn 0.4608 -0.7596 -0.4591
vn 0.4618 -0.4618 -0.7572
vn -0.3432 0.8742 0.3436
vn -0.0980 0.8312 0.5472
vn -0.5498 0.8296 0.0970
vn 0.3432 0.8741 0.3436
vn 0.5498 0.8296 0.0970
vn 0.0980 0.8312 0.5472
vn -0.5498 0.8296 -0.0970
vn -0.0980 0.8312 -0.5472
vn -0.3432 0.8741 -0.3436
vn 0.3432 0.8742 -0.3436
vn 0.0980 0.8312 -0.5472
vn 0.5498 0.8296 -0.0970
vn -0.5955 -0.7965 0.1045
vn -0.1057 -0.7983 0.5930
vn -0.3736 -0.8488 0.3740
vn 0.1057 -0.7983 0.5930
vn 0.5955 -0.7965 0.1045
vn 0.3736 -0.8488 0.3740
vn -0.3736 -0.8488 -0.3740
vn -0.1057 -0.7983 -0.5930
vn -0.5955 -0.7965 -0.1045
vn 0.5955 -0.7965 -0.1045
vn 0.1057 -0.7983 -0.5930
vn 0.3736 -0.8488 -0.3740
vn -0.7596 0.4608 -0.4591
vn -0.4608 0.7596 -0.4591
vn -0.4618 0.4618 -0.7572
vn 0.5197 0.6802 -0.5170
vn 0.6791 0.2871 -0.6755
vn 0.6792 0.2866 -0.6756
vn 0.5201 0.6796 -0.5174
vn 0.4618 0.4618 0.7572
vn 0.7596 0.4608 0.4591
vn 0.4608 0.7596 0.4591
vn 0.5201 0.6796 0.5174
vn 0.6792 0.2866 0.6756
vn 0.6791 0.2871 0.6755
vn 0.5197 0.6802 0.5170
vn 0.3949 0.8817 -0.2582
vn 0.2598 0.8820 -0.3932
vn 0.2306 0.9456 -0.2293
vn 0.2598 0.8820 0.3932
vn 0.3949 0.8817 0.2582
vn 0.2306 0.9456 0.2293
vn -0.3949 0.8817 0.2582
vn -0.2598 0.8820 0.3932
vn -0.2306 0.9456 0.2293
vn -0.3949 0.8817 -0.2582
vn -0.2306 0.9456 -0.2293
vn -0.2598 0.8820 -0.3932
vn -0.5197 0.6802 0.5170
vn -0.6791 0.2871 0.6755
vn -0.6792 0.2866 0.6756
vn -0.5201 0.6796 0.5174
vn -0.7596 0.4608 0.4591
vn -0.4618 0.4618 0.7572
vn -0.4608 0.7596 0.4591
vn -0.5197 0.6802 -0.5170
vn -0.5201 0.6796 -0.5174
vn -0.6792 0.2866 -0.6756
vn -0.6791 0.2871 -0.6755
vn 0.7596 0.4608 -0.4591
vn 0.4618 0.4618 -0.7572
vn 0.4608 0.7596 -0.4591
vn -0.5910 0.8000 -0.1040
vn -0.1051 0.8017 -0.5884
vn -0.3708 0.8513 -0.3711
vn -0.5910 0.8000 0.1040
vn -0.3708 0.8513 0.3711
vn -0.1051 0.8017 0.5884
vn 0.1051 0.8017 0.5884
vn 0.3708 0.8513 0.3711
vn 0.5910 0.8000 0.1040
vn 0.5910 0.8000 -0.1040
vn 0.3708 0.8513 -0.3711
vn 0.1051 0.8017 -0.5884
vn -0.2193 0.9510 -0.2181
vn -0.6761 0.3012 -0.6725
vn -0.6759 0.3017 -0.6724
vn -0.6759 0.3017 0.6724
vn -0.6761 0.3012 0.6725
vn -0.2193 0.9510 0.2181
vn 0.6761 0.3012 0.6725
vn 0.6759 0.3017 0.6724
vn 0.2193 0.9510 0.2181
vn 0.6759 0.3017 -0.6724
vn 0.6761 0.3012 -0.6725
vn 0.2193 0.9510 -0.2181
vn 0.7085 0.0386 -0.7047
vn 0.7089 0.0195 -0.7051
vn 0.6936 0.2074 0.6899
vn 0.6987 0.1698 0.6950
vn 0.6936 0.2075 0.6899
vn -0.7085 0.0386 0.7047
vn -0.7089 0.0195 0.7051
vn -0.6936 0.2074 -0.6899
vn -0.6987 0.1698 -0.6950
vn -0.6936 0.2075 -0.6899
vn 0.6987 0.1698 -0.6950
vn 0.6936 0.2074 -0.6899
vn 0.6936 0.2075 -0.6899
vn 0.6921 0.2169 -0.6884
vn 0.6921 0.2168 -0.6884
vn 0.6983 0.1726 -0.6946
vn 0.7019 0.1412 -0.6982
vn 0.7019 0.1411 -0.6982
vn 0.7047 0.1096 -0.7010
vn 0.7070 0.0754 -0.7032
vn 0.7089 0.0195 0.7051
vn 0.7085 0.0386 0.7047
vn 0.7070 0.0754 0.7032
vn 0.7047 0.1096 0.7010
vn 0.7019 0.1412 0.6982
vn 0.7019 0.1411 0.6982
vn 0.6983 0.1726 0.6946
vn 0.6921 0.2169 0.6884
vn 0.6921 0.2168 0.6884
vn -0.6987 0.1698 0.6950
vn -0.6936 0.2074 0.6899
vn -0.6936 0.2075 0.6899
vn -0.6921 0.2169 0.6884
vn -0.6921 0.2168 0.6884
vn -0.6983 0.1726 0.6946
vn -0.7019 0.1412 0.6982
vn -0.7019 0.1411 0.6982
vn -0.7047 0.1096 0.7010
vn -0.7070 0.0754 0.7032
vn -0.7089 0.0195 -0.7051
vn -0.7085 0.0386 -0.7047
vn -0.7070 0.0754 -0.7032
vn -0.7047 0.1096 -0.7010
vn -0.7019 0.1412 -0.6982
vn -0.7019 0.1411 -0.6982
vn -0.6983 0.1726 -0.6946
vn -0.6921 0.2169 -0.6884
vn -0.6921 0.2168 -0.6884
vn -0.0000 0.3657 -0.9307
vn 0.9314 0.3640 -0.0000
vn -0.0000 0.3657 0.9307
vn -0.9314 0.3640 -0.0000
vn -0.7090 -0.0000 0.7052
vn 0.7090 -0.0000 0.7052
vn 0.7090 -0.0000 -0.7052
vn -0.7090 -0.0000 -0.7052
vn -0.9239 0.3827 -0.0000
vn -0.0000 0.3844 0.9232
vn 0.9239 0.3827 -0.0000
vn -0.0000 0.3844 -0.9232
vn -0.8652 -0.3555 0.3537
vn -0.9251 -0.0000 0.3798
vn -0.9244 -0.3813 -0.0000
vn -0.8652 0.3555 0.3537
vn -0.9244 0.3813 -0.0000
vn -0.9251 -0.0000 -0.3798
vn -0.8652 -0.3555 -0.3537
vn -0.8652 0.3555 -0.3537
vn -0.5784 -0.5784 0.5753
vn -0.6698 -0.3272 0.6666
vn -0.6687 -0.6687 0.3250
vn -0.7088 -0.0000 0.7054
vn -0.6698 0.3272 0.6666
vn -0.5784 0.5784 0.5753
vn -0.6687 0.6687 0.3250
vn -0.7071 0.7071 -0.0000
vn -0.6687 0.6687 -0.3250
vn -0.5784 0.5784 -0.5753
vn -0.6698 0.3272 -0.6666
vn -0.7088 -0.0000 -0.7054
vn -0.6698 -0.3272 -0.6666
vn -0.6687 -0.6687 -0.3250
vn -0.5784 -0.5784 -0.5753
vn -0.7071 -0.7071 -0.0000
vn -0.3565 -0.3565 -0.8636
vn -0.3829 -0.0000 -0.9238
vn -0.0000 -0.3829 -0.9238
vn -0.3565 0.3565 -0.8636
vn -0.0000 0.3829 -0.9238
vn 0.3829 -0.0000 -0.9238
vn 0.3565 -0.3565 -0.8636
vn 0.3565 0.3565 -0.8636
vn -0.3272 -0.6698 -0.6666
vn -0.3272 0.6698 -0.6666
vn -0.0000 0.7088 -0.7054
vn 0.3272 0.6698 -0.6666
vn 0.5784 0.5784 -0.5753
vn 0.6698 0.3272 -0.6666
vn 0.7088 -0.0000 -0.7054
vn 0.6698 -0.3272 -0.6666
vn 0.3272 -0.6698 -0.6666
vn 0.5784 -0.5784 -0.5753
vn -0.0000 -0.7088 -0.7054
vn 0.8652 -0.3555 -0.3537
vn 0.9251 -0.0000 -0.3798
vn 0.9244 -0.3813 -0.0000
vn 0.8652 0.3555 -0.3537
vn 0.9244 0.3813 -0.0000
vn 0.9251 -0.0000 0.3798
vn 0.8652 -0.3555 0.3537
vn 0.8652 0.3555 0.3537
vn 0.6687 -0.6687 -0.3250
vn 0.6687 0.6687 -0.3250
vn 0.7071 0.7071 -0.0000
vn 0.6687 0.6687 0.3250
vn 0.5784 0.5784 0.5753
vn 0.6698 0.3272 0.6666
vn 0.7088 -0.0000 0.7054
vn 0.6698 -0.3272 0.6666
vn 0.6687 -0.6687 0.3250
vn 0.5784 -0.5784 0.5753
vn 0.7071 -0.7071 -0.0000
vn 0.3565 -0.3565 0.8636
vn 0.3829 -0.0000 0.9238
vn -0.0000 -0.3829 0.9238
vn 0.3565 0.3565 0.8636
vn -0.0000 0.3829 0.9238
vn -0.3829 -0.0000 0.9238
vn -0.3565 -0.3565 0.8636
vn -0.3565 0.3565 0.8636
vn 0.3272 -0.6698 0.6666
vn 0.3272 0.6698 0.6666
vn -0.0000 0.7088 0.7054
vn -0.3272 0.6698 0.6666
vn -0.3272 -0.6698 0.6666
vn -0.0000 -0.7088 0.7054
vn -0.3555 -0.8652 -0.3537
vn -0.0000 -0.9251 -0.3798
vn -0.3813 -0.9244 -0.0000
vn 0.3555 -0.8652 -0.3537
vn 0.3813 -0.9244 -0.0000
vn -0.0000 -0.9251 0.3798
vn -0.3555 -0.8652 0.3537
vn 0.3555 -0.8652 0.3537
vn 0.3555 0.8652 -0.3537
vn -0.0000 0.9251 -0.3798
vn 0.3813 0.9244 -0.0000
vn -0.3555 0.8652 -0.3537
vn -0.3813 0.9244 -0.0000
vn -0.0000 0.9251 0.3798
vn 0.3555 0.8652 0.3537
vn -0.3555 0.8652 0.3537
vn -0.4675 -0.0224 -0.8837
vn -0.3937 -0.2532 -0.8837
vn 0.0364 0.0234 -0.9991
vn 0.0432 0.0021 -0.9991
vn 0.8890 -0.4580 -0.0000
vn 0.9989 0.0479 -0.0000
vn 0.8759 0.0420 0.4807
vn 0.7795 -0.4016 0.4807
vn 0.5320 0.0255 -0.8464
vn 0.4480 0.2881 -0.8464
vn 0.7375 0.4743 -0.4807
vn 0.8759 0.0420 -0.4807
vn 0.4735 -0.2439 0.8464
vn 0.5320 0.0255 0.8464
vn 0.0432 0.0021 0.9991
vn 0.0385 -0.0198 0.9991
vn -0.7606 0.3918 0.5176
vn -0.8546 -0.0410 0.5176
vn -0.9989 -0.0479 -0.0000
vn -0.8890 0.4580 -0.0000
vn -0.4675 -0.0224 0.8837
vn -0.4161 0.2144 0.8837
vn -0.7606 0.3918 -0.5176
vn -0.8546 -0.0410 -0.5176
vn -0.4161 0.2144 -0.8837
vn 0.0385 -0.0198 -0.9991
vn 0.4735 -0.2439 -0.8464
vn -0.2144 -0.4161 -0.8837
vn 0.0198 0.0385 -0.9991
vn 0.2439 0.4735 -0.8464
vn 0.4016 0.7795 -0.4807
vn 0.0198 0.0385 0.9991
vn 0.0048 0.0219 0.9997
vn -0.0398 -0.4864 0.8728
vn -0.2144 -0.4161 0.8837
vn -0.0735 -0.8602 0.5047
vn -0.3918 -0.7606 0.5176
vn -0.0858 -0.9963 -0.0000
vn -0.4580 -0.8890 -0.0000
vn -0.0735 -0.8602 -0.5047
vn -0.3918 -0.7606 -0.5176
vn -0.0398 -0.4864 -0.8728
vn 0.4580 0.8890 -0.0000
vn 0.8411 0.5409 -0.0000
vn 0.4016 0.7795 0.4807
vn 0.0714 0.8707 0.4867
vn 0.0453 0.5185 0.8539
vn 0.2439 0.4735 0.8464
vn 0.0802 0.9968 -0.0000
vn 0.0048 0.0219 -0.9997
vn 0.0453 0.5185 -0.8539
vn 0.0714 0.8707 -0.4867
vn 0.0068 -0.0213 0.9997
vn 0.0234 -0.0364 0.9991
vn -0.2532 0.3937 0.8837
vn -0.0861 0.4803 0.8728
vn -0.4628 0.7196 0.5176
vn -0.1554 0.8492 0.5047
vn -0.5409 0.8411 -0.0000
vn -0.1807 0.9835 -0.0000
vn -0.4628 0.7196 -0.5176
vn -0.1554 0.8492 -0.5047
vn -0.2532 0.3937 -0.8837
vn -0.0861 0.4803 -0.8728
vn 0.1544 -0.8598 0.4866
vn 0.4743 -0.7375 0.4807
vn 0.2881 -0.4480 0.8464
vn 0.0946 -0.5118 0.8539
vn 0.1752 -0.9845 -0.0000
vn 0.5409 -0.8411 -0.0000
vn 0.0240 -0.5012 0.8650
vn 0.0479 -0.9989 -0.0000
vn 0.0415 -0.8660 -0.4983
vn -0.0415 0.8660 -0.4983
vn -0.0479 0.9989 -0.0000
vn 0.0068 -0.0213 -0.9997
vn 0.0946 -0.5118 -0.8539
vn 0.0240 -0.5012 -0.8650
vn -0.0240 0.5012 -0.8650
vn 0.1544 -0.8598 -0.4866
vn -0.0240 0.5012 0.8650
vn 0.0415 -0.8660 0.4983
vn -0.0415 0.8660 0.4983
vn 0.0234 -0.0364 -0.9991
vn 0.2881 -0.4480 -0.8464
vn 0.4743 -0.7375 -0.4807
vn 0.7795 -0.4016 -0.4807
vn 0.4480 0.2881 0.8464
vn 0.0364 0.0234 0.9991
vn -0.7196 -0.4628 0.5176
vn -0.8411 -0.5409 -0.0000
vn -0.3937 -0.2532 0.8837
vn -0.7196 -0.4628 -0.5176
vn 0.7375 0.4743 0.4807
vn 0.4675 -0.0224 -0.8837
vn -0.0432 0.0021 -0.9991
vn -0.0364 0.0234 -0.9991
vn 0.3937 -0.2532 -0.8837
vn -0.8890 -0.4580 -0.0000
vn -0.7795 -0.4016 0.4807
vn -0.8759 0.0420 0.4807
vn -0.9989 0.0479 -0.0000
vn -0.5320 0.0255 -0.8464
vn -0.8759 0.0420 -0.4807
vn -0.7375 0.4743 -0.4807
vn -0.4480 0.2881 -0.8464
vn -0.4735 -0.2439 0.8464
vn -0.0385 -0.0198 0.9991
vn -0.0432 0.0021 0.9991
vn -0.5320 0.0255 0.8464
vn 0.7606 0.3918 0.5176
vn 0.8890 0.4580 -0.0000
vn 0.9989 -0.0479 -0.0000
vn 0.8546 -0.0410 0.5176
vn 0.4675 -0.0224 0.8837
vn 0.4161 0.2144 0.8837
vn 0.7606 0.3918 -0.5176
vn 0.4161 0.2144 -0.8837
vn 0.8546 -0.0410 -0.5176
vn -0.0385 -0.0198 -0.9991
vn -0.4735 -0.2439 -0.8464
vn -0.0198 0.0385 -0.9991
vn 0.2144 -0.4161 -0.8837
vn -0.2439 0.4735 -0.8464
vn -0.4016 0.7795 -0.4807
vn -0.0198 0.0385 0.9991
vn 0.2144 -0.4161 0.8837
vn 0.0398 -0.4864 0.8728
vn -0.0048 0.0219 0.9997
vn 0.3918 -0.7606 0.5176
vn 0.0735 -0.8602 0.5047
vn 0.4580 -0.8890 -0.0000
vn 0.0858 -0.9963 -0.0000
vn 0.3918 -0.7606 -0.5176
vn 0.0735 -0.8602 -0.5047
vn 0.0398 -0.4864 -0.8728
vn -0.8411 0.5409 -0.0000
vn -0.4580 0.8890 -0.0000
vn -0.4016 0.7795 0.4807
vn -0.2439 0.4735 0.8464
vn -0.0453 0.5185 0.8539
vn -0.0714 0.8707 0.4867
vn -0.0802 0.9968 -0.0000
vn -0.0048 0.0219 -0.9997
vn -0.0453 0.5185 -0.8539
vn -0.0714 0.8707 -0.4867
vn -0.0068 -0.0213 0.9997
vn 0.0861 0.4803 0.8728
vn 0.2532 0.3937 0.8837
vn -0.0234 -0.0364 0.9991
vn 0.1554 0.8492 0.5047
vn 0.4628 0.7196 0.5176
vn 0.1807 0.9835 -0.0000
vn 0.5409 0.8411 -0.0000
vn 0.1554 0.8492 -0.5047
vn 0.4628 0.7196 -0.5176
vn 0.0861 0.4803 -0.8728
vn 0.2532 0.3937 -0.8837
vn -0.1544 -0.8598 0.4866
vn -0.0946 -0.5118 0.8539
vn -0.2881 -0.4480 0.8464
vn -0.4743 -0.7375 0.4807
vn -0.1752 -0.9845 -0.0000
vn -0.5409 -0.8411 -0.0000
vn -0.0240 -0.5012 0.8650
vn -0.0415 -0.8660 -0.4983
vn -0.0479 -0.9989 -0.0000
vn 0.0479 0.9989 -0.0000
vn 0.0415 0.8660 -0.4983
vn -0.0068 -0.0213 -0.9997
vn -0.0240 -0.5012 -0.8650
vn -0.0946 -0.5118 -0.8539
vn 0.0240 0.5012 -0.8650
vn -0.1544 -0.8598 -0.4866
vn 0.0240 0.5012 0.8650
vn -0.0415 -0.8660 0.4983
vn 0.0415 0.8660 0.4983
vn -0.0234 -0.0364 -0.9991
vn -0.2881 -0.4480 -0.8464
vn -0.4743 -0.7375 -0.4807
vn -0.7795 -0.4016 -0.4807
vn -0.0364 0.0234 0.9991
vn -0.4480 0.2881 0.8464
vn 0.7196 -0.4628 0.5176
vn 0.8411 -0.5409 -0.0000
vn 0.3937 -0.2532 0.8837
vn 0.7196 -0.4628 -0.5176
vn -0.7375 0.4743 0.4807
vn -0.1551 -0.8634 0.4800
vn 0.0098 -0.9158 0.4016
vn -0.2703 -0.9621 -0.0371
vn -0.2539 -0.9670 -0.0219
vn -0.4726 -0.7533 -0.4574
vn -0.2814 -0.8112 -0.5126
vn -0.5506 -0.3563 -0.7549
vn -0.2333 -0.4457 -0.8642
vn 0.2258 0.9735 -0.0371
vn 0.2113 0.9772 -0.0204
vn 0.6162 0.7527 0.2317
vn 0.4491 0.7982 0.4016
vn 0.8512 0.3132 0.4212
vn 0.5501 0.3952 0.7357
vn 0.8437 -0.2163 0.4913
vn 0.4928 -0.1263 0.8609
vn 0.5955 -0.6840 0.4212
vn 0.2922 -0.6110 0.7357
vn 0.1781 -0.9563 0.2318
vn -0.4914 0.1259 -0.8618
vn -0.1267 0.0324 -0.9914
vn -0.3114 0.5773 -0.7549
vn -0.6216 0.6533 -0.4322
vn -0.2416 0.9342 -0.2624
vn -0.0520 0.8877 -0.4574
vn -0.8429 0.2161 -0.4927
vn -0.2849 -0.9583 -0.0204
vn -0.6612 -0.7028 -0.2624
vn -0.8592 -0.2737 -0.4322
vn 0.2066 0.9784 -0.0000
vn 0.6773 0.7357 -0.0000
vn 0.9591 0.2832 -0.0000
vn 0.9687 -0.2483 -0.0000
vn 0.7046 -0.7096 -0.0000
vn 0.2398 -0.9708 -0.0000
vn -0.7331 0.6802 -0.0000
vn -0.3100 0.9507 -0.0000
vn -0.9687 0.2483 -0.0000
vn -0.2896 -0.9572 -0.0000
vn -0.7292 -0.6843 -0.0000
vn -0.9699 -0.2436 -0.0000
vn -0.5964 0.6833 -0.4212
vn -0.8439 0.2154 -0.4913
vn -0.4929 0.1259 -0.8609
vn -0.2927 0.6108 -0.7357
vn 0.1323 -0.0339 0.9906
vn 0.2395 0.4634 0.8532
vn -0.0127 -0.5215 0.8532
vn 0.0096 0.5030 -0.8642
vn 0.1431 0.8466 -0.5126
vn 0.2422 0.9700 -0.0219
vn 0.2790 0.8317 0.4801
vn 0.1781 -0.9563 -0.2318
vn -0.2849 -0.9583 0.0204
vn -0.6612 -0.7028 0.2624
vn -0.8592 -0.2737 0.4322
vn 0.2113 0.9772 0.0204
vn 0.2258 0.9735 0.0371
vn 0.4491 0.7982 -0.4016
vn 0.6162 0.7527 -0.2317
vn 0.5501 0.3952 -0.7357
vn 0.8512 0.3132 -0.4212
vn 0.4928 -0.1263 -0.8609
vn 0.8437 -0.2163 -0.4913
vn 0.2922 -0.6110 -0.7357
vn 0.5955 -0.6840 -0.4212
vn 0.0098 -0.9158 -0.4016
vn -0.8429 0.2161 0.4927
vn -0.6216 0.6533 0.4322
vn -0.3114 0.5773 0.7549
vn -0.0520 0.8877 0.4574
vn -0.2416 0.9342 0.2624
vn -0.4914 0.1259 0.8618
vn -0.2703 -0.9621 0.0371
vn -0.4726 -0.7533 0.4574
vn -0.5506 -0.3563 0.7549
vn 0.2422 0.9700 0.0219
vn 0.2790 0.8317 -0.4801
vn 0.2395 0.4634 -0.8532
vn 0.1323 -0.0339 -0.9906
vn -0.0127 -0.5215 -0.8532
vn -0.1551 -0.8634 -0.4800
vn 0.0096 0.5030 0.8642
vn 0.1431 0.8466 0.5126
vn -0.1267 0.0324 0.9914
vn -0.2539 -0.9670 0.0219
vn -0.2814 -0.8112 0.5126
vn -0.2333 -0.4457 0.8642
vn -0.6763 -0.7366 -0.0000
vn -0.6153 -0.7534 0.2318
vn -0.2101 -0.9775 -0.0204
vn -0.2053 -0.9787 -0.0000
vn 0.8433 -0.2148 0.4927
vn 0.9691 -0.2467 -0.0000
vn 0.9695 0.2452 -0.0000
vn 0.8588 0.2750 0.4322
vn 0.3115 -0.9503 -0.0000
vn 0.2428 -0.9339 -0.2625
vn 0.6225 -0.6524 -0.4323
vn 0.7342 -0.6790 -0.0000
vn 0.6603 0.7037 0.2624
vn 0.7282 0.6854 -0.0000
vn 0.2883 0.9575 -0.0000
vn 0.2837 0.9587 0.0204
vn -0.7054 0.7088 -0.0000
vn -0.9690 0.2472 -0.0000
vn -0.2410 0.9705 -0.0000
vn -0.1793 0.9561 -0.2317
vn -0.8508 -0.3141 -0.4213
vn -0.9587 -0.2843 -0.0000
vn -0.6153 -0.7534 -0.2318
vn -0.2101 -0.9775 0.0204
vn 0.2428 -0.9339 0.2625
vn -0.4483 -0.7986 0.4016
vn -0.2249 -0.9737 -0.0371
vn 0.0528 -0.8877 -0.4575
vn 0.3119 -0.5769 -0.7549
vn 0.2694 0.9623 -0.0370
vn 0.2535 0.9671 -0.0219
vn 0.1548 0.8635 0.4801
vn -0.0107 0.9157 0.4016
vn 0.0125 0.5214 0.8532
vn -0.2927 0.6108 0.7357
vn -0.1324 0.0338 0.9906
vn -0.4929 0.1259 0.8609
vn -0.2393 -0.4635 0.8532
vn -0.5497 -0.3957 0.7357
vn -0.2788 -0.8318 0.4800
vn 0.4915 -0.1254 -0.8618
vn 0.8433 -0.2148 -0.4927
vn 0.5503 0.3569 -0.7548
vn 0.2332 0.4458 -0.8642
vn 0.2811 0.8113 -0.5126
vn 0.4719 0.7538 -0.4574
vn 0.1267 -0.0324 -0.9914
vn -0.2418 -0.9701 -0.0220
vn -0.1428 -0.8467 -0.5126
vn -0.0094 -0.5030 -0.8642
vn 0.2535 0.9671 0.0219
vn 0.2694 0.9623 0.0370
vn -0.0107 0.9157 -0.4016
vn 0.1548 0.8635 -0.4801
vn 0.0125 0.5214 -0.8532
vn -0.1324 0.0338 -0.9906
vn -0.5497 -0.3957 -0.7357
vn -0.2393 -0.4635 -0.8532
vn -0.4483 -0.7986 -0.4016
vn -0.2788 -0.8318 -0.4800
vn 0.2332 0.4458 0.8642
vn 0.5503 0.3569 0.7548
vn 0.4719 0.7538 0.4574
vn 0.2811 0.8113 0.5126
vn 0.1267 -0.0324 0.9914
vn 0.4915 -0.1254 0.8618
vn -0.2249 -0.9737 0.0371
vn -0.2418 -0.9701 0.0220
vn 0.0528 -0.8877 0.4575
vn -0.1428 -0.8467 0.5126
vn 0.3119 -0.5769 0.7549
vn -0.0094 -0.5030 0.8642
vn 0.6225 -0.6524 0.4323
vn 0.6603 0.7037 -0.2624
vn 0.2837 0.9587 -0.0204
vn -0.5964 0.6833 0.4212
vn -0.8439 0.2154 0.4913
vn -0.1793 0.9561 0.2317
vn -0.8508 -0.3141 0.4213
vn 0.8588 0.2750 -0.4322
vn -0.0570 -0.4845 -0.8729
vn 0.1304 -0.4509 -0.8830
vn -0.0129 0.0419 -0.9990
vn -0.0004 0.0228 -0.9997
vn -0.1491 0.5133 -0.8452
vn 0.0579 0.5176 -0.8536
vn -0.2436 0.8433 -0.4790
vn 0.1019 0.8678 -0.4864
vn -0.0129 0.0419 0.9990
vn -0.0318 0.0296 0.9991
vn 0.3409 -0.3280 0.8810
vn 0.1304 -0.4509 0.8830
vn 0.6192 -0.5950 0.5124
vn 0.2385 -0.8227 0.5161
vn 0.7211 -0.6928 -0.0000
vn 0.2784 -0.9605 -0.0000
vn 0.6192 -0.5950 -0.5124
vn 0.2385 -0.8227 -0.5161
vn 0.3409 -0.3281 -0.8810
vn -0.2770 0.9609 -0.0000
vn 0.1182 0.9930 -0.0000
vn -0.2436 0.8433 0.4790
vn -0.6333 0.6099 0.4763
vn -0.3874 0.3720 0.8435
vn -0.1491 0.5133 0.8452
vn -0.7200 0.6940 -0.0000
vn -0.0318 0.0296 -0.9991
vn -0.3874 0.3720 -0.8435
vn -0.6333 0.6099 -0.4763
vn -0.0419 0.0107 0.9991
vn 0.4601 -0.1174 0.8800
vn 0.8331 -0.2126 0.5107
vn 0.9690 -0.2472 -0.0000
vn 0.8331 -0.2126 -0.5107
vn 0.4601 -0.1174 -0.8800
vn -0.8525 0.2179 0.4751
vn -0.5215 0.1333 0.8428
vn -0.9689 0.2476 -0.0000
vn -0.0419 0.0107 -0.9991
vn -0.5215 0.1333 -0.8428
vn -0.8525 0.2179 -0.4751
vn -0.6203 0.5936 0.5127
vn -0.7225 0.6914 -0.0000
vn -0.2797 0.9601 -0.0000
vn -0.2395 0.8223 0.5162
vn -0.1124 -0.9937 -0.0000
vn -0.0976 -0.8577 0.5047
vn -0.0977 -0.8577 -0.5047
vn 0.1019 0.8678 0.4864
vn 0.0579 0.5176 0.8536
vn -0.0004 0.0228 0.9997
vn -0.0570 -0.4845 0.8729
vn 0.4562 0.1246 -0.8811
vn -0.0422 -0.0108 -0.9991
vn -0.5182 -0.1408 -0.8436
vn -0.8481 -0.2317 -0.4765
vn -0.0422 -0.0108 0.9991
vn -0.0314 -0.0307 0.9990
vn 0.3301 0.3335 0.8831
vn 0.4562 0.1246 0.8811
vn 0.6028 0.6084 0.5162
vn 0.8284 0.2258 0.5126
vn 0.7039 0.7103 -0.0000
vn 0.9648 0.2630 -0.0000
vn 0.6028 0.6084 -0.5162
vn 0.8284 0.2258 -0.5126
vn 0.3301 0.3335 -0.8831
vn -0.9646 -0.2639 -0.0000
vn -0.8481 -0.2317 0.4765
vn -0.6174 -0.6239 0.4791
vn -0.3764 -0.3794 0.8452
vn -0.5182 -0.1408 0.8436
vn -0.7031 -0.7111 -0.0000
vn -0.0314 -0.0307 -0.9990
vn -0.3764 -0.3794 -0.8452
vn -0.6174 -0.6239 -0.4791
vn -0.0113 -0.0199 0.9997
vn 0.1813 0.4528 0.8730
vn 0.3239 0.8002 0.5048
vn 0.3758 0.9267 -0.0000
vn 0.3239 0.8002 -0.5048
vn 0.1813 0.4528 -0.8730
vn -0.3250 -0.8110 0.4864
vn -0.1964 -0.4825 0.8536
vn -0.3705 -0.9288 -0.0000
vn -0.0113 -0.0199 -0.9997
vn -0.1964 -0.4825 -0.8536
vn -0.3250 -0.8110 -0.4864
vn -0.4605 0.1162 -0.8800
vn -0.4562 -0.1257 -0.8809
vn 0.0421 0.0108 -0.9991
vn 0.0420 -0.0105 -0.9991
vn 0.7221 -0.6918 -0.0000
vn 0.9698 -0.2439 -0.0000
vn 0.8534 -0.2147 0.4751
vn 0.6350 -0.6079 0.4766
vn 0.5220 -0.1314 -0.8427
vn 0.5180 0.1423 -0.8435
vn 0.8476 0.2342 -0.4762
vn 0.8534 -0.2147 -0.4751
vn 0.3883 -0.3708 0.8437
vn 0.5220 -0.1314 0.8428
vn 0.0419 -0.0105 0.9991
vn 0.0319 -0.0296 0.9991
vn -0.8336 0.2105 0.5107
vn -0.9696 0.2448 -0.0000
vn -0.4605 0.1162 0.8800
vn -0.3415 0.3271 0.8811
vn -0.6203 0.5936 -0.5127
vn -0.8336 0.2105 -0.5107
vn -0.3415 0.3271 -0.8811
vn 0.0319 -0.0296 -0.9991
vn 0.3883 -0.3708 -0.8437
vn -0.3297 -0.3341 -0.8830
vn 0.0314 0.0307 -0.9990
vn 0.3760 0.3800 -0.8451
vn 0.6164 0.6250 -0.4789
vn 0.0314 0.0307 0.9990
vn 0.0112 0.0198 0.9997
vn -0.1811 -0.4530 0.8729
vn -0.3297 -0.3341 0.8830
vn -0.3234 -0.8004 0.5047
vn -0.6021 -0.6092 0.5161
vn -0.3753 -0.9269 -0.0000
vn -0.7029 -0.7112 -0.0000
vn -0.3234 -0.8004 -0.5047
vn -0.6021 -0.6092 -0.5161
vn -0.1811 -0.4530 -0.8729
vn 0.7019 0.7123 -0.0000
vn 0.9637 0.2668 -0.0000
vn 0.6164 0.6250 0.4789
vn 0.3246 0.8112 0.4864
vn 0.1961 0.4825 0.8536
vn 0.3760 0.3800 0.8451
vn 0.3700 0.9290 -0.0000
vn 0.0112 0.0198 -0.9997
vn 0.1961 0.4825 -0.8536
vn 0.3246 0.8112 -0.4864
vn 0.0004 -0.0229 0.9997
vn 0.0129 -0.0419 0.9990
vn -0.1310 0.4506 0.8831
vn 0.0567 0.4844 0.8730
vn 0.0972 0.8578 0.5048
vn 0.1119 0.9937 -0.0000
vn -0.2395 0.8223 -0.5162
vn 0.0972 0.8578 -0.5048
vn -0.1310 0.4506 -0.8831
vn 0.0567 0.4844 -0.8730
vn -0.1014 -0.8678 0.4864
vn 0.2449 -0.8429 0.4792
vn 0.1498 -0.5129 0.8453
vn -0.0577 -0.5177 0.8536
vn -0.1177 -0.9930 -0.0000
vn 0.2786 -0.9604 -0.0000
vn 0.0129 -0.0419 -0.9990
vn 0.0004 -0.0229 -0.9997
vn 0.1498 -0.5129 -0.8453
vn -0.0577 -0.5177 -0.8536
vn 0.2449 -0.8429 -0.4792
vn -0.1014 -0.8678 -0.4864
vn 0.6351 -0.6079 -0.4766
vn 0.5180 0.1423 0.8435
vn 0.0421 0.0108 0.9991
vn -0.8281 -0.2275 0.5124
vn -0.9643 -0.2649 -0.0000
vn -0.4562 -0.1257 0.8809
vn -0.8281 -0.2275 -0.5124
vn 0.8476 0.2342 0.4762
vn 0.2752 0.8329 -0.4801
vn 0.4460 0.7999 -0.4016
vn 0.2220 0.9743 0.0371
vn 0.2376 0.9711 0.0219
vn -0.0554 0.8875 0.4574
vn 0.1392 0.8473 0.5126
vn -0.3135 0.5761 0.7548
vn 0.0072 0.5031 0.8642
vn -0.2666 -0.9631 0.0371
vn -0.2816 -0.9593 0.0204
vn 0.1814 -0.9557 -0.2317
vn 0.0133 -0.9157 -0.4016
vn 0.5980 -0.6819 -0.4213
vn 0.2945 -0.6099 -0.7357
vn 0.8445 -0.2131 -0.4913
vn 0.4933 -0.1243 -0.8609
vn 0.8501 0.3162 -0.4212
vn 0.5485 0.3973 -0.7357
vn 0.6137 0.7548 -0.2318
vn -0.4918 0.1242 0.8618
vn -0.1268 0.0318 0.9914
vn -0.5493 -0.3584 0.7549
vn -0.8583 -0.2764 0.4323
vn -0.6589 -0.7050 0.2624
vn -0.4697 -0.7551 0.4574
vn -0.8436 0.2135 0.4927
vn 0.2079 0.9779 0.0204
vn -0.2447 0.9334 0.2624
vn -0.6237 0.6513 0.4322
vn -0.2864 -0.9581 -0.0000
vn 0.2429 -0.9701 -0.0000
vn 0.7070 -0.7072 -0.0000
vn 0.9696 -0.2448 -0.0000
vn 0.9581 0.2865 -0.0000
vn 0.6749 0.7379 -0.0000
vn -0.9692 -0.2465 -0.0000
vn -0.7270 -0.6866 -0.0000
vn -0.9694 0.2456 -0.0000
vn 0.2034 0.9791 -0.0000
vn -0.3131 0.9497 -0.0000
vn -0.7351 0.6780 -0.0000
vn -0.8486 -0.3198 0.4214
vn -0.8453 0.2098 0.4913
vn -0.4937 0.1227 0.8609
vn -0.5471 -0.3993 0.7357
vn 0.1325 -0.0334 -0.9906
vn -0.0104 -0.5216 -0.8531
vn 0.2373 0.4644 -0.8532
vn -0.2312 -0.4468 0.8642
vn -0.2776 -0.8125 0.5126
vn -0.2493 -0.9682 0.0219
vn -0.1511 -0.8642 -0.4800
vn 0.6137 0.7548 0.2318
vn 0.2079 0.9779 -0.0204
vn -0.2447 0.9334 -0.2624
vn -0.6237 0.6513 -0.4322
vn -0.2816 -0.9593 -0.0204
vn -0.2666 -0.9631 -0.0371
vn 0.0133 -0.9157 0.4016
vn 0.1814 -0.9557 0.2317
vn 0.2945 -0.6099 0.7357
vn 0.5980 -0.6819 0.4213
vn 0.4933 -0.1243 0.8609
vn 0.8445 -0.2131 0.4913
vn 0.5485 0.3973 0.7357
vn 0.8501 0.3162 0.4212
vn 0.4460 0.7999 0.4016
vn -0.8436 0.2135 -0.4927
vn -0.8583 -0.2764 -0.4323
vn -0.5493 -0.3584 -0.7549
vn -0.4697 -0.7551 -0.4574
vn -0.6589 -0.7050 -0.2624
vn -0.4918 0.1242 -0.8618
vn 0.2220 0.9743 -0.0371
vn -0.0554 0.8875 -0.4574
vn -0.3135 0.5761 -0.7548
vn -0.2493 -0.9682 -0.0219
vn -0.1511 -0.8642 0.4800
vn -0.0104 -0.5216 0.8531
vn 0.1325 -0.0334 0.9906
vn 0.2373 0.4644 0.8532
vn 0.2752 0.8329 0.4801
vn -0.2312 -0.4468 -0.8642
vn -0.2776 -0.8125 -0.5126
vn -0.1268 0.0318 -0.9914
vn 0.2376 0.9711 -0.0219
vn 0.1392 0.8473 -0.5126
vn 0.0072 0.5031 -0.8642
vn -0.2477 0.9688 -0.0000
vn -0.1859 0.9549 -0.2317
vn 0.2770 0.9606 0.0203
vn 0.2814 0.9596 -0.0000
vn 0.8448 -0.2087 -0.4927
vn 0.9709 -0.2395 -0.0000
vn 0.7392 -0.6735 -0.0000
vn 0.6272 -0.6479 -0.4323
vn 0.7232 0.6906 -0.0000
vn 0.6554 0.7083 0.2623
vn 0.8569 0.2811 0.4322
vn 0.9677 0.2523 -0.0000
vn 0.2494 -0.9321 -0.2625
vn 0.3184 -0.9480 -0.0000
vn -0.1983 -0.9801 -0.0000
vn -0.2033 -0.9789 -0.0205
vn -0.9568 -0.2908 -0.0000
vn -0.9706 0.2408 -0.0000
vn -0.6712 -0.7413 -0.0000
vn -0.6102 -0.7576 0.2318
vn -0.6010 0.6793 0.4211
vn -0.7102 0.7040 -0.0000
vn -0.1859 0.9549 0.2317
vn 0.2770 0.9606 -0.0203
vn 0.6554 0.7083 -0.2623
vn -0.0166 0.9156 -0.4017
vn 0.2632 0.9640 0.0369
vn 0.4670 0.7568 0.4573
vn 0.5480 0.3606 0.7548
vn -0.2186 -0.9751 0.0372
vn -0.2363 -0.9714 0.0220
vn -0.2741 -0.8334 -0.4799
vn -0.4432 -0.8015 -0.4015
vn -0.2368 -0.4649 -0.8531
vn -0.5471 -0.3993 -0.7357
vn -0.1326 0.0330 -0.9906
vn -0.4937 0.1227 -0.8609
vn 0.0096 0.5214 -0.8533
vn -0.2967 0.6088 -0.7357
vn 0.1499 0.8643 -0.4802
vn 0.4924 -0.1221 0.8618
vn 0.8448 -0.2087 0.4927
vn 0.3157 -0.5748 0.7549
vn -0.0066 -0.5031 0.8642
vn -0.1380 -0.8475 0.5126
vn 0.0586 -0.8873 0.4575
vn 0.1269 -0.0317 0.9914
vn 0.2480 0.9685 0.0218
vn 0.2765 0.8129 0.5126
vn 0.2307 0.4471 0.8642
vn -0.2363 -0.9714 -0.0220
vn -0.2186 -0.9751 -0.0372
vn -0.4432 -0.8015 0.4015
vn -0.2741 -0.8334 0.4799
vn -0.2368 -0.4649 0.8531
vn -0.1326 0.0330 0.9906
vn -0.2967 0.6088 0.7357
vn 0.0096 0.5214 0.8533
vn -0.0166 0.9156 0.4017
vn 0.1499 0.8643 0.4802
vn -0.0066 -0.5031 -0.8642
vn 0.3157 -0.5748 -0.7549
vn 0.0586 -0.8873 -0.4575
vn -0.1380 -0.8475 -0.5126
vn 0.1269 -0.0317 -0.9914
vn 0.4924 -0.1221 -0.8618
vn 0.2632 0.9640 -0.0369
vn 0.2480 0.9685 -0.0218
vn 0.4670 0.7568 -0.4573
vn 0.2765 0.8129 -0.5126
vn 0.5480 0.3606 -0.7548
vn 0.2307 0.4471 -0.8642
vn 0.8569 0.2811 -0.4322
vn 0.2494 -0.9321 0.2625
vn -0.2033 -0.9789 0.0205
vn -0.8486 -0.3198 -0.4213
vn -0.8453 0.2098 -0.4913
vn -0.6102 -0.7576 -0.2318
vn -0.6010 0.6793 -0.4211
vn 0.6272 -0.6479 0.4323
vn 0.1778 0.4542 0.8730
vn 0.3276 0.3359 0.8831
vn -0.0311 -0.0310 0.9990
vn -0.0111 -0.0200 0.9997
vn -0.3736 -0.3821 0.8452
vn -0.1926 -0.4840 0.8536
vn -0.6129 -0.6283 0.4792
vn -0.3187 -0.8135 0.4864
vn -0.0311 -0.0310 -0.9990
vn -0.0421 -0.0111 -0.9991
vn 0.4552 0.1277 -0.8812
vn 0.3276 0.3359 -0.8831
vn 0.8268 0.2315 -0.5127
vn 0.5983 0.6128 -0.5163
vn 0.9630 0.2697 -0.0000
vn 0.6986 0.7155 -0.0000
vn 0.8268 0.2315 0.5127
vn 0.5983 0.6128 0.5163
vn 0.4552 0.1277 0.8812
vn -0.6980 -0.7161 -0.0000
vn -0.3632 -0.9317 -0.0000
vn -0.6129 -0.6283 -0.4792
vn -0.8466 -0.2371 -0.4766
vn -0.5172 -0.1442 -0.8437
vn -0.3736 -0.3821 -0.8452
vn -0.9629 -0.2700 -0.0000
vn -0.0421 -0.0111 0.9991
vn -0.5172 -0.1442 0.8437
vn -0.8466 -0.2371 0.4766
vn -0.0420 0.0105 -0.9991
vn 0.4609 -0.1144 -0.8800
vn 0.8345 -0.2070 -0.5107
vn 0.9706 -0.2407 -0.0000
vn 0.8345 -0.2070 0.5107
vn 0.4609 -0.1144 0.8800
vn -0.8538 0.2128 -0.4751
vn -0.5223 0.1301 -0.8428
vn -0.9703 0.2419 -0.0000
vn -0.0420 0.0105 0.9991
vn -0.5223 0.1301 0.8428
vn -0.8538 0.2128 0.4751
vn -0.8260 -0.2352 -0.5122
vn -0.9618 -0.2738 -0.0000
vn -0.6966 -0.7175 -0.0000
vn -0.5966 -0.6146 -0.5160
vn 0.3685 0.9296 -0.0000
vn 0.3176 0.8027 -0.5048
vn 0.3176 0.8027 0.5048
vn -0.3187 -0.8135 -0.4864
vn -0.1926 -0.4840 -0.8536
vn -0.0111 -0.0200 -0.9997
vn 0.1778 0.4542 -0.8730
vn 0.3433 -0.3258 0.8809
vn -0.0320 0.0293 0.9991
vn -0.3899 0.3695 0.8435
vn -0.6373 0.6059 0.4762
vn -0.0320 0.0293 -0.9991
vn -0.0133 0.0418 -0.9990
vn 0.1337 -0.4500 -0.8830
vn 0.3433 -0.3258 -0.8809
vn 0.2446 -0.8209 -0.5160
vn 0.6234 -0.5907 -0.5123
vn 0.2856 -0.9584 -0.0000
vn 0.7259 -0.6878 -0.0000
vn 0.2446 -0.8209 0.5160
vn 0.6234 -0.5907 0.5123
vn 0.1337 -0.4500 0.8830
vn -0.7244 0.6894 -0.0000
vn -0.6373 0.6059 -0.4762
vn -0.2497 0.8416 -0.4789
vn -0.1529 0.5122 -0.8451
vn -0.3899 0.3695 -0.8435
vn -0.2839 0.9589 -0.0000
vn -0.0133 0.0418 0.9990
vn -0.1529 0.5122 0.8451
vn -0.2497 0.8416 0.4789
vn -0.0006 0.0227 -0.9997
vn -0.0532 -0.4849 -0.8729
vn -0.0909 -0.8585 -0.5047
vn -0.1046 -0.9945 -0.0000
vn -0.0909 -0.8585 0.5047
vn -0.0532 -0.4849 0.8729
vn 0.0951 0.8685 -0.4864
vn 0.0539 0.5180 -0.8537
vn 0.1105 0.9939 -0.0000
vn -0.0006 0.0227 0.9997
vn 0.0539 0.5180 0.8537
vn 0.0951 0.8685 0.4864
vn -0.4616 0.1116 0.8800
vn -0.3445 0.3238 0.8812
vn 0.0322 -0.0293 0.9991
vn 0.0421 -0.0101 0.9991
vn 0.9611 0.2764 -0.0000
vn 0.9723 -0.2337 -0.0000
vn 0.8555 -0.2058 -0.4751
vn 0.8453 0.2426 -0.4761
vn 0.5233 -0.1260 0.8427
vn 0.3918 -0.3669 0.8437
vn 0.6410 -0.6016 0.4767
vn 0.8555 -0.2058 0.4751
vn 0.5167 0.1474 -0.8434
vn 0.5233 -0.1260 -0.8427
vn 0.0421 -0.0101 -0.9991
vn 0.0420 0.0112 -0.9991
vn -0.8356 0.2024 -0.5107
vn -0.9719 0.2356 -0.0000
vn -0.4616 0.1116 -0.8800
vn -0.4551 -0.1301 -0.8809
vn -0.8260 -0.2352 0.5122
vn -0.8356 0.2024 0.5107
vn -0.4551 -0.1301 0.8809
vn 0.0419 0.0112 0.9991
vn 0.5167 0.1474 0.8434
vn -0.1350 0.4493 0.8831
vn 0.0133 -0.0418 0.9990
vn 0.1544 -0.5115 0.8453
vn 0.2526 -0.8406 0.4792
vn 0.0133 -0.0418 -0.9990
vn 0.0006 -0.0229 -0.9997
vn 0.0526 0.4848 -0.8730
vn -0.1350 0.4493 -0.8831
vn 0.0898 0.8585 -0.5049
vn -0.2469 0.8201 -0.5163
vn 0.1034 0.9946 -0.0000
vn -0.2883 0.9575 -0.0000
vn 0.0898 0.8585 0.5049
vn -0.2469 0.8201 0.5163
vn 0.0526 0.4848 0.8730
vn 0.2874 -0.9578 -0.0000
vn 0.7289 -0.6846 -0.0000
vn 0.2526 -0.8406 -0.4792
vn -0.0941 -0.8687 -0.4864
vn -0.0533 -0.5182 -0.8536
vn 0.1544 -0.5115 -0.8453
vn -0.1093 -0.9940 -0.0000
vn 0.0006 -0.0229 0.9997
vn -0.0533 -0.5182 0.8536
vn -0.0941 -0.8687 0.4864
vn 0.0110 0.0199 -0.9997
vn 0.0311 0.0309 -0.9990
vn -0.3267 -0.3371 -0.8830
vn -0.1773 -0.4546 -0.8729
vn -0.3166 -0.8032 -0.5046
vn -0.3674 -0.9301 -0.0000
vn -0.5966 -0.6146 0.5160
vn -0.3166 -0.8032 0.5046
vn -0.3267 -0.3371 0.8830
vn -0.1773 -0.4546 0.8729
vn 0.3177 0.8139 -0.4864
vn 0.6107 0.6306 -0.4789
vn 0.3726 0.3834 -0.8451
vn 0.1920 0.4841 -0.8537
vn 0.3621 0.9321 -0.0000
vn 0.6953 0.7187 -0.0000
vn 0.0311 0.0309 0.9990
vn 0.0110 0.0199 0.9997
vn 0.3726 0.3834 0.8451
vn 0.1920 0.4841 0.8537
vn 0.6107 0.6306 0.4789
vn 0.3177 0.8139 0.4864
vn 0.8453 0.2426 0.4761
vn 0.3918 -0.3669 -0.8437
vn 0.0322 -0.0293 -0.9991
vn -0.6258 0.5878 -0.5128
vn -0.7289 0.6847 -0.0000
vn -0.3445 0.3238 -0.8812
vn -0.6258 0.5878 0.5128
vn 0.6410 -0.6016 -0.4767
vn -0.1419 -0.8658 0.4799
vn 0.0223 -0.9156 0.4015
vn -0.2570 -0.9657 -0.0372
vn -0.2390 -0.9708 -0.0219
vn -0.4622 -0.7597 -0.4574
vn -0.2689 -0.8155 -0.5125
vn -0.5457 -0.3637 -0.7549
vn -0.2264 -0.4493 -0.8642
vn 0.2124 0.9765 -0.0370
vn 0.1988 0.9798 -0.0203
vn 0.6066 0.7604 0.2318
vn 0.4381 0.8042 0.4017
vn 0.8470 0.3244 0.4212
vn 0.5446 0.4027 0.7357
vn 0.8466 -0.2048 0.4913
vn 0.4945 -0.1194 0.8609
vn 0.6045 -0.6761 0.4213
vn 0.3006 -0.6069 0.7357
vn 0.1903 -0.9540 0.2317
vn -0.4930 0.1194 -0.8618
vn -0.1272 0.0305 -0.9914
vn -0.3192 0.5730 -0.7548
vn -0.6297 0.6456 -0.4322
vn -0.2535 0.9311 -0.2624
vn -0.0642 0.8869 -0.4574
vn -0.8455 0.2059 -0.4927
vn -0.2726 -0.9619 -0.0205
vn -0.6522 -0.7112 -0.2625
vn -0.8557 -0.2843 -0.4323
vn 0.1945 0.9809 -0.0000
vn 0.6681 0.7440 -0.0000
vn 0.9553 0.2955 -0.0000
vn 0.9719 -0.2354 -0.0000
vn 0.7137 -0.7004 -0.0000
vn 0.2518 -0.9678 -0.0000
vn -0.7412 0.6713 -0.0000
vn -0.3219 0.9468 -0.0000
vn -0.9715 0.2370 -0.0000
vn -0.2777 -0.9607 -0.0000
vn -0.7207 -0.6933 -0.0000
vn -0.9669 -0.2552 -0.0000
vn -0.6095 0.6717 -0.4211
vn -0.8479 0.1992 -0.4913
vn -0.4952 0.1165 -0.8609
vn -0.3043 0.6051 -0.7357
vn 0.1328 -0.0322 0.9906
vn 0.2324 0.4668 0.8533
vn -0.0048 -0.5218 0.8531
vn 0.0018 0.5031 -0.8642
vn 0.1301 0.8487 -0.5126
vn 0.2273 0.9736 -0.0219
vn 0.2663 0.8358 0.4801
vn 0.1903 -0.9540 -0.2317
vn -0.2726 -0.9619 0.0205
vn -0.6522 -0.7112 0.2625
vn -0.8557 -0.2843 0.4323
vn 0.1988 0.9798 0.0203
vn 0.2124 0.9765 0.0370
vn 0.4381 0.8042 -0.4017
vn 0.6066 0.7604 -0.2318
vn 0.5446 0.4027 -0.7357
vn 0.8470 0.3244 -0.4212
vn 0.4945 -0.1194 -0.8609
vn 0.8466 -0.2048 -0.4913
vn 0.3006 -0.6069 -0.7357
vn 0.6045 -0.6761 -0.4213
vn 0.0223 -0.9156 -0.4015
vn -0.8455 0.2059 0.4927
vn -0.6297 0.6456 0.4322
vn -0.3192 0.5730 0.7548
vn -0.0642 0.8869 0.4574
vn -0.2535 0.9311 0.2624
vn -0.4930 0.1194 0.8618
vn -0.2570 -0.9657 0.0372
vn -0.4622 -0.7597 0.4574
vn -0.5457 -0.3637 0.7549
vn 0.2273 0.9736 0.0219
vn 0.2663 0.8358 -0.4801
vn 0.2324 0.4668 -0.8533
vn 0.1328 -0.0322 -0.9906
vn -0.0048 -0.5218 -0.8531
vn -0.1419 -0.8658 -0.4799
vn 0.0018 0.5031 0.8642
vn 0.1301 0.8487 0.5126
vn -0.1272 0.0305 0.9914
vn -0.2390 -0.9708 0.0219
vn -0.2689 -0.8155 0.5125
vn -0.2264 -0.4493 0.8642
vn -0.6615 -0.7500 -0.0000
vn -0.6004 -0.7654 0.2318
vn -0.1905 -0.9815 -0.0206
vn -0.1852 -0.9827 -0.0000
vn 0.8475 -0.1974 0.4927
vn 0.9741 -0.2263 -0.0000
vn 0.9642 0.2652 -0.0000
vn 0.8531 0.2924 0.4321
vn 0.3310 -0.9436 -0.0000
vn 0.2616 -0.9288 -0.2626
vn 0.6356 -0.6395 -0.4324
vn 0.7481 -0.6636 -0.0000
vn 0.6460 0.7168 0.2622
vn 0.7139 0.7002 -0.0000
vn 0.2686 0.9633 -0.0000
vn 0.2645 0.9642 0.0202
vn -0.7192 0.6948 -0.0000
vn -0.9736 0.2284 -0.0000
vn -0.2604 0.9655 -0.0000
vn -0.1981 0.9524 -0.2317
vn -0.8445 -0.3306 -0.4214
vn -0.9530 -0.3030 -0.0000
vn -0.6004 -0.7654 -0.2318
vn -0.1905 -0.9815 0.0206
vn 0.2616 -0.9288 0.2626
vn -0.4332 -0.8069 0.4015
vn -0.2065 -0.9777 -0.0374
vn 0.0697 -0.8864 -0.4576
vn 0.3229 -0.5707 -0.7550
vn 0.2512 0.9672 -0.0368
vn 0.2367 0.9713 -0.0218
vn 0.1397 0.8660 0.4802
vn -0.0279 0.9153 0.4017
vn 0.0034 0.5214 0.8533
vn -0.3043 0.6051 0.7357
vn -0.1330 0.0313 0.9906
vn -0.4952 0.1165 0.8609
vn -0.2313 -0.4678 0.8530
vn -0.5421 -0.4061 0.7357
vn -0.2643 -0.8366 0.4798
vn 0.4939 -0.1158 -0.8618
vn 0.8475 -0.1974 -0.4927
vn 0.5434 0.3674 -0.7548
vn 0.2254 0.4498 -0.8642
vn 0.2670 0.8161 -0.5126
vn 0.4575 0.7627 -0.4572
vn 0.1272 -0.0302 -0.9914
vn -0.2250 -0.9741 -0.0220
vn -0.1281 -0.8490 -0.5126
vn -0.0007 -0.5031 -0.8642
vn 0.2367 0.9713 0.0218
vn 0.2512 0.9672 0.0368
vn -0.0279 0.9153 -0.4017
vn 0.1397 0.8660 -0.4802
vn 0.0034 0.5214 -0.8533
vn -0.1330 0.0313 -0.9906
vn -0.5421 -0.4061 -0.7357
vn -0.2313 -0.4678 -0.8530
vn -0.4332 -0.8069 -0.4015
vn -0.2643 -0.8366 -0.4798
vn 0.2254 0.4498 0.8642
vn 0.5434 0.3674 0.7548
vn 0.4575 0.7627 0.4572
vn 0.2670 0.8161 0.5126
vn 0.1272 -0.0302 0.9914
vn 0.4939 -0.1158 0.8618
vn -0.2065 -0.9777 0.0374
vn -0.2250 -0.9741 0.0220
vn 0.0697 -0.8864 0.4576
vn -0.1281 -0.8490 0.5126
vn 0.3229 -0.5707 0.7550
vn -0.0007 -0.5031 0.8642
vn 0.6356 -0.6396 0.4324
vn 0.6460 0.7168 -0.2622
vn 0.2645 0.9642 -0.0202
vn -0.6095 0.6717 0.4211
vn -0.8479 0.1992 0.4913
vn -0.1981 0.9524 0.2317
vn -0.8445 -0.3306 0.4214
vn 0.8531 0.2924 -0.4321
vn -0.0464 -0.4857 -0.8729
vn 0.1398 -0.4483 -0.8829
vn -0.0139 0.0416 -0.9990
vn -0.0009 0.0227 -0.9997
vn -0.1598 0.5102 -0.8451
vn 0.0467 0.5187 -0.8537
vn -0.2608 0.8382 -0.4789
vn 0.0830 0.8698 -0.4864
vn -0.0139 0.0416 0.9990
vn -0.0324 0.0289 0.9991
vn 0.3475 -0.3215 0.8808
vn 0.1398 -0.4483 0.8829
vn 0.6311 -0.5826 0.5122
vn 0.2556 -0.8176 0.5158
vn 0.7348 -0.6782 -0.0000
vn 0.2985 -0.9544 -0.0000
vn 0.6311 -0.5826 -0.5122
vn 0.2556 -0.8176 -0.5159
vn 0.3476 -0.3215 -0.8808
vn -0.2965 0.9550 -0.0000
vn 0.0966 0.9953 -0.0000
vn -0.2608 0.8382 0.4789
vn -0.6448 0.5979 0.4761
vn -0.3947 0.3646 0.8434
vn -0.1598 0.5102 0.8451
vn -0.7329 0.6803 -0.0000
vn -0.0324 0.0289 -0.9991
vn -0.3947 0.3646 -0.8434
vn -0.6448 0.5979 -0.4761
vn -0.0421 0.0100 0.9991
vn 0.4623 -0.1087 0.8800
vn 0.8370 -0.1964 0.5107
vn 0.9736 -0.2282 -0.0000
vn 0.8370 -0.1964 -0.5107
vn 0.4623 -0.1087 -0.8800
vn -0.8563 0.2026 0.4751
vn -0.5239 0.1238 0.8427
vn -0.9731 0.2303 -0.0000
vn -0.0421 0.0100 -0.9991
vn -0.5239 0.1238 -0.8427
vn -0.8563 0.2026 -0.4751
vn -0.6348 0.5779 0.5129
vn -0.7393 0.6733 -0.0000
vn -0.3026 0.9531 -0.0000
vn -0.2591 0.8162 0.5164
vn -0.0907 -0.9959 -0.0000
vn -0.0789 -0.8597 0.5046
vn -0.0789 -0.8597 -0.5046
vn 0.0830 0.8698 0.4864
vn 0.0467 0.5187 0.8537
vn -0.0009 0.0227 0.9997
vn -0.0464 -0.4857 0.8729
vn 0.4534 0.1335 -0.8812
vn -0.0420 -0.0116 -0.9991
vn -0.5152 -0.1507 -0.8437
vn -0.8435 -0.2476 -0.4767
vn -0.0420 -0.0116 0.9991
vn -0.0307 -0.0314 0.9990
vn 0.3229 0.3401 0.8832
vn 0.4534 0.1335 0.8812
vn 0.5899 0.6207 0.5164
vn 0.8236 0.2422 0.5128
vn 0.6889 0.7249 -0.0000
vn 0.9593 0.2822 -0.0000
vn 0.5899 0.6207 -0.5164
vn 0.8236 0.2422 -0.5128
vn 0.3229 0.3401 -0.8832
vn -0.9594 -0.2820 -0.0000
vn -0.8435 -0.2476 0.4767
vn -0.6045 -0.6364 0.4792
vn -0.3684 -0.3870 0.8453
vn -0.5152 -0.1507 0.8437
vn -0.6884 -0.7253 -0.0000
vn -0.0307 -0.0314 -0.9990
vn -0.3684 -0.3870 -0.8453
vn -0.6045 -0.6364 -0.4792
vn -0.0109 -0.0202 0.9997
vn 0.1714 0.4566 0.8730
vn 0.3063 0.8070 0.5049
vn 0.3555 0.9347 -0.0000
vn 0.3063 0.8070 -0.5049
vn 0.1714 0.4566 -0.8730
vn -0.3074 -0.8179 0.4864
vn -0.1859 -0.4867 0.8536
vn -0.3502 -0.9367 -0.0000
vn -0.0109 -0.0202 -0.9997
vn -0.1859 -0.4867 -0.8536
vn -0.3074 -0.8179 -0.4864
vn -0.4633 0.1043 -0.8800
vn -0.4532 -0.1373 -0.8808
vn 0.0417 0.0119 -0.9991
vn 0.0422 -0.0094 -0.9991
vn 0.7399 -0.6728 -0.0000
vn 0.9760 -0.2176 -0.0000
vn 0.8588 -0.1916 0.4751
vn 0.6505 -0.5912 0.4768
vn 0.5254 -0.1174 -0.8427
vn 0.5144 0.1556 -0.8433
vn 0.8414 0.2561 -0.4760
vn 0.8588 -0.1916 -0.4751
vn 0.3975 -0.3605 0.8438
vn 0.5254 -0.1174 0.8427
vn 0.0422 -0.0094 0.9991
vn 0.0327 -0.0288 0.9991
vn -0.8387 0.1892 0.5107
vn -0.9754 0.2202 -0.0000
vn -0.4633 0.1043 0.8800
vn -0.3494 0.3182 0.8813
vn -0.6348 0.5779 -0.5129
vn -0.8387 0.1892 -0.5107
vn -0.3494 0.3182 -0.8813
vn 0.0327 -0.0288 -0.9991
vn 0.3975 -0.3605 -0.8438
vn -0.3218 -0.3421 -0.8829
vn 0.0306 0.0313 -0.9990
vn 0.3668 0.3890 -0.8451
vn 0.6011 0.6398 -0.4788
vn 0.0306 0.0313 0.9990
vn 0.0107 0.0200 0.9997
vn -0.1707 -0.4572 0.8728
vn -0.3218 -0.3421 0.8829
vn -0.3050 -0.8077 0.5046
vn -0.5874 -0.6235 0.5159
vn -0.3538 -0.9353 -0.0000
vn -0.6858 -0.7278 -0.0000
vn -0.3050 -0.8077 -0.5046
vn -0.5874 -0.6235 -0.5159
vn -0.1707 -0.4572 -0.8728
vn 0.6843 0.7292 -0.0000
vn 0.9565 0.2918 -0.0000
vn 0.6011 0.6398 0.4788
vn 0.3058 0.8184 0.4865
vn 0.1849 0.4868 0.8537
vn 0.3668 0.3890 0.8451
vn 0.3485 0.9373 -0.0000
vn 0.0107 0.0200 -0.9997
vn 0.1849 0.4868 -0.8537
vn 0.3058 0.8184 -0.4865
vn 0.0009 -0.0230 0.9997
vn 0.0139 -0.0418 0.9990
vn -0.1417 0.4471 0.8832
vn 0.0455 0.4855 0.8731
vn 0.0774 0.8597 0.5049
vn 0.0889 0.9960 -0.0000
vn -0.2592 0.8162 -0.5164
vn 0.0774 0.8597 -0.5049
vn -0.1417 0.4471 -0.8832
vn 0.0455 0.4855 -0.8731
vn -0.0814 -0.8700 0.4863
vn 0.2653 -0.8366 0.4793
vn 0.1620 -0.5091 0.8453
vn -0.0457 -0.5190 0.8536
vn -0.0948 -0.9955 -0.0000
vn 0.3020 -0.9533 -0.0000
vn 0.0139 -0.0418 -0.9990
vn 0.0009 -0.0230 -0.9997
vn 0.1620 -0.5091 -0.8453
vn -0.0457 -0.5190 -0.8536
vn 0.2653 -0.8366 -0.4793
vn -0.0814 -0.8700 -0.4863
vn 0.6505 -0.5912 -0.4768
vn 0.5144 0.1556 0.8433
vn 0.0417 0.0119 0.9991
vn -0.8223 -0.2480 0.5121
vn -0.9575 -0.2886 -0.0000
vn -0.4532 -0.1373 0.8808
vn -0.8223 -0.2480 -0.5121
vn 0.8414 0.2561 0.4760
vn 0.2522 0.8401 -0.4802
vn 0.4251 0.8111 -0.4018
vn 0.1967 0.9798 0.0369
vn 0.2109 0.9773 0.0219
vn -0.0783 0.8859 0.4573
vn 0.1158 0.8508 0.5126
vn -0.3283 0.5679 0.7548
vn -0.0066 0.5030 0.8642
vn -0.2415 -0.9697 0.0373
vn -0.2578 -0.9660 0.0206
vn 0.2052 -0.9509 -0.2317
vn 0.0370 -0.9151 -0.4014
vn 0.6152 -0.6664 -0.4214
vn 0.3103 -0.6020 -0.7357
vn 0.8497 -0.1913 -0.4913
vn 0.4964 -0.1115 -0.8609
vn 0.8418 0.3378 -0.4211
vn 0.5381 0.4114 -0.7357
vn 0.5947 0.7698 -0.2318
vn -0.4948 0.1116 0.8618
vn -0.1277 0.0283 0.9914
vn -0.5398 -0.3723 0.7549
vn -0.8513 -0.2974 0.4324
vn -0.6412 -0.7211 0.2625
vn -0.4500 -0.7670 0.4575
vn -0.8485 0.1930 0.4927
vn 0.1837 0.9828 0.0202
vn -0.2678 0.9271 0.2623
vn -0.6395 0.6359 0.4321
vn -0.2632 -0.9647 -0.0000
vn 0.2666 -0.9638 -0.0000
vn 0.7247 -0.6891 -0.0000
vn 0.9755 -0.2200 -0.0000
vn 0.9505 0.3106 -0.0000
vn 0.6566 0.7543 -0.0000
vn -0.9629 -0.2698 -0.0000
vn -0.7100 -0.7042 -0.0000
vn -0.9750 0.2224 -0.0000
vn 0.1797 0.9837 -0.0000
vn -0.3362 0.9418 -0.0000
vn -0.7513 0.6600 -0.0000
vn -0.8381 -0.3464 0.4214
vn -0.8515 0.1832 0.4913
vn -0.4973 0.1073 0.8609
vn -0.5344 -0.4161 0.7357
vn 0.1333 -0.0300 -0.9906
vn 0.0039 -0.5219 -0.8530
vn 0.2244 0.4705 -0.8534
vn -0.2188 -0.4531 0.8642
vn -0.2551 -0.8199 0.5126
vn -0.2226 -0.9747 0.0220
vn -0.1273 -0.8681 -0.4798
vn 0.5947 0.7698 0.2318
vn 0.1837 0.9828 -0.0202
vn -0.2678 0.9271 -0.2623
vn -0.6395 0.6359 -0.4321
vn -0.2578 -0.9660 -0.0206
vn -0.2415 -0.9697 -0.0373
vn 0.0370 -0.9151 0.4014
vn 0.2052 -0.9509 0.2317
vn 0.3103 -0.6020 0.7357
vn 0.6152 -0.6664 0.4214
vn 0.4964 -0.1115 0.8609
vn 0.8497 -0.1913 0.4913
vn 0.5381 0.4114 0.7357
vn 0.8418 0.3378 0.4211
vn 0.4251 0.8111 0.4018
vn -0.8485 0.1930 -0.4927
vn -0.8513 -0.2974 -0.4323
vn -0.5398 -0.3723 -0.7549
vn -0.4500 -0.7670 -0.4575
vn -0.6412 -0.7211 -0.2625
vn -0.4948 0.1116 -0.8618
vn 0.1967 0.9798 -0.0369
vn -0.0783 0.8859 -0.4573
vn -0.3283 0.5679 -0.7548
vn -0.2226 -0.9747 -0.0220
vn -0.1273 -0.8681 0.4798
vn 0.0039 -0.5219 0.8530
vn 0.1333 -0.0300 0.9906
vn 0.2244 0.4705 0.8534
vn 0.2522 0.8401 0.4802
vn -0.2188 -0.4531 -0.8642
vn -0.2551 -0.8199 -0.5126
vn -0.1277 0.0283 -0.9914
vn 0.2109 0.9773 -0.0219
vn 0.1158 0.8508 -0.5126
vn -0.0066 0.5030 -0.8642
vn -0.2794 0.9602 -0.0000
vn -0.2165 0.9483 -0.2318
vn 0.2458 0.9691 0.0202
vn 0.2497 0.9683 -0.0000
vn 0.8512 -0.1808 -0.4927
vn 0.9783 -0.2071 -0.0000
vn 0.7609 -0.6489 -0.0000
vn 0.6479 -0.6271 -0.4324
vn 0.7004 0.7138 -0.0000
vn 0.6322 0.7290 0.2623
vn 0.8473 0.3088 0.4321
vn 0.9588 0.2840 -0.0000
vn 0.2793 -0.9236 -0.2626
vn 0.3490 -0.9371 -0.0000
vn -0.1660 -0.9861 -0.0000
vn -0.1715 -0.9850 -0.0206
vn -0.9471 -0.3211 -0.0000
vn -0.9777 0.2100 -0.0000
vn -0.6466 -0.7628 -0.0000
vn -0.5855 -0.7769 0.2317
vn -0.6221 0.6600 0.4211
vn -0.7323 0.6810 -0.0000
vn -0.2165 0.9483 0.2318
vn 0.2458 0.9691 -0.0202
vn 0.6322 0.7290 -0.2623
vn -0.0451 0.9146 -0.4018
vn 0.2330 0.9718 0.0368
vn 0.4432 0.7710 0.4573
vn 0.5365 0.3776 0.7547
vn -0.1881 -0.9814 0.0374
vn -0.2075 -0.9780 0.0220
vn -0.2493 -0.8412 -0.4798
vn -0.4180 -0.8150 -0.4014
vn -0.2229 -0.4719 -0.8530
vn -0.5344 -0.4161 -0.7357
vn -0.1336 0.0288 -0.9906
vn -0.4973 0.1073 -0.8609
vn -0.0059 0.5213 -0.8534
vn -0.3155 0.5993 -0.7357
vn 0.1242 0.8683 -0.4803
vn 0.4960 -0.1065 0.8618
vn 0.8512 -0.1808 0.4927
vn 0.3336 -0.5646 0.7550
vn 0.0082 -0.5031 0.8642
vn -0.1130 -0.8512 0.5126
vn 0.0862 -0.8850 0.4576
vn 0.1277 -0.0280 0.9914
vn 0.2193 0.9754 0.0218
vn 0.2525 0.8207 0.5126
vn 0.2174 0.4537 0.8642
vn -0.2075 -0.9780 -0.0220
vn -0.1881 -0.9814 -0.0374
vn -0.4180 -0.8150 0.4014
vn -0.2493 -0.8412 0.4798
vn -0.2229 -0.4719 0.8530
vn -0.1336 0.0288 0.9906
vn -0.3155 0.5993 0.7357
vn -0.0059 0.5213 0.8534
vn -0.0451 0.9146 0.4018
vn 0.1242 0.8683 0.4803
vn 0.0082 -0.5031 -0.8642
vn 0.3336 -0.5646 -0.7550
vn 0.0862 -0.8850 -0.4576
vn -0.1130 -0.8512 -0.5126
vn 0.1277 -0.0280 -0.9914
vn 0.4960 -0.1065 -0.8618
vn 0.2330 0.9718 -0.0368
vn 0.2193 0.9754 -0.0218
vn 0.4432 0.7710 -0.4573
vn 0.2525 0.8207 -0.5126
vn 0.5365 0.3776 -0.7547
vn 0.2174 0.4537 -0.8642
vn 0.8473 0.3088 -0.4321
vn 0.2793 -0.9236 0.2626
vn -0.1715 -0.9850 0.0206
vn -0.8381 -0.3464 -0.4214
vn -0.8515 0.1832 -0.4913
vn -0.5855 -0.7769 -0.2317
vn -0.6221 0.6600 -0.4211
vn 0.6479 -0.6271 0.4324
vn 0.1621 0.4598 0.8731
vn 0.3161 0.3463 0.8832
vn -0.0301 -0.0321 0.9990
vn -0.0105 -0.0205 0.9997
vn -0.3607 -0.3941 0.8453
vn -0.1760 -0.4904 0.8535
vn -0.5919 -0.6480 0.4793
vn -0.2908 -0.8240 0.4863
vn -0.0301 -0.0321 -0.9990
vn -0.0418 -0.0124 -0.9990
vn 0.4506 0.1421 -0.8813
vn 0.3161 0.3463 -0.8832
vn 0.8187 0.2581 -0.5129
vn 0.5776 0.6322 -0.5164
vn 0.9537 0.3008 -0.0000
vn 0.6745 0.7383 -0.0000
vn 0.8187 0.2581 0.5129
vn 0.5776 0.6322 0.5164
vn 0.4506 0.1421 0.8813
vn -0.6742 -0.7385 -0.0000
vn -0.3312 -0.9436 -0.0000
vn -0.5919 -0.6480 -0.4793
vn -0.8386 -0.2633 -0.4768
vn -0.5121 -0.1602 -0.8438
vn -0.3607 -0.3941 -0.8453
vn -0.9540 -0.2998 -0.0000
vn -0.0418 -0.0124 0.9990
vn -0.5121 -0.1602 0.8438
vn -0.8386 -0.2633 0.4768
vn -0.0423 0.0092 -0.9991
vn 0.4643 -0.1000 -0.8800
vn 0.8406 -0.1805 -0.5107
vn 0.9778 -0.2097 -0.0000
vn 0.8406 -0.1805 0.5107
vn 0.4643 -0.1000 0.8800
vn -0.8598 0.1871 -0.4751
vn -0.5261 0.1142 -0.8427
vn -0.9771 0.2127 -0.0000
vn -0.0423 0.0092 0.9991
vn -0.5261 0.1142 0.8427
vn -0.8598 0.1871 0.4751
vn -0.8168 -0.2661 -0.5120
vn -0.9509 -0.3095 -0.0000
vn -0.6701 -0.7422 -0.0000
vn -0.5741 -0.6360 -0.5157
vn 0.3367 0.9416 -0.0000
vn 0.2901 0.8130 -0.5049
vn 0.2901 0.8130 0.5049
vn -0.2908 -0.8240 -0.4863
vn -0.1760 -0.4904 -0.8535
vn -0.0105 -0.0205 -0.9997
vn 0.1621 0.4598 -0.8731
vn 0.3538 -0.3149 0.8807
vn -0.0329 0.0283 0.9991
vn -0.4015 0.3573 0.8433
vn -0.6560 0.5858 0.4759
vn -0.0329 0.0283 -0.9991
vn -0.0147 0.0412 -0.9990
vn 0.1486 -0.4456 -0.8828
vn 0.3538 -0.3149 -0.8807
vn 0.2717 -0.8124 -0.5159
vn 0.6423 -0.5703 -0.5121
vn 0.3172 -0.9484 -0.0000
vn 0.7479 -0.6638 -0.0000
vn 0.2717 -0.8124 0.5159
vn 0.6423 -0.5703 0.5121
vn 0.1486 -0.4456 0.8828
vn -0.7455 0.6666 -0.0000
vn -0.6560 0.5858 -0.4759
vn -0.2771 0.8330 -0.4788
vn -0.1698 0.5070 -0.8451
vn -0.4015 0.3573 -0.8433
vn -0.3151 0.9491 -0.0000
vn -0.0147 0.0412 0.9990
vn -0.1698 0.5070 0.8451
vn -0.2771 0.8330 0.4788
vn -0.0014 0.0226 -0.9997
vn -0.0366 -0.4867 -0.8728
vn -0.0616 -0.8612 -0.5046
vn -0.0707 -0.9975 -0.0000
vn -0.0616 -0.8612 0.5046
vn -0.0366 -0.4867 0.8728
vn 0.0654 0.8712 -0.4865
vn 0.0362 0.5195 -0.8537
vn 0.0765 0.9971 -0.0000
vn -0.0014 0.0226 0.9997
vn 0.0362 0.5195 0.8537
vn 0.0654 0.8712 0.4865
vn -0.4655 0.0939 0.8800
vn -0.3562 0.3103 0.8814
vn 0.0334 -0.0281 0.9990
vn 0.0424 -0.0084 0.9991
vn 0.9497 0.3132 -0.0000
vn 0.9808 -0.1952 -0.0000
vn 0.8630 -0.1718 -0.4751
vn 0.8355 0.2749 -0.4759
vn 0.5279 -0.1054 0.8427
vn 0.4053 -0.3517 0.8438
vn 0.6635 -0.5764 0.4769
vn 0.8630 -0.1718 0.4751
vn 0.5109 0.1669 -0.8433
vn 0.5279 -0.1054 -0.8427
vn 0.0424 -0.0084 -0.9991
vn 0.0414 0.0128 -0.9991
vn -0.8427 0.1706 -0.5107
vn -0.9801 0.1987 -0.0000
vn -0.4655 0.0939 -0.8800
vn -0.4502 -0.1472 -0.8807
vn -0.8168 -0.2661 0.5120
vn -0.8427 0.1706 0.5107
vn -0.4502 -0.1472 0.8807
vn 0.0414 0.0128 0.9991
vn 0.5109 0.1669 0.8433
vn -0.1511 0.4438 0.8833
vn 0.0147 -0.0414 0.9990
vn 0.1729 -0.5055 0.8453
vn 0.2833 -0.8307 0.4793
vn 0.0147 -0.0414 -0.9990
vn 0.0014 -0.0230 -0.9997
vn 0.0355 0.4863 -0.8731
vn -0.1511 0.4438 -0.8833
vn 0.0596 0.8611 -0.5049
vn -0.2764 0.8104 -0.5166
vn 0.0683 0.9977 -0.0000
vn -0.3228 0.9465 -0.0000
vn 0.0596 0.8611 0.5049
vn -0.2764 0.8104 0.5166
vn 0.0355 0.4863 0.8731
vn 0.3225 -0.9466 -0.0000
vn 0.7548 -0.6560 -0.0000
vn 0.2833 -0.8307 -0.4793
vn -0.0632 -0.8715 -0.4863
vn -0.0348 -0.5198 -0.8536
vn 0.1729 -0.5055 -0.8453
vn -0.0739 -0.9973 -0.0000
vn 0.0014 -0.0230 0.9997
vn -0.0348 -0.5198 0.8536
vn -0.0632 -0.8715 0.4863
vn 0.0103 0.0202 -0.9997
vn 0.0300 0.0319 -0.9990
vn -0.3145 -0.3490 -0.8828
vn -0.1612 -0.4606 -0.8729
vn -0.2882 -0.8139 -0.5046
vn -0.3344 -0.9424 -0.0000
vn -0.5741 -0.6360 0.5157
vn -0.2882 -0.8139 0.5046
vn -0.3145 -0.3490 0.8828
vn -0.1612 -0.4606 0.8729
vn 0.2886 0.8247 -0.4864
vn 0.5872 0.6526 -0.4788
vn 0.3585 0.3968 -0.8450
vn 0.1747 0.4906 -0.8537
vn 0.3288 0.9444 -0.0000
vn 0.6684 0.7438 -0.0000
vn 0.0300 0.0319 0.9990
vn 0.0103 0.0202 0.9997
vn 0.3585 0.3968 0.8450
vn 0.1747 0.4906 0.8537
vn 0.5872 0.6526 0.4788
vn 0.2886 0.8247 0.4864
vn 0.8355 0.2749 0.4759
vn 0.4053 -0.3517 -0.8438
vn 0.0334 -0.0281 -0.9990
vn -0.6473 0.5638 -0.5130
vn -0.7539 0.6569 -0.0000
vn -0.3562 0.3103 -0.8814
vn -0.6473 0.5638 0.5130
vn 0.6635 -0.5764 -0.4769
vn -0.1072 -0.8709 0.4797
vn 0.0576 -0.9141 0.4014
vn -0.2197 -0.9748 -0.0375
vn -0.2000 -0.9795 -0.0221
vn -0.4327 -0.7767 -0.4577
vn -0.2361 -0.8255 -0.5126
vn -0.5314 -0.3842 -0.7550
vn -0.2083 -0.4580 -0.8642
vn 0.1747 0.9839 -0.0367
vn 0.1622 0.9866 -0.0201
vn 0.5775 0.7828 0.2317
vn 0.4068 0.8204 0.4018
vn 0.8342 0.3563 0.4210
vn 0.5288 0.4232 0.7357
vn 0.8538 -0.1724 0.4913
vn 0.4988 -0.1004 0.8609
vn 0.6297 -0.6526 0.4215
vn 0.3236 -0.5950 0.7357
vn 0.2263 -0.9461 0.2318
vn -0.4972 0.1007 -0.8618
vn -0.1283 0.0253 -0.9914
vn -0.3409 0.5606 -0.7547
vn -0.6531 0.6220 -0.4320
vn -0.2878 0.9211 -0.2621
vn -0.0981 0.8840 -0.4571
vn -0.8525 0.1747 -0.4927
vn -0.2366 -0.9714 -0.0207
vn -0.6255 -0.7347 -0.2627
vn -0.8446 -0.3156 -0.4324
vn 0.1584 0.9874 -0.0000
vn 0.6397 0.7686 -0.0000
vn 0.9435 0.3315 -0.0000
vn 0.9801 -0.1984 -0.0000
vn 0.7397 -0.6729 -0.0000
vn 0.2880 -0.9576 -0.0000
vn -0.7651 0.6439 -0.0000
vn -0.3561 0.9344 -0.0000
vn -0.9795 0.2016 -0.0000
vn -0.2423 -0.9702 -0.0000
vn -0.6950 -0.7190 -0.0000
vn -0.9570 -0.2902 -0.0000
vn -0.6389 0.6438 -0.4211
vn -0.8559 0.1616 -0.4913
vn -0.4998 0.0949 -0.8609
vn -0.3305 0.5913 -0.7357
vn 0.1339 -0.0270 0.9906
vn 0.2134 0.4755 0.8534
vn 0.0161 -0.5218 0.8529
vn -0.0183 0.5028 -0.8642
vn 0.0961 0.8533 -0.5126
vn 0.1882 0.9819 -0.0217
vn 0.2326 0.8457 0.4804
vn 0.2263 -0.9461 -0.2318
vn -0.2366 -0.9714 0.0207
vn -0.6255 -0.7347 0.2627
vn -0.8446 -0.3156 0.4324
vn 0.1622 0.9866 0.0201
vn 0.1747 0.9839 0.0367
vn 0.4068 0.8204 -0.4018
vn 0.5775 0.7828 -0.2317
vn 0.5288 0.4232 -0.7357
vn 0.8342 0.3563 -0.4210
vn 0.4988 -0.1004 -0.8609
vn 0.8538 -0.1724 -0.4913
vn 0.3236 -0.5950 -0.7357
vn 0.6297 -0.6526 -0.4215
vn 0.0576 -0.9141 -0.4014
vn -0.8525 0.1747 0.4927
vn -0.6531 0.6220 0.4320
vn -0.3409 0.5606 0.7547
vn -0.0981 0.8840 0.4571
vn -0.2878 0.9211 0.2621
vn -0.4972 0.1007 0.8618
vn -0.2197 -0.9748 0.0375
vn -0.4327 -0.7767 0.4577
vn -0.5314 -0.3841 0.7550
vn 0.1882 0.9819 0.0218
vn 0.2326 0.8457 -0.4803
vn 0.2134 0.4755 -0.8534
vn 0.1339 -0.0270 -0.9906
vn 0.0161 -0.5218 -0.8529
vn -0.1071 -0.8709 -0.4797
vn -0.0183 0.5028 0.8642
vn 0.0961 0.8533 0.5126
vn -0.1283 0.0253 0.9914
vn -0.2000 -0.9795 0.0221
vn -0.2361 -0.8255 0.5126
vn -0.2083 -0.4580 0.8642
vn -0.6264 -0.7795 -0.0000
vn -0.5652 -0.7918 0.2316
vn -0.1463 -0.9890 -0.0205
vn -0.1407 -0.9900 -0.0000
vn 0.8556 -0.1585 0.4927
vn 0.9835 -0.1812 -0.0000
vn 0.9511 0.3090 -0.0000
vn 0.8390 0.3307 0.4321
vn 0.3730 -0.9278 -0.0000
vn 0.3028 -0.9162 -0.2625
vn 0.6640 -0.6101 -0.4324
vn 0.7777 -0.6287 -0.0000
vn 0.6134 0.7449 0.2624
vn 0.6818 0.7315 -0.0000
vn 0.2249 0.9744 -0.0000
vn 0.2210 0.9751 0.0203
vn -0.7497 0.6618 -0.0000
vn -0.9827 0.1850 -0.0000
vn -0.3044 0.9526 -0.0000
vn -0.2410 0.9424 -0.2319
vn -0.8289 -0.3679 -0.4214
vn -0.9384 -0.3455 -0.0000
vn -0.5652 -0.7918 -0.2316
vn -0.1463 -0.9890 0.0205
vn 0.3028 -0.9162 0.2625
vn -0.3972 -0.8253 0.4014
vn -0.1633 -0.9859 -0.0372
vn 0.1084 -0.8826 -0.4574
vn 0.3477 -0.5560 -0.7550
vn 0.2084 0.9773 -0.0370
vn 0.1956 0.9804 -0.0219
vn 0.1030 0.8711 0.4803
vn -0.0683 0.9132 0.4018
vn -0.0187 0.5209 0.8534
vn -0.3305 0.5912 0.7357
vn -0.1343 0.0253 0.9906
vn -0.4998 0.0949 0.8609
vn -0.2113 -0.4773 0.8529
vn -0.5238 -0.4293 0.7357
vn -0.2287 -0.8470 0.4798
vn 0.4986 -0.0938 -0.8618
vn 0.8556 -0.1585 -0.4927
vn 0.5268 0.3910 -0.7547
vn 0.2064 0.4588 -0.8642
vn 0.2326 0.8265 -0.5127
vn 0.4237 0.7818 -0.4574
vn 0.1284 -0.0248 -0.9914
vn -0.1838 -0.9827 -0.0219
vn -0.0924 -0.8537 -0.5125
vn 0.0203 -0.5027 -0.8642
vn 0.1956 0.9804 0.0219
vn 0.2084 0.9773 0.0370
vn -0.0683 0.9132 -0.4018
vn 0.1030 0.8711 -0.4803
vn -0.0187 0.5209 -0.8534
vn -0.1343 0.0253 -0.9906
vn -0.5238 -0.4293 -0.7357
vn -0.2113 -0.4773 -0.8529
vn -0.3972 -0.8253 -0.4014
vn -0.2287 -0.8470 -0.4798
vn 0.2064 0.4588 0.8642
vn 0.5268 0.3910 0.7547
vn 0.4237 0.7818 0.4574
vn 0.2325 0.8265 0.5127
vn 0.1284 -0.0249 0.9914
vn 0.4986 -0.0938 0.8618
vn -0.1633 -0.9859 0.0372
vn -0.1838 -0.9827 0.0219
vn 0.1084 -0.8826 0.4574
vn -0.0924 -0.8537 0.5125
vn 0.3477 -0.5560 0.7550
vn 0.0203 -0.5027 0.8642
vn 0.6640 -0.6101 0.4324
vn 0.6134 0.7449 -0.2624
vn 0.2210 0.9751 -0.0203
vn -0.6389 0.6438 0.4211
vn -0.8559 0.1616 0.4913
vn -0.2410 0.9424 0.2319
vn -0.8289 -0.3679 0.4214
vn 0.8390 0.3307 -0.4321
vn -0.0237 -0.4876 -0.8728
vn 0.1601 -0.4415 -0.8828
vn -0.0158 0.0409 -0.9990
vn -0.0020 0.0224 -0.9997
vn -0.1830 0.5026 -0.8450
vn 0.0222 0.5203 -0.8537
vn -0.2987 0.8256 -0.4787
vn 0.0420 0.8727 -0.4865
vn -0.0158 0.0409 0.9990
vn -0.0336 0.0274 0.9991
vn 0.3619 -0.3058 0.8806
vn 0.1601 -0.4415 0.8828
vn 0.6570 -0.5535 0.5119
vn 0.2928 -0.8051 0.5159
vn 0.7648 -0.6442 -0.0000
vn 0.3418 -0.9398 -0.0000
vn 0.6570 -0.5535 -0.5119
vn 0.2928 -0.8051 -0.5159
vn 0.3619 -0.3058 -0.8806
vn -0.3395 0.9406 -0.0000
vn 0.0497 0.9988 -0.0000
vn -0.2987 0.8256 0.4787
vn -0.6706 0.5692 0.4757
vn -0.4106 0.3472 0.8431
vn -0.1830 0.5026 0.8450
vn -0.7620 0.6476 -0.0000
vn -0.0336 0.0274 -0.9991
vn -0.4106 0.3472 -0.8431
vn -0.6706 0.5692 -0.4757
vn -0.0425 0.0082 0.9991
vn 0.4667 -0.0882 0.8800
vn 0.8449 -0.1590 0.5107
vn 0.9828 -0.1846 -0.0000
vn 0.8449 -0.1590 -0.5107
vn 0.4667 -0.0882 -0.8800
vn -0.8642 0.1658 0.4750
vn -0.5288 0.1011 0.8427
vn -0.9821 0.1886 -0.0000
vn -0.0425 0.0082 -0.9991
vn -0.5288 0.1011 -0.8427
vn -0.8642 0.1658 -0.4750
vn -0.6630 0.5451 0.5131
vn -0.7724 0.6352 -0.0000
vn -0.3490 0.9371 -0.0000
vn -0.2989 0.8024 0.5165
vn -0.0443 -0.9990 -0.0000
vn -0.0388 -0.8625 0.5045
vn -0.0388 -0.8625 -0.5045
vn 0.0420 0.8727 0.4865
vn 0.0222 0.5203 0.8537
vn -0.0020 0.0224 0.9997
vn -0.0237 -0.4876 0.8728
vn 0.4467 0.1536 -0.8814
vn -0.0414 -0.0135 -0.9991
vn -0.5078 -0.1730 -0.8439
vn -0.8316 -0.2842 -0.4771
vn -0.0414 -0.0135 0.9990
vn -0.0292 -0.0328 0.9990
vn 0.3071 0.3545 0.8832
vn 0.4467 0.1536 0.8814
vn 0.5610 0.6470 0.5164
vn 0.8117 0.2792 0.5131
vn 0.6551 0.7556 -0.0000
vn 0.9456 0.3254 -0.0000
vn 0.5610 0.6470 -0.5164
vn 0.8117 0.2792 -0.5131
vn 0.3071 0.3545 -0.8832
vn -0.9462 -0.3236 -0.0000
vn -0.8316 -0.2842 0.4771
vn -0.5749 -0.6631 0.4794
vn -0.3502 -0.4033 0.8454
vn -0.5078 -0.1730 0.8439
vn -0.6549 -0.7557 -0.0000
vn -0.0292 -0.0328 -0.9990
vn -0.3502 -0.4033 -0.8454
vn -0.5749 -0.6631 -0.4794
vn -0.0100 -0.0209 0.9997
vn 0.1498 0.4638 0.8732
vn 0.2684 0.8203 0.5050
vn 0.3117 0.9502 -0.0000
vn 0.2684 0.8203 -0.5050
vn 0.1498 0.4638 -0.8732
vn -0.2686 -0.8315 0.4863
vn -0.1628 -0.4949 0.8536
vn -0.3058 -0.9521 -0.0000
vn -0.0100 -0.0209 -0.9997
vn -0.1628 -0.4949 -0.8536
vn -0.2686 -0.8315 -0.4863
vn -0.4681 0.0805 -0.8800
vn -0.4461 -0.1600 -0.8806
vn 0.0409 0.0139 -0.9991
vn 0.0427 -0.0072 -0.9991
vn 0.7735 -0.6338 -0.0000
vn 0.9861 -0.1662 -0.0000
vn 0.8677 -0.1463 0.4750
vn 0.6799 -0.5569 0.4771
vn 0.5308 -0.0898 -0.8427
vn 0.5060 0.1817 -0.8432
vn 0.8273 0.2991 -0.4756
vn 0.8677 -0.1463 -0.4750
vn 0.4152 -0.3397 0.8439
vn 0.5308 -0.0898 0.8427
vn 0.0427 -0.0072 0.9991
vn 0.0342 -0.0272 0.9990
vn -0.8472 0.1463 0.5107
vn -0.9854 0.1705 -0.0000
vn -0.4681 0.0805 0.8800
vn -0.3647 0.3000 0.8815
vn -0.6630 0.5451 -0.5131
vn -0.8472 0.1463 -0.5107
vn -0.3647 0.3000 -0.8815
vn 0.0342 -0.0272 -0.9990
vn 0.4152 -0.3397 -0.8439
vn -0.3047 -0.3576 -0.8828
vn 0.0291 0.0327 -0.9990
vn 0.3473 0.4067 -0.8450
vn 0.5687 0.6690 -0.4786
vn 0.0291 0.0327 0.9990
vn 0.0097 0.0204 0.9997
vn -0.1484 -0.4649 0.8729
vn -0.3047 -0.3576 0.8828
vn -0.2657 -0.8214 0.5047
vn -0.5562 -0.6517 0.5158
vn -0.3085 -0.9512 -0.0000
vn -0.6492 -0.7606 -0.0000
vn -0.2657 -0.8214 -0.5047
vn -0.5562 -0.6517 -0.5158
vn -0.1484 -0.4649 -0.8729
vn 0.6472 0.7623 -0.0000
vn 0.9402 0.3406 -0.0000
vn 0.5687 0.6690 0.4786
vn 0.2658 0.8323 0.4864
vn 0.1611 0.4952 0.8537
vn 0.3473 0.4067 0.8450
vn 0.3027 0.9531 -0.0000
vn 0.0097 0.0204 -0.9997
vn 0.1611 0.4952 -0.8537
vn 0.2658 0.8323 -0.4864
vn 0.0020 -0.0230 0.9997
vn 0.0158 -0.0411 0.9990
vn -0.1635 0.4394 0.8833
vn 0.0220 0.4871 0.8731
vn 0.0359 0.8625 0.5048
vn 0.0410 0.9992 -0.0000
vn -0.2989 0.8024 -0.5165
vn 0.0359 0.8625 -0.5048
vn -0.1635 0.4394 -0.8833
vn 0.0220 0.4871 -0.8731
vn -0.0391 -0.8729 0.4864
vn 0.3065 -0.8223 0.4795
vn 0.1869 -0.5004 0.8454
vn -0.0205 -0.5206 0.8536
vn -0.0464 -0.9989 -0.0000
vn 0.3491 -0.9371 -0.0000
vn 0.0158 -0.0411 -0.9990
vn 0.0020 -0.0230 -0.9997
vn 0.1869 -0.5004 -0.8454
vn -0.0205 -0.5206 -0.8536
vn 0.3065 -0.8223 -0.4795
vn -0.0391 -0.8729 -0.4864
vn 0.6799 -0.5569 -0.4771
vn 0.5060 0.1817 0.8432
vn 0.0409 0.0139 0.9991
vn -0.8089 -0.2892 0.5118
vn -0.9417 -0.3365 -0.0000
vn -0.4461 -0.1600 0.8806
vn -0.8089 -0.2892 -0.5118
vn 0.8273 0.2991 0.4756
vn 0.2071 0.8522 -0.4805
vn 0.3830 0.8318 -0.4019
vn 0.1461 0.9886 0.0366
vn 0.1587 0.9871 0.0216
vn -0.1237 0.8808 0.4570
vn 0.0705 0.8558 0.5125
vn -0.3569 0.5507 0.7546
vn -0.0333 0.5020 0.8642
vn -0.1913 -0.9808 0.0376
vn -0.2086 -0.9778 0.0206
vn 0.2530 -0.9393 -0.2319
vn 0.0839 -0.9121 -0.4013
vn 0.6480 -0.6343 -0.4216
vn 0.3407 -0.5854 -0.7357
vn 0.8584 -0.1478 -0.4913
vn 0.5015 -0.0858 -0.8609
vn 0.8238 0.3799 -0.4208
vn 0.5163 0.4384 -0.7357
vn 0.5550 0.7989 -0.2316
vn -0.4999 0.0864 0.8618
vn -0.1290 0.0215 0.9914
vn -0.5201 -0.3992 0.7551
vn -0.8354 -0.3391 0.4325
vn -0.6043 -0.7522 0.2627
vn -0.4100 -0.7888 0.4578
vn -0.8570 0.1508 0.4927
vn 0.1338 0.9908 0.0202
vn -0.3138 0.9126 0.2621
vn -0.6703 0.6035 0.4320
vn -0.2142 -0.9768 -0.0000
vn 0.3153 -0.9490 -0.0000
vn 0.7585 -0.6516 -0.0000
vn 0.9854 -0.1701 -0.0000
vn 0.9337 0.3581 -0.0000
vn 0.6175 0.7866 -0.0000
vn -0.9486 -0.3166 -0.0000
vn -0.6745 -0.7383 -0.0000
vn -0.9847 0.1744 -0.0000
vn 0.1299 0.9915 -0.0000
vn -0.3822 0.9241 -0.0000
vn -0.7827 0.6224 -0.0000
vn -0.8165 -0.3945 0.4215
vn -0.8607 0.1339 0.4913
vn -0.5026 0.0790 0.8609
vn -0.5098 -0.4458 0.7357
vn 0.1347 -0.0231 -0.9906
vn 0.0317 -0.5211 -0.8529
vn 0.1990 0.4817 -0.8535
vn -0.1945 -0.4640 0.8642
vn -0.2113 -0.8322 0.5127
vn -0.1706 -0.9851 0.0223
vn -0.0810 -0.8737 -0.4796
vn 0.5550 0.7989 0.2316
vn 0.1338 0.9908 -0.0202
vn -0.3138 0.9126 -0.2621
vn -0.6703 0.6035 -0.4320
vn -0.2087 -0.9778 -0.0206
vn -0.1913 -0.9808 -0.0376
vn 0.0839 -0.9121 0.4013
vn 0.2530 -0.9393 0.2319
vn 0.3407 -0.5854 0.7357
vn 0.6480 -0.6343 0.4216
vn 0.5015 -0.0858 0.8609
vn 0.8584 -0.1478 0.4913
vn 0.5163 0.4384 0.7357
vn 0.8238 0.3799 0.4208
vn 0.3830 0.8318 0.4019
vn -0.8570 0.1508 -0.4927
vn -0.8354 -0.3391 -0.4325
vn -0.5201 -0.3992 -0.7551
vn -0.4100 -0.7888 -0.4579
vn -0.6043 -0.7522 -0.2627
vn -0.4999 0.0864 -0.8618
vn 0.1461 0.9886 -0.0366
vn -0.1237 0.8808 -0.4570
vn -0.3569 0.5507 -0.7546
vn -0.1706 -0.9851 -0.0223
vn -0.0810 -0.8737 0.4796
vn 0.0317 -0.5211 0.8529
vn 0.1347 -0.0231 0.9906
vn 0.1990 0.4817 0.8535
vn 0.2071 0.8522 0.4805
vn -0.1945 -0.4640 -0.8642
vn -0.2113 -0.8322 -0.5127
vn -0.1290 0.0215 -0.9914
vn 0.1587 0.9871 -0.0216
vn 0.0705 0.8558 -0.5125
vn -0.0333 0.5020 -0.8642
vn -0.3348 0.9423 -0.0000
vn -0.2713 0.9342 -0.2316
vn 0.1895 0.9817 0.0204
vn 0.1935 0.9811 -0.0000
vn 0.8604 -0.1303 -0.4927
vn 0.9889 -0.1484 -0.0000
vn 0.7981 -0.6025 -0.0000
vn 0.6836 -0.5880 -0.4325
vn 0.6575 0.7535 -0.0000
vn 0.5888 0.7646 0.2622
vn 0.8278 0.3580 0.4320
vn 0.9403 0.3404 -0.0000
vn 0.3325 -0.9058 -0.2626
vn 0.4032 -0.9151 -0.0000
vn -0.1089 -0.9941 -0.0000
vn -0.1144 -0.9932 -0.0204
vn -0.9267 -0.3757 -0.0000
vn -0.9882 0.1533 -0.0000
vn -0.6011 -0.7992 -0.0000
vn -0.5394 -0.8095 0.2319
vn -0.6595 0.6228 0.4209
vn -0.7708 0.6371 -0.0000
vn -0.2713 0.9342 0.2316
vn 0.1895 0.9817 -0.0204
vn 0.5888 0.7646 -0.2622
vn -0.0973 0.9107 -0.4015
vn 0.1773 0.9835 0.0370
vn 0.3985 0.7952 0.4571
vn 0.5141 0.4079 0.7546
vn -0.1319 -0.9906 0.0372
vn -0.1533 -0.9879 0.0221
vn -0.2025 -0.8537 -0.4798
vn -0.3708 -0.8374 -0.4016
vn -0.1965 -0.4837 -0.8529
vn -0.5098 -0.4458 -0.7357
vn -0.1350 0.0210 -0.9906
vn -0.5026 0.0790 -0.8609
vn -0.0348 0.5200 -0.8535
vn -0.3492 0.5804 -0.7356
vn 0.0761 0.8738 -0.4803
vn 0.5013 -0.0776 0.8618
vn 0.8604 -0.1303 0.4927
vn 0.3654 -0.5443 0.7551
vn 0.0359 -0.5018 0.8642
vn -0.0659 -0.8560 0.5127
vn 0.1366 -0.8785 0.4577
vn 0.1291 -0.0209 0.9914
vn 0.1652 0.9860 0.0217
vn 0.2068 0.8334 0.5125
vn 0.1921 0.4650 0.8642
vn -0.1533 -0.9879 -0.0221
vn -0.1319 -0.9906 -0.0372
vn -0.3708 -0.8374 0.4016
vn -0.2025 -0.8537 0.4798
vn -0.1965 -0.4837 0.8529
vn -0.1350 0.0210 0.9906
vn -0.3492 0.5804 0.7356
vn -0.0348 0.5200 0.8535
vn -0.0973 0.9107 0.4015
vn 0.0761 0.8738 0.4802
vn 0.0360 -0.5018 -0.8642
vn 0.3654 -0.5443 -0.7551
vn 0.1366 -0.8785 -0.4578
vn -0.0659 -0.8560 -0.5127
vn 0.1291 -0.0209 -0.9914
vn 0.5013 -0.0776 -0.8618
vn 0.1773 0.9835 -0.0370
vn 0.1652 0.9860 -0.0217
vn 0.3985 0.7952 -0.4571
vn 0.2068 0.8334 -0.5125
vn 0.5141 0.4079 -0.7546
vn 0.1921 0.4650 -0.8642
vn 0.8278 0.3580 -0.4320
vn 0.3325 -0.9058 0.2626
vn -0.1144 -0.9932 0.0204
vn -0.8165 -0.3945 -0.4215
vn -0.8607 0.1338 -0.4913
vn -0.5394 -0.8095 -0.2319
vn -0.6595 0.6228 -0.4209
vn 0.6836 -0.5880 0.4325
vn 0.1342 0.4686 0.8731
vn 0.2951 0.3643 0.8833
vn -0.0281 -0.0338 0.9990
vn -0.0093 -0.0212 0.9997
vn -0.3367 -0.4145 0.8455
vn -0.1462 -0.5000 0.8536
vn -0.5527 -0.6815 0.4796
vn -0.2406 -0.8400 0.4864
vn -0.0281 -0.0338 -0.9990
vn -0.0411 -0.0149 -0.9990
vn 0.4412 0.1680 -0.8815
vn 0.2951 0.3643 -0.8833
vn 0.8021 0.3052 -0.5133
vn 0.5391 0.6652 -0.5166
vn 0.9346 0.3558 -0.0000
vn 0.6297 0.7769 -0.0000
vn 0.8021 0.3052 0.5133
vn 0.5391 0.6652 0.5166
vn 0.4412 0.1680 0.8815
vn -0.6297 -0.7768 -0.0000
vn -0.2738 -0.9618 -0.0000
vn -0.5527 -0.6815 -0.4796
vn -0.8221 -0.3105 -0.4773
vn -0.5018 -0.1892 -0.8440
vn -0.3367 -0.4145 -0.8455
vn -0.9354 -0.3535 -0.0000
vn -0.0411 -0.0149 0.9990
vn -0.5018 -0.1892 0.8440
vn -0.8221 -0.3105 0.4773
vn -0.0427 0.0069 -0.9991
vn 0.4693 -0.0732 -0.8800
vn 0.8496 -0.1317 -0.5107
vn 0.9882 -0.1529 -0.0000
vn 0.8496 -0.1317 0.5107
vn 0.4693 -0.0732 0.8800
vn -0.8690 0.1385 -0.4750
vn -0.5317 0.0845 -0.8427
vn -0.9875 0.1576 -0.0000
vn -0.0427 0.0069 0.9991
vn -0.5317 0.0845 0.8427
vn -0.8690 0.1385 0.4750
vn -0.7985 -0.3174 -0.5115
vn -0.9294 -0.3692 -0.0000
vn -0.6223 -0.7828 -0.0000
vn -0.5332 -0.6707 -0.5156
vn 0.2794 0.9602 -0.0000
vn 0.2407 0.8289 -0.5050
vn 0.2407 0.8289 0.5050
vn -0.2406 -0.8400 -0.4864
vn -0.1462 -0.5000 -0.8536
vn -0.0093 -0.0212 -0.9997
vn 0.1342 0.4686 -0.8731
vn 0.3719 -0.2940 0.8805
vn -0.0344 0.0262 0.9991
vn -0.4216 0.3339 0.8431
vn -0.6885 0.5477 0.4755
vn -0.0344 0.0262 -0.9991
vn -0.0172 0.0403 -0.9990
vn 0.1747 -0.4361 -0.8828
vn 0.3719 -0.2940 -0.8805
vn 0.3194 -0.7950 -0.5157
vn 0.6746 -0.5321 -0.5116
vn 0.3728 -0.9279 -0.0000
vn 0.7853 -0.6191 -0.0000
vn 0.3194 -0.7950 0.5157
vn 0.6746 -0.5321 0.5116
vn 0.1747 -0.4361 0.8828
vn -0.7822 0.6230 -0.0000
vn -0.6885 0.5477 -0.4755
vn -0.3257 0.8155 -0.4785
vn -0.1995 0.4964 -0.8449
vn -0.4216 0.3339 -0.8431
vn -0.3702 0.9289 -0.0000
vn -0.0172 0.0403 0.9990
vn -0.1995 0.4964 0.8449
vn -0.3257 0.8155 0.4784
vn -0.0027 0.0224 -0.9997
vn -0.0073 -0.4881 -0.8728
vn -0.0097 -0.8633 -0.5046
vn -0.0106 -0.9999 -0.0000
vn -0.0097 -0.8633 0.5046
vn -0.0073 -0.4881 0.8728
vn 0.0128 0.8736 -0.4864
vn 0.0048 0.5207 -0.8537
vn 0.0163 0.9999 -0.0000
vn -0.0027 0.0224 0.9997
vn 0.0048 0.5207 0.8537
vn 0.0128 0.8736 0.4864
vn -0.4706 0.0637 0.8800
vn -0.3748 0.2868 0.8816
vn 0.0351 -0.0260 0.9990
vn 0.0429 -0.0056 0.9991
vn 0.9274 0.3741 -0.0000
vn 0.9915 -0.1301 -0.0000
vn 0.8725 -0.1148 -0.4750
vn 0.8161 0.3286 -0.4753
vn 0.5337 -0.0704 0.8427
vn 0.4270 -0.3244 0.8441
vn 0.6993 -0.5320 0.4774
vn 0.8725 -0.1148 0.4750
vn 0.4994 0.1998 -0.8430
vn 0.5337 -0.0704 -0.8427
vn 0.0429 -0.0056 -0.9991
vn 0.0404 0.0153 -0.9991
vn -0.8519 0.1162 -0.5107
vn -0.9908 0.1355 -0.0000
vn -0.4706 0.0637 -0.8800
vn -0.4404 -0.1757 -0.8804
vn -0.7985 -0.3174 0.5115
vn -0.8519 0.1162 0.5107
vn -0.4404 -0.1757 0.8804
vn 0.0404 0.0153 0.9991
vn 0.4994 0.1998 0.8430
vn -0.1787 0.4334 0.8833
vn 0.0172 -0.0404 0.9990
vn 0.2042 -0.4933 0.8455
vn 0.3350 -0.8109 0.4797
vn 0.0172 -0.0404 -0.9990
vn 0.0028 -0.0230 -0.9997
vn 0.0053 0.4874 -0.8732
vn -0.1787 0.4334 -0.8833
vn 0.0062 0.8631 -0.5050
vn -0.3266 0.7915 -0.5166
vn 0.0065 1.0000 -0.0000
vn -0.3815 0.9244 -0.0000
vn 0.0062 0.8631 0.5050
vn -0.3266 0.7915 0.5166
vn 0.0053 0.4874 0.8732
vn 0.3817 -0.9243 -0.0000
vn 0.7958 -0.6056 -0.0000
vn 0.3350 -0.8109 -0.4797
vn -0.0094 -0.8737 -0.4864
vn -0.0028 -0.5210 -0.8536
vn 0.2042 -0.4933 -0.8455
vn -0.0124 -0.9999 -0.0000
vn 0.0028 -0.0230 0.9997
vn -0.0028 -0.5210 0.8536
vn -0.0094 -0.8737 0.4864
vn 0.0090 0.0206 -0.9997
vn 0.0280 0.0337 -0.9990
vn -0.2920 -0.3681 -0.8827
vn -0.1324 -0.4698 -0.8728
vn -0.2373 -0.8301 -0.5045
vn -0.2755 -0.9613 -0.0000
vn -0.5332 -0.6707 0.5156
vn -0.2373 -0.8301 0.5045
vn -0.2920 -0.3681 0.8827
vn -0.1324 -0.4698 0.8728
vn 0.2374 0.8409 -0.4864
vn 0.5451 0.6885 -0.4784
vn 0.3330 0.4188 -0.8448
vn 0.1442 0.5004 -0.8537
vn 0.2701 0.9628 -0.0000
vn 0.6201 0.7845 -0.0000
vn 0.0280 0.0337 0.9990
vn 0.0090 0.0206 0.9997
vn 0.3330 0.4188 0.8448
vn 0.1442 0.5004 0.8537
vn 0.5451 0.6885 0.4784
vn 0.2374 0.8409 0.4864
vn 0.8161 0.3286 0.4753
vn 0.4270 -0.3244 -0.8441
vn 0.0351 -0.0260 -0.9990
vn -0.6816 0.5214 -0.5134
vn -0.7941 0.6078 -0.0000
vn -0.3748 0.2868 -0.8816
vn -0.6816 0.5214 0.5134
vn 0.6993 -0.5320 -0.4774
vn -0.0488 -0.8760 0.4798
vn 0.1165 -0.9084 0.4016
vn -0.1561 -0.9870 -0.0372
vn -0.1341 -0.9907 -0.0221
vn -0.3815 -0.8031 -0.4577
vn -0.1804 -0.8394 -0.5127
vn -0.5054 -0.4175 -0.7552
vn -0.1772 -0.4709 -0.8642
vn 0.1106 0.9932 -0.0370
vn 0.0986 0.9949 -0.0204
vn 0.5267 0.8179 0.2316
vn 0.3530 0.8451 0.4016
vn 0.8098 0.4087 0.4209
vn 0.5003 0.4567 0.7356
vn 0.8631 -0.1172 0.4912
vn 0.5043 -0.0676 0.8609
vn 0.6700 -0.6111 0.4215
vn 0.3615 -0.5727 0.7358
vn 0.2858 -0.9298 0.2319
vn -0.5026 0.0687 -0.8618
vn -0.1297 0.0167 -0.9914
vn -0.3764 0.5376 -0.7545
vn -0.6911 0.5795 -0.4320
vn -0.3461 0.9008 -0.2623
vn -0.1552 0.8758 -0.4571
vn -0.8618 0.1208 -0.4927
vn -0.1739 -0.9846 -0.0204
vn -0.5772 -0.7732 -0.2626
vn -0.8230 -0.3683 -0.4325
vn 0.0946 0.9955 -0.0000
vn 0.5900 0.8074 -0.0000
vn 0.9205 0.3906 -0.0000
vn 0.9908 -0.1350 -0.0000
vn 0.7809 -0.6246 -0.0000
vn 0.3478 -0.9376 -0.0000
vn -0.8039 0.5948 -0.0000
vn -0.4150 0.9098 -0.0000
vn -0.9901 0.1403 -0.0000
vn -0.1795 -0.9838 -0.0000
vn -0.6477 -0.7619 -0.0000
vn -0.9370 -0.3494 -0.0000
vn -0.6834 0.5967 -0.4207
vn -0.8652 0.1004 -0.4912
vn -0.5053 0.0592 -0.8609
vn -0.3716 0.5662 -0.7357
vn 0.1354 -0.0184 0.9906
vn 0.1813 0.4885 0.8535
vn 0.0507 -0.5197 0.8528
vn -0.0518 0.5004 -0.8642
vn 0.0388 0.8578 -0.5125
vn 0.1221 0.9923 -0.0218
vn 0.1757 0.8593 0.4803
vn 0.2858 -0.9298 -0.2319
vn -0.1738 -0.9846 0.0204
vn -0.5772 -0.7732 0.2626
vn -0.8230 -0.3683 0.4325
vn 0.0986 0.9949 0.0204
vn 0.1106 0.9932 0.0370
vn 0.3530 0.8451 -0.4016
vn 0.5267 0.8179 -0.2316
vn 0.5003 0.4567 -0.7356
vn 0.8098 0.4087 -0.4209
vn 0.5043 -0.0676 -0.8609
vn 0.8631 -0.1172 -0.4912
vn 0.3615 -0.5727 -0.7358
vn 0.6700 -0.6111 -0.4215
vn 0.1165 -0.9084 -0.4016
vn -0.8618 0.1208 0.4927
vn -0.6911 0.5795 0.4320
vn -0.3764 0.5376 0.7545
vn -0.1552 0.8758 0.4571
vn -0.3461 0.9008 0.2623
vn -0.5026 0.0687 0.8618
vn -0.1561 -0.9870 0.0372
vn -0.3815 -0.8031 0.4577
vn -0.5054 -0.4175 0.7552
vn 0.1221 0.9923 0.0218
vn 0.1757 0.8593 -0.4803
vn 0.1813 0.4885 -0.8535
vn 0.1354 -0.0184 -0.9906
vn 0.0507 -0.5197 -0.8528
vn -0.0488 -0.8760 -0.4798
vn -0.0518 0.5004 0.8642
vn 0.0388 0.8578 0.5125
vn -0.1297 0.0167 0.9914
vn -0.1341 -0.9907 0.0221
vn -0.1804 -0.8394 0.5127
vn -0.1772 -0.4709 0.8642
vn -0.5696 -0.8219 -0.0000
vn -0.5073 -0.8300 0.2319
vn -0.0750 -0.9970 -0.0207
vn -0.0689 -0.9976 -0.0000
vn 0.8649 -0.0960 0.4927
vn 0.9941 -0.1088 -0.0000
vn 0.9259 0.3778 -0.0000
vn 0.8129 0.3908 0.4319
vn 0.4400 -0.8980 -0.0000
vn 0.3684 -0.8917 -0.2629
vn 0.7065 -0.5602 -0.4326
vn 0.8216 -0.5700 -0.0000
vn 0.5579 0.7875 0.2620
vn 0.6264 0.7795 -0.0000
vn 0.1540 0.9881 -0.0000
vn 0.1504 0.9884 0.0201
vn -0.7950 0.6066 -0.0000
vn -0.9934 0.1145 -0.0000
vn -0.3712 0.9286 -0.0000
vn -0.3076 0.9229 -0.2316
vn -0.8004 -0.4260 -0.4218
vn -0.9114 -0.4115 -0.0000
vn -0.5073 -0.8300 -0.2319
vn -0.0750 -0.9970 0.0207
vn 0.3684 -0.8917 0.2629
vn -0.3380 -0.8514 0.4012
vn -0.0933 -0.9949 -0.0377
vn 0.1707 -0.8724 -0.4580
vn 0.3863 -0.5296 -0.7552
vn 0.1390 0.9896 -0.0365
vn 0.1275 0.9916 -0.0215
vn 0.0429 0.8759 0.4806
vn -0.1326 0.9060 0.4020
vn -0.0543 0.5182 0.8535
vn -0.3716 0.5662 0.7357
vn -0.1357 0.0159 0.9906
vn -0.5053 0.0592 0.8609
vn -0.1782 -0.4909 0.8528
vn -0.4921 -0.4655 0.7356
vn -0.1700 -0.8609 0.4795
vn 0.5040 -0.0579 -0.8618
vn 0.8649 -0.0960 -0.4927
vn 0.4978 0.4277 -0.7545
vn 0.1742 0.4720 -0.8642
vn 0.1749 0.8407 -0.5125
vn 0.3673 0.8102 -0.4568
vn 0.1298 -0.0160 -0.9914
vn -0.1155 -0.9931 -0.0223
vn -0.0332 -0.8579 -0.5127
vn 0.0550 -0.5001 -0.8642
vn 0.1275 0.9916 0.0215
vn 0.1389 0.9896 0.0365
vn -0.1326 0.9060 -0.4020
vn 0.0429 0.8759 -0.4806
vn -0.0543 0.5182 -0.8535
vn -0.1357 0.0159 -0.9906
vn -0.4921 -0.4655 -0.7356
vn -0.1782 -0.4909 -0.8528
vn -0.3380 -0.8514 -0.4012
vn -0.1700 -0.8609 -0.4795
vn 0.1742 0.4720 0.8642
vn 0.4978 0.4277 0.7545
vn 0.3673 0.8102 0.4568
vn 0.1749 0.8407 0.5125
vn 0.1298 -0.0160 0.9914
vn 0.5040 -0.0579 0.8618
vn -0.0933 -0.9949 0.0377
vn -0.1155 -0.9931 0.0223
vn 0.1707 -0.8724 0.4580
vn -0.0332 -0.8579 0.5127
vn 0.3863 -0.5296 0.7552
vn 0.0550 -0.5001 0.8642
vn 0.7065 -0.5602 0.4326
vn 0.5579 0.7875 -0.2620
vn 0.1504 0.9884 -0.0201
vn -0.6834 0.5967 0.4207
vn -0.8652 0.1004 0.4912
vn -0.3076 0.9229 0.2316
vn -0.8004 -0.4260 0.4218
vn 0.8129 0.3908 -0.4319
vn 0.0125 -0.4879 -0.8728
vn 0.1921 -0.4289 -0.8827
vn -0.0188 0.0395 -0.9990
vn -0.0036 0.0222 -0.9997
vn -0.2192 0.4879 -0.8449
vn -0.0162 0.5205 -0.8537
vn -0.3579 0.8018 -0.4785
vn -0.0224 0.8734 -0.4864
vn -0.0188 0.0395 0.9990
vn -0.0353 0.0248 0.9991
vn 0.3831 -0.2794 0.8804
vn 0.1921 -0.4289 0.8827
vn 0.6949 -0.5053 0.5117
vn 0.3511 -0.7816 0.5156
vn 0.8089 -0.5879 -0.0000
vn 0.4098 -0.9122 -0.0000
vn 0.6949 -0.5053 -0.5117
vn 0.3511 -0.7816 -0.5156
vn 0.3831 -0.2794 -0.8804
vn -0.4069 0.9135 -0.0000
vn -0.0240 0.9997 -0.0000
vn -0.3579 0.8018 0.4785
vn -0.7093 0.5205 0.4754
vn -0.4344 0.3171 0.8431
vn -0.2192 0.4879 0.8449
vn -0.8058 0.5922 -0.0000
vn -0.0353 0.0248 -0.9991
vn -0.4344 0.3171 -0.8431
vn -0.7093 0.5205 -0.4754
vn -0.0429 0.0052 0.9991
vn 0.4718 -0.0548 0.8800
vn 0.8541 -0.0984 0.5107
vn 0.9935 -0.1140 -0.0000
vn 0.8541 -0.0984 -0.5107
vn 0.4718 -0.0548 -0.8800
vn -0.8736 0.1052 0.4750
vn -0.5345 0.0641 0.8427
vn -0.9928 0.1197 -0.0000
vn -0.0429 0.0052 -0.9991
vn -0.5345 0.0641 -0.8427
vn -0.8736 0.1052 -0.4750
vn -0.7029 0.4923 0.5134
vn -0.8189 0.5739 -0.0000
vn -0.4199 0.9075 -0.0000
vn -0.3597 0.7770 0.5166
vn 0.0304 -0.9995 -0.0000
vn 0.0256 -0.8629 0.5047
vn 0.0256 -0.8629 -0.5047
vn -0.0224 0.8734 0.4864
vn -0.0162 0.5205 0.8537
vn -0.0036 0.0222 0.9997
vn 0.0125 -0.4879 0.8728
vn 0.4342 0.1850 -0.8816
vn -0.0406 -0.0165 -0.9990
vn -0.4941 -0.2087 -0.8440
vn -0.8094 -0.3422 -0.4773
vn -0.0406 -0.0165 0.9990
vn -0.0267 -0.0350 0.9990
vn 0.2802 0.3757 0.8834
vn 0.4342 0.1850 0.8816
vn 0.5120 0.6863 0.5166
vn 0.7896 0.3363 0.5133
vn 0.5979 0.8016 -0.0000
vn 0.9199 0.3921 -0.0000
vn 0.5120 0.6863 -0.5166
vn 0.7896 0.3363 -0.5133
vn 0.2802 0.3757 -0.8834
vn -0.9210 -0.3896 -0.0000
vn -0.8094 -0.3422 0.4773
vn -0.5252 -0.7030 0.4796
vn -0.3199 -0.4277 0.8454
vn -0.4941 -0.2087 0.8440
vn -0.5984 -0.8012 -0.0000
vn -0.0267 -0.0350 -0.9990
vn -0.3199 -0.4277 -0.8454
vn -0.5252 -0.7030 -0.4796
vn -0.0084 -0.0216 0.9997
vn 0.1150 0.4738 0.8731
vn 0.2066 0.8381 0.5048
vn 0.2399 0.9708 -0.0000
vn 0.2066 0.8381 -0.5048
vn 0.1150 0.4738 -0.8731
vn -0.2066 -0.8490 0.4863
vn -0.1259 -0.5056 0.8535
vn -0.2348 -0.9720 -0.0000
vn -0.0084 -0.0216 -0.9997
vn -0.1259 -0.5056 -0.8535
vn -0.2066 -0.8490 -0.4863
vn -0.4730 0.0434 -0.8800
vn -0.4325 -0.1944 -0.8804
vn 0.0398 0.0171 -0.9991
vn 0.0431 -0.0036 -0.9991
vn 0.8211 -0.5708 -0.0000
vn 0.9963 -0.0865 -0.0000
vn 0.8766 -0.0764 0.4750
vn 0.7215 -0.5015 0.4775
vn 0.5363 -0.0474 -0.8427
vn 0.4905 0.2211 -0.8429
vn 0.8013 0.3633 -0.4753
vn 0.8766 -0.0764 -0.4750
vn 0.4404 -0.3057 0.8442
vn 0.5363 -0.0474 0.8427
vn 0.0431 -0.0036 0.9991
vn 0.0362 -0.0244 0.9990
vn -0.8561 0.0796 0.5107
vn -0.9957 0.0931 -0.0000
vn -0.4730 0.0434 0.8800
vn -0.3868 0.2705 0.8816
vn -0.7029 0.4923 -0.5134
vn -0.8561 0.0796 -0.5107
vn -0.3868 0.2705 -0.8816
vn 0.0362 -0.0244 -0.9990
vn 0.4404 -0.3057 -0.8442
vn -0.2763 -0.3802 -0.8827
vn 0.0266 0.0348 -0.9990
vn 0.3152 0.4323 -0.8448
vn 0.5156 0.7108 -0.4785
vn 0.0266 0.0348 0.9990
vn 0.0081 0.0209 0.9997
vn -0.1129 -0.4751 0.8727
vn -0.2763 -0.3802 0.8827
vn -0.2027 -0.8394 0.5044
vn -0.5045 -0.6925 0.5157
vn -0.2354 -0.9719 -0.0000
vn -0.5890 -0.8082 -0.0000
vn -0.2027 -0.8394 -0.5044
vn -0.5045 -0.6925 -0.5157
vn -0.1129 -0.4751 -0.8727
vn 0.5865 0.8100 -0.0000
vn 0.9104 0.4136 -0.0000
vn 0.5156 0.7108 0.4785
vn 0.2024 0.8499 0.4866
vn 0.1234 0.5058 0.8538
vn 0.3152 0.4323 0.8448
vn 0.2301 0.9732 -0.0000
vn 0.0081 0.0209 -0.9997
vn 0.1234 0.5058 -0.8538
vn 0.2024 0.8499 -0.4866
vn 0.0038 -0.0230 0.9997
vn 0.0189 -0.0397 0.9990
vn -0.1968 0.4254 0.8834
vn -0.0148 0.4870 0.8733
vn -0.0296 0.8625 0.5052
vn -0.0351 0.9994 -0.0000
vn -0.3597 0.7770 -0.5166
vn -0.0296 0.8625 -0.5052
vn -0.1968 0.4254 -0.8834
vn -0.0148 0.4870 -0.8733
vn 0.0267 -0.8734 0.4862
vn 0.3689 -0.7962 0.4796
vn 0.2247 -0.4844 0.8455
vn 0.0187 -0.5208 0.8535
vn 0.0289 -0.9996 -0.0000
vn 0.4203 -0.9074 -0.0000
vn 0.0189 -0.0397 -0.9990
vn 0.0038 -0.0230 -0.9997
vn 0.2247 -0.4844 -0.8455
vn 0.0187 -0.5208 -0.8535
vn 0.3689 -0.7962 -0.4796
vn 0.0267 -0.8734 -0.4862
vn 0.7215 -0.5015 -0.4775
vn 0.4905 0.2211 0.8429
vn 0.0398 0.0171 0.9991
vn -0.7844 -0.3507 0.5115
vn -0.9130 -0.4079 -0.0000
vn -0.4325 -0.1944 0.8804
vn -0.7844 -0.3507 -0.5115
vn 0.8013 0.3633 0.4753
vn 0.1380 0.8661 -0.4805
vn 0.3163 0.8593 -0.4020
vn 0.0679 0.9970 0.0367
vn 0.0786 0.9967 0.0218
vn -0.1928 0.8682 0.4573
vn 0.0011 0.8586 0.5127
vn -0.3991 0.5207 0.7547
vn -0.0738 0.4976 0.8643
vn -0.1137 -0.9928 0.0375
vn -0.1324 -0.9910 0.0208
vn 0.3248 -0.9170 -0.2315
vn 0.1555 -0.9027 -0.4012
vn 0.6958 -0.5816 -0.4215
vn 0.3859 -0.5566 -0.7357
vn 0.8674 -0.0799 -0.4912
vn 0.5067 -0.0459 -0.8609
vn 0.7914 0.4433 -0.4209
vn 0.4801 0.4779 -0.7356
vn 0.4917 0.8393 -0.2320
vn -0.5051 0.0469 0.8618
vn -0.1303 0.0110 0.9914
vn -0.4871 -0.4390 0.7550
vn -0.8067 -0.4028 0.4325
vn -0.5439 -0.7970 0.2626
vn -0.3466 -0.8189 0.4575
vn -0.8661 0.0845 0.4927
vn 0.0568 0.9982 0.0200
vn -0.3840 0.8853 0.2622
vn -0.7150 0.5497 0.4319
vn -0.1388 -0.9903 -0.0000
vn 0.3865 -0.9223 -0.0000
vn 0.8070 -0.5906 -0.0000
vn 0.9957 -0.0925 -0.0000
vn 0.9030 0.4296 -0.0000
vn 0.5559 0.8313 -0.0000
vn -0.9213 -0.3888 -0.0000
vn -0.6149 -0.7886 -0.0000
vn -0.9951 0.0987 -0.0000
vn 0.0536 0.9986 -0.0000
vn -0.4531 0.8915 -0.0000
vn -0.8284 0.5602 -0.0000
vn -0.7801 -0.4624 0.4216
vn -0.8689 0.0603 0.4912
vn -0.5075 0.0360 0.8609
vn -0.4702 -0.4875 0.7357
vn 0.1361 -0.0126 -0.9906
vn 0.0734 -0.5171 -0.8527
vn 0.1598 0.4958 -0.8536
vn -0.1563 -0.4783 0.8642
vn -0.1433 -0.8467 0.5125
vn -0.0906 -0.9956 0.0220
vn -0.0105 -0.8774 -0.4796
vn 0.4917 0.8393 0.2320
vn 0.0568 0.9982 -0.0200
vn -0.3840 0.8853 -0.2622
vn -0.7150 0.5497 -0.4319
vn -0.1325 -0.9910 -0.0208
vn -0.1137 -0.9928 -0.0375
vn 0.1555 -0.9027 0.4012
vn 0.3248 -0.9170 0.2315
vn 0.3859 -0.5566 0.7357
vn 0.6958 -0.5816 0.4215
vn 0.5067 -0.0459 0.8609
vn 0.8674 -0.0799 0.4912
vn 0.4801 0.4779 0.7356
vn 0.7914 0.4433 0.4209
vn 0.3163 0.8593 0.4020
vn -0.8661 0.0845 -0.4927
vn -0.8067 -0.4028 -0.4325
vn -0.4871 -0.4390 -0.7550
vn -0.3466 -0.8189 -0.4575
vn -0.5439 -0.7970 -0.2626
vn -0.5051 0.0469 -0.8618
vn 0.0679 0.9970 -0.0367
vn -0.1928 0.8682 -0.4573
vn -0.3991 0.5207 -0.7547
vn -0.0906 -0.9956 -0.0220
vn -0.0105 -0.8774 0.4796
vn 0.0734 -0.5171 0.8527
vn 0.1361 -0.0126 0.9906
vn 0.1598 0.4958 0.8536
vn 0.1380 0.8661 0.4805
vn -0.1563 -0.4783 -0.8642
vn -0.1433 -0.8467 -0.5125
vn -0.1303 0.0110 -0.9914
vn 0.0786 0.9967 -0.0218
vn 0.0011 0.8586 -0.5127
vn -0.0738 0.4976 -0.8643
vn -0.4151 0.9098 -0.0000
vn -0.3505 0.9074 -0.2319
vn 0.1038 0.9944 0.0199
vn 0.1067 0.9943 -0.0000
vn 0.8685 -0.0552 -0.4927
vn 0.9981 -0.0619 -0.0000
vn 0.8473 -0.5311 -0.0000
vn 0.7318 -0.5267 -0.4326
vn 0.5896 0.8077 -0.0000
vn 0.5207 0.8125 0.2620
vn 0.7938 0.4282 0.4318
vn 0.9073 0.4205 -0.0000
vn 0.4094 -0.8737 -0.2628
vn 0.4811 -0.8766 -0.0000
vn -0.0213 -0.9998 -0.0000
vn -0.0280 -0.9994 -0.0209
vn -0.8914 -0.4532 -0.0000
vn -0.9977 0.0684 -0.0000
vn -0.5297 -0.8482 -0.0000
vn -0.4679 -0.8529 0.2316
vn -0.7100 0.5646 0.4208
vn -0.8222 0.5692 -0.0000
vn -0.3505 0.9074 0.2319
vn 0.1038 0.9944 -0.0199
vn 0.5207 0.8125 -0.2620
vn -0.1741 0.8989 -0.4021
vn 0.0931 0.9950 0.0365
vn 0.3296 0.8261 0.4571
vn 0.4776 0.4501 0.7546
vn -0.0473 -0.9982 0.0377
vn -0.0706 -0.9973 0.0221
vn -0.1307 -0.8677 -0.4795
vn -0.2985 -0.8660 -0.4011
vn -0.1557 -0.4986 -0.8527
vn -0.4702 -0.4875 -0.7357
vn -0.1363 0.0095 -0.9906
vn -0.5075 0.0360 -0.8609
vn -0.0779 0.5150 -0.8536
vn -0.3972 0.5486 -0.7357
vn 0.0031 0.8770 -0.4806
vn 0.5061 -0.0346 0.8618
vn 0.8685 -0.0552 0.4927
vn 0.4103 -0.5113 0.7551
vn 0.0775 -0.4972 0.8642
vn 0.0054 -0.8586 0.5125
vn 0.2107 -0.8638 0.4578
vn 0.1304 -0.0101 0.9914
vn 0.0826 0.9963 0.0217
vn 0.1369 0.8476 0.5126
vn 0.1528 0.4793 0.8643
vn -0.0706 -0.9973 -0.0221
vn -0.0473 -0.9982 -0.0377
vn -0.2985 -0.8660 0.4011
vn -0.1307 -0.8677 0.4795
vn -0.1557 -0.4986 0.8527
vn -0.1363 0.0095 0.9906
vn -0.3972 0.5486 0.7357
vn -0.0779 0.5150 0.8536
vn -0.1741 0.8989 0.4021
vn 0.0031 0.8770 0.4806
vn 0.0775 -0.4972 -0.8642
vn 0.4103 -0.5113 -0.7551
vn 0.2107 -0.8637 -0.4578
vn 0.0054 -0.8586 -0.5125
vn 0.1304 -0.0101 -0.9914
vn 0.5061 -0.0346 -0.8618
vn 0.0931 0.9950 -0.0365
vn 0.0826 0.9963 -0.0217
vn 0.3296 0.8261 -0.4571
vn 0.1369 0.8476 -0.5126
vn 0.4776 0.4501 -0.7546
vn 0.1528 0.4793 -0.8643
vn 0.7938 0.4282 -0.4318
vn 0.4094 -0.8737 0.2628
vn -0.0280 -0.9994 0.0209
vn -0.7801 -0.4624 -0.4216
vn -0.8689 0.0603 -0.4912
vn -0.4679 -0.8529 -0.2316
vn -0.7100 0.5646 -0.4208
vn 0.7318 -0.5267 0.4326
vn 0.0922 0.4784 0.8733
vn 0.2621 0.3882 0.8835
vn -0.0251 -0.0365 0.9990
vn -0.0074 -0.0221 0.9997
vn -0.2993 -0.4423 0.8455
vn -0.1016 -0.5112 0.8534
vn -0.4916 -0.7269 0.4795
vn -0.1657 -0.8580 0.4862
vn -0.0251 -0.0365 -0.9990
vn -0.0397 -0.0183 -0.9990
vn 0.4251 0.2049 -0.8817
vn 0.2621 0.3882 -0.8835
vn 0.7728 0.3730 -0.5134
vn 0.4791 0.7095 -0.5168
vn 0.9004 0.4352 -0.0000
vn 0.5596 0.8288 -0.0000
vn 0.7728 0.3730 0.5134
vn 0.4791 0.7095 0.5168
vn 0.4251 0.2049 0.8817
vn -0.5602 -0.8284 -0.0000
vn -0.1880 -0.9822 -0.0000
vn -0.4916 -0.7269 -0.4795
vn -0.7927 -0.3792 -0.4774
vn -0.4837 -0.2312 -0.8441
vn -0.2993 -0.4423 -0.8455
vn -0.9021 -0.4315 -0.0000
vn -0.0397 -0.0183 0.9990
vn -0.4837 -0.2312 0.8441
vn -0.7927 -0.3792 0.4774
vn -0.0431 0.0033 -0.9991
vn 0.4738 -0.0331 -0.8800
vn 0.8578 -0.0588 -0.5106
vn 0.9977 -0.0678 -0.0000
vn 0.8578 -0.0588 0.5107
vn 0.4738 -0.0331 0.8800
vn -0.8775 0.0655 -0.4750
vn -0.5369 0.0396 -0.8427
vn -0.9972 0.0747 -0.0000
vn -0.0431 0.0033 0.9991
vn -0.5369 0.0396 0.8427
vn -0.8775 0.0655 0.4750
vn -0.7659 -0.3897 -0.5114
vn -0.8915 -0.4531 -0.0000
vn -0.5489 -0.8359 -0.0000
vn -0.4704 -0.7164 -0.5153
vn 0.1937 0.9811 -0.0000
vn 0.1666 0.8468 -0.5052
vn 0.1666 0.8468 0.5052
vn -0.1657 -0.8580 -0.4862
vn -0.1016 -0.5112 -0.8534
vn -0.0074 -0.0221 -0.9997
vn 0.0922 0.4784 -0.8733
vn 0.3959 -0.2614 0.8803
vn -0.0365 0.0232 0.9991
vn -0.4487 0.2969 0.8429
vn -0.7326 0.4872 0.4753
vn -0.0365 0.0232 -0.9991
vn -0.0206 0.0383 -0.9991
vn 0.2122 -0.4197 -0.8825
vn 0.3959 -0.2614 -0.8803
vn 0.3874 -0.7643 -0.5155
vn 0.7180 -0.4721 -0.5115
vn 0.4523 -0.8919 -0.0000
vn 0.8358 -0.5490 -0.0000
vn 0.3874 -0.7643 0.5155
vn 0.7180 -0.4721 0.5115
vn 0.2121 -0.4197 0.8825
vn -0.8322 0.5545 -0.0000
vn -0.7326 0.4872 -0.4753
vn -0.3952 0.7841 -0.4785
vn -0.2420 0.4771 -0.8449
vn -0.4487 0.2969 -0.8429
vn -0.4493 0.8934 -0.0000
vn -0.0206 0.0383 0.9991
vn -0.2420 0.4771 0.8449
vn -0.3952 0.7841 0.4785
vn -0.0047 0.0218 -0.9998
vn 0.0359 -0.4870 -0.8726
vn 0.0665 -0.8609 -0.5043
vn 0.0776 -0.9970 -0.0000
vn 0.0665 -0.8609 0.5043
vn 0.0359 -0.4870 0.8726
vn -0.0643 0.8713 -0.4865
vn -0.0411 0.5189 -0.8538
vn -0.0719 0.9974 -0.0000
vn -0.0047 0.0218 0.9998
vn -0.0411 0.5189 0.8538
vn -0.0643 0.8713 0.4865
vn -0.4746 0.0197 0.8800
vn -0.3996 0.2507 0.8817
vn 0.0375 -0.0226 0.9990
vn 0.0432 -0.0015 0.9991
vn 0.8885 0.4589 -0.0000
vn 0.9994 -0.0360 -0.0000
vn 0.8794 -0.0318 -0.4750
vn 0.7821 0.4031 -0.4752
vn 0.5380 -0.0199 0.8427
vn 0.4551 -0.2835 0.8441
vn 0.7458 -0.4646 0.4775
vn 0.8794 -0.0318 0.4750
vn 0.4789 0.2451 -0.8429
vn 0.5380 -0.0199 -0.8427
vn 0.0432 -0.0015 -0.9991
vn 0.0388 0.0190 -0.9991
vn -0.8590 0.0368 -0.5106
vn -0.9991 0.0434 -0.0000
vn -0.4746 0.0197 -0.8800
vn -0.4225 -0.2158 -0.8803
vn -0.7659 -0.3897 0.5114
vn -0.8590 0.0368 0.5106
vn -0.4225 -0.2158 0.8803
vn 0.0388 0.0190 0.9991
vn 0.4789 0.2451 0.8429
vn -0.2171 0.4150 0.8835
vn 0.0208 -0.0389 0.9990
vn 0.2482 -0.4728 0.8455
vn 0.4076 -0.7770 0.4796
vn 0.0208 -0.0389 -0.9990
vn 0.0049 -0.0227 -0.9997
vn -0.0383 0.4859 -0.8732
vn -0.2171 0.4150 -0.8835
vn -0.0709 0.8602 -0.5051
vn -0.3970 0.7584 -0.5170
vn -0.0828 0.9966 -0.0000
vn -0.4637 0.8860 -0.0000
vn -0.0709 0.8602 0.5051
vn -0.3969 0.7584 0.5170
vn -0.0383 0.4859 0.8732
vn 0.4645 -0.8856 -0.0000
vn 0.8488 -0.5288 -0.0000
vn 0.4076 -0.7770 -0.4796
vn 0.0692 -0.8711 -0.4863
vn 0.0441 -0.5193 -0.8535
vn 0.2482 -0.4728 -0.8455
vn 0.0775 -0.9970 -0.0000
vn 0.0049 -0.0227 0.9997
vn 0.0441 -0.5193 0.8535
vn 0.0692 -0.8711 0.4863
vn 0.0071 0.0213 -0.9997
vn 0.0249 0.0359 -0.9990
vn -0.2577 -0.3934 -0.8825
vn -0.0899 -0.4798 -0.8728
vn -0.1623 -0.8481 -0.5044
vn -0.1887 -0.9820 -0.0000
vn -0.4704 -0.7164 0.5153
vn -0.1623 -0.8481 0.5044
vn -0.2577 -0.3934 0.8825
vn -0.0899 -0.4798 0.8728
vn 0.1608 0.8588 -0.4865
vn 0.4800 0.7353 -0.4784
vn 0.2936 0.4472 -0.8449
vn 0.0986 0.5112 -0.8538
vn 0.1825 0.9832 -0.0000
vn 0.5459 0.8378 -0.0000
vn 0.0249 0.0359 0.9990
vn 0.0071 0.0213 0.9997
vn 0.2936 0.4472 0.8449
vn 0.0986 0.5112 0.8538
vn 0.4800 0.7353 0.4784
vn 0.1608 0.8588 0.4865
vn 0.7821 0.4031 0.4752
vn 0.4551 -0.2835 -0.8441
vn 0.0375 -0.0226 -0.9990
vn -0.7267 0.4563 -0.5135
vn -0.8467 0.5321 -0.0000
vn -0.3996 0.2507 -0.8817
vn -0.7267 0.4563 0.5135
vn 0.7458 -0.4646 -0.4775
vn 0.0344 -0.8770 0.4793
vn 0.2008 -0.8938 0.4011
vn -0.0635 -0.9973 -0.0380
vn -0.0398 -0.9990 -0.0223
vn -0.3052 -0.8349 -0.4581
vn -0.1002 -0.8527 -0.5126
vn -0.4645 -0.4625 -0.7552
vn -0.1319 -0.4856 -0.8642
vn 0.0176 0.9992 -0.0362
vn 0.0072 0.9998 -0.0199
vn 0.4488 0.8631 0.2316
vn 0.2726 0.8741 0.4021
vn 0.7685 0.4821 0.4206
vn 0.4556 0.5010 0.7358
vn 0.8703 -0.0364 0.4912
vn 0.5084 -0.0207 0.8609
vn 0.7237 -0.5462 0.4218
vn 0.4132 -0.5368 0.7356
vn 0.3707 -0.8993 0.2319
vn -0.5069 0.0218 -0.8618
vn -0.1307 0.0043 -0.9914
vn -0.4247 0.5004 -0.7545
vn -0.7412 0.5140 -0.4318
vn -0.4268 0.8656 -0.2618
vn -0.2359 0.8578 -0.4567
vn -0.8692 0.0418 -0.4927
vn -0.0831 -0.9963 -0.0209
vn -0.5043 -0.8225 -0.2630
vn -0.7859 -0.4418 -0.4326
vn 0.0043 1.0000 -0.0000
vn 0.5129 0.8585 -0.0000
vn 0.8803 0.4743 -0.0000
vn 0.9991 -0.0427 -0.0000
vn 0.8356 -0.5494 -0.0000
vn 0.4330 -0.9014 -0.0000
vn -0.8547 0.5191 -0.0000
vn -0.4955 0.8686 -0.0000
vn -0.9988 0.0498 -0.0000
vn -0.0898 -0.9960 -0.0000
vn -0.5763 -0.8173 -0.0000
vn -0.9013 -0.4332 -0.0000
vn -0.7397 0.5250 -0.4209
vn -0.8709 0.0137 -0.4912
vn -0.5087 0.0093 -0.8609
vn -0.4260 0.5267 -0.7356
vn 0.1365 -0.0055 0.9906
vn 0.1340 0.5033 0.8537
vn 0.0999 -0.5128 0.8527
vn -0.0990 0.4932 -0.8642
vn -0.0425 0.8576 -0.5125
vn 0.0278 0.9994 -0.0215
vn 0.0935 0.8719 0.4807
vn 0.3707 -0.8993 -0.2319
vn -0.0831 -0.9963 0.0209
vn -0.5043 -0.8225 0.2630
vn -0.7859 -0.4418 0.4326
vn 0.0072 0.9998 0.0199
vn 0.0176 0.9992 0.0362
vn 0.2726 0.8741 -0.4021
vn 0.4488 0.8631 -0.2316
vn 0.4556 0.5010 -0.7358
vn 0.7685 0.4821 -0.4206
vn 0.5084 -0.0207 -0.8609
vn 0.8703 -0.0364 -0.4912
vn 0.4132 -0.5368 -0.7356
vn 0.7237 -0.5462 -0.4218
vn 0.2008 -0.8938 -0.4011
vn -0.8692 0.0417 0.4927
vn -0.7412 0.5140 0.4318
vn -0.4247 0.5004 0.7545
vn -0.2359 0.8578 0.4567
vn -0.4268 0.8656 0.2618
vn -0.5069 0.0218 0.8618
vn -0.0635 -0.9973 0.0380
vn -0.3052 -0.8349 0.4581
vn -0.4645 -0.4625 0.7552
vn 0.0278 0.9994 0.0215
vn 0.0935 0.8719 -0.4807
vn 0.1340 0.5033 -0.8537
vn 0.1365 -0.0055 -0.9906
vn 0.0999 -0.5128 -0.8527
vn 0.0344 -0.8770 -0.4793
vn -0.0990 0.4932 0.8642
vn -0.0425 0.8576 0.5125
vn -0.1307 0.0043 0.9914
vn -0.0398 -0.9990 0.0223
vn -0.1002 -0.8527 0.5126
vn -0.1319 -0.4856 0.8642
vn -0.4829 -0.8757 -0.0000
vn -0.4210 -0.8770 0.2317
vn 0.0250 -0.9995 -0.0204
vn 0.0311 -0.9995 -0.0000
vn 0.8702 -0.0082 0.4927
vn 1.0000 -0.0071 -0.0000
vn 0.8829 0.4695 -0.0000
vn 0.7695 0.4706 0.4318
vn 0.5273 -0.8497 -0.0000
vn 0.4556 -0.8506 -0.2626
vn 0.7592 -0.4863 -0.4326
vn 0.8751 -0.4839 -0.0000
vn 0.4765 0.8392 0.2622
vn 0.5456 0.8380 -0.0000
vn 0.0545 0.9985 -0.0000
vn 0.0510 0.9985 0.0204
vn -0.8520 0.5235 -0.0000
vn -0.9999 0.0149 -0.0000
vn -0.4638 0.8859 -0.0000
vn -0.3991 0.8871 -0.2318
vn -0.7538 -0.5042 -0.4215
vn -0.8654 -0.5011 -0.0000
vn -0.4210 -0.8770 -0.2317
vn 0.0250 -0.9995 0.0204
vn 0.4556 -0.8506 0.2626
vn -0.2516 -0.8806 0.4015
vn 0.0059 -0.9993 -0.0369
vn 0.2564 -0.8514 -0.4576
vn 0.4371 -0.4885 -0.7552
vn 0.0400 0.9985 -0.0373
vn 0.0307 0.9993 -0.0220
vn -0.0428 0.8760 0.4804
vn -0.2221 0.8884 0.4017
vn -0.1049 0.5101 0.8537
vn -0.4260 0.5267 0.7356
vn -0.1366 0.0021 0.9906
vn -0.5087 0.0093 0.8609
vn -0.1292 -0.5062 0.8527
vn -0.4435 -0.5118 0.7358
vn -0.0852 -0.8733 0.4796
vn 0.5073 -0.0073 -0.8618
vn 0.8702 -0.0082 -0.4927
vn 0.4528 0.4751 -0.7544
vn 0.1277 0.4867 -0.8642
vn 0.0926 0.8536 -0.5126
vn 0.2851 0.8424 -0.4572
vn 0.1307 -0.0034 -0.9914
vn -0.0186 -0.9996 -0.0219
vn 0.0501 -0.8572 -0.5126
vn 0.1032 -0.4924 -0.8642
vn 0.0307 0.9993 0.0220
vn 0.0400 0.9985 0.0373
vn -0.2221 0.8884 -0.4017
vn -0.0428 0.8760 -0.4804
vn -0.1049 0.5101 -0.8537
vn -0.1366 0.0021 -0.9906
vn -0.4435 -0.5118 -0.7358
vn -0.1292 -0.5062 -0.8527
vn -0.2516 -0.8806 -0.4015
vn -0.0852 -0.8733 -0.4796
vn 0.1277 0.4867 0.8642
vn 0.4528 0.4751 0.7544
vn 0.2851 0.8424 0.4572
vn 0.0926 0.8536 0.5126
vn 0.1307 -0.0034 0.9914
vn 0.5073 -0.0073 0.8618
vn 0.0059 -0.9993 0.0369
vn -0.0186 -0.9996 0.0219
vn 0.2564 -0.8514 0.4576
vn 0.0501 -0.8572 0.5126
vn 0.4371 -0.4885 0.7552
vn 0.1032 -0.4924 0.8642
vn 0.7592 -0.4863 0.4326
vn 0.4765 0.8392 -0.2622
vn 0.0510 0.9985 -0.0204
vn -0.7397 0.5250 0.4209
vn -0.8709 0.0137 0.4912
vn -0.3991 0.8871 0.2318
vn -0.7538 -0.5042 0.4215
vn 0.7695 0.4706 -0.4318
vn 0.0624 -0.4844 -0.8726
vn 0.2346 -0.4074 -0.8826
vn -0.0228 0.0374 -0.9990
vn -0.0059 0.0215 -0.9998
vn -0.2676 0.4637 -0.8446
vn -0.0696 0.5161 -0.8537
vn -0.4372 0.7618 -0.4780
vn -0.1122 0.8665 -0.4863
vn -0.0228 0.0374 0.9990
vn -0.0377 0.0212 0.9991
vn 0.4097 -0.2396 0.8802
vn 0.2346 -0.4074 0.8826
vn 0.7427 -0.4327 0.5111
vn 0.4284 -0.7421 0.5154
vn 0.8642 -0.5031 -0.0000
vn 0.5000 -0.8660 -0.0000
vn 0.7427 -0.4327 -0.5111
vn 0.4284 -0.7421 -0.5154
vn 0.4097 -0.2396 -0.8802
vn -0.4970 0.8678 -0.0000
vn -0.1268 0.9919 -0.0000
vn -0.4372 0.7618 0.4780
vn -0.7576 0.4478 0.4748
vn -0.4641 0.2728 0.8427
vn -0.2676 0.4637 0.8446
vn -0.8604 0.5095 -0.0000
vn -0.0377 0.0212 -0.9991
vn -0.4641 0.2728 -0.8427
vn -0.7576 0.4478 -0.4748
vn -0.0432 0.0010 0.9991
vn 0.4749 -0.0078 0.8800
vn 0.8597 -0.0125 0.5106
vn 0.9999 -0.0142 -0.0000
vn 0.8597 -0.0125 -0.5106
vn 0.4749 -0.0078 -0.8800
vn -0.8798 0.0190 0.4750
vn -0.5382 0.0112 0.8427
vn -0.9998 0.0222 -0.0000
vn -0.0432 0.0010 -0.9991
vn -0.5382 0.0112 -0.8427
vn -0.8798 0.0190 -0.4750
vn 0.1320 -0.9912 -0.0000
vn 0.1134 -0.8560 0.5044
vn 0.1134 -0.8560 -0.5044
vn -0.1122 0.8665 0.4863
vn -0.0696 0.5161 0.8537
vn -0.0059 0.0215 0.9998
vn 0.0624 -0.4844 0.8726
vn 0.4130 0.2275 -0.8818
vn -0.0386 -0.0205 -0.9990
vn -0.4705 -0.2563 -0.8443
vn -0.7713 -0.4205 -0.4779
vn -0.0386 -0.0205 0.9990
vn -0.0229 -0.0375 0.9990
vn 0.2407 0.4021 0.8834
vn 0.4130 0.2275 0.8818
vn 0.4399 0.7344 0.5168
vn 0.7513 0.4141 0.5138
vn 0.5138 0.8579 -0.0000
vn 0.8756 0.4830 -0.0000
vn 0.4399 0.7344 -0.5168
vn 0.7513 0.4141 -0.5138
vn 0.2407 0.4021 -0.8834
vn -0.8780 -0.4788 -0.0000
vn -0.7713 -0.4205 0.4779
vn -0.4514 -0.7522 0.4801
vn -0.2748 -0.4574 0.8457
vn -0.4705 -0.2563 0.8444
vn -0.5146 -0.8575 -0.0000
vn -0.0229 -0.0375 -0.9990
vn -0.2748 -0.4574 -0.8457
vn -0.4514 -0.7522 -0.4801
vn -0.0062 -0.0225 0.9997
vn 0.0660 0.4827 0.8733
vn 0.1201 0.8546 0.5051
vn 0.1398 0.9902 -0.0000
vn 0.1201 0.8546 -0.5051
vn 0.0660 0.4827 -0.8733
vn -0.1182 -0.8657 0.4864
vn -0.0733 -0.5158 0.8535
vn -0.1336 -0.9910 -0.0000
vn -0.0062 -0.0225 -0.9997
vn -0.0733 -0.5158 -0.8535
vn -0.1182 -0.8657 -0.4864
vn 0.0004 1.0000 -0.0000
vn 0.0003 0.8670 -0.4982
vn 0.0002 0.5018 -0.8650
vn -0.0002 -0.5017 -0.8650
vn -0.0003 -0.8670 -0.4983
vn -0.0004 -1.0000 -0.0000
vn -0.0003 -0.8670 0.4983
vn -0.0002 -0.5017 0.8650
vn 0.0002 0.5018 0.8650
vn 0.0003 0.8670 0.4982
vn -0.0004 -0.8670 0.4983
vn 0.0004 0.8670 0.4983
vn 0.0003 0.8670 -0.4983
vn -0.0004 -0.8670 -0.4983
vn -0.7510 0.4149 0.5138
vn -0.8752 0.4838 -0.0000
vn -0.5127 0.8586 -0.0000
vn -0.4389 0.7350 0.5168
vn -0.4749 -0.0070 -0.8800
vn -0.4100 -0.2392 -0.8802
vn 0.0376 0.0210 -0.9991
vn 0.0432 0.0010 -0.9991
vn 0.8773 -0.4799 -0.0000
vn 0.9998 0.0206 -0.0000
vn 0.8798 0.0180 0.4750
vn 0.7707 -0.4215 0.4778
vn 0.5383 0.0107 -0.8427
vn 0.4644 0.2721 -0.8428
vn 0.7582 0.4469 -0.4749
vn 0.8798 0.0180 -0.4750
vn 0.4702 -0.2570 0.8443
vn 0.5383 0.0107 0.8427
vn 0.0432 0.0009 0.9991
vn 0.0387 -0.0206 0.9990
vn -0.8597 -0.0117 0.5106
vn -0.9999 -0.0130 -0.0000
vn -0.4749 -0.0070 0.8800
vn -0.4128 0.2280 0.8818
vn -0.7510 0.4149 -0.5138
vn -0.8597 -0.0117 -0.5106
vn -0.4128 0.2280 -0.8818
vn 0.0387 -0.0206 -0.9990
vn 0.4702 -0.2570 -0.8443
vn -0.2352 -0.4071 -0.8826
vn 0.0228 0.0373 -0.9990
vn 0.2682 0.4632 -0.8447
vn 0.4381 0.7612 -0.4781
vn 0.0228 0.0373 0.9990
vn 0.0059 0.0216 0.9997
vn -0.0630 -0.4842 0.8727
vn -0.2352 -0.4071 0.8826
vn -0.1146 -0.8558 0.5045
vn -0.4294 -0.7416 0.5154
vn -0.1335 -0.9911 -0.0000
vn -0.5012 -0.8654 -0.0000
vn -0.1146 -0.8558 -0.5045
vn -0.4294 -0.7416 -0.5154
vn -0.0630 -0.4842 -0.8727
vn 0.4980 0.8672 -0.0000
vn 0.8611 0.5085 -0.0000
vn 0.4381 0.7612 0.4781
vn 0.1130 0.8664 0.4864
vn 0.0701 0.5160 0.8537
vn 0.2682 0.4632 0.8447
vn 0.1277 0.9918 -0.0000
vn 0.0059 0.0216 -0.9997
vn 0.0701 0.5160 -0.8537
vn 0.1130 0.8664 -0.4864
vn 0.0061 -0.0225 0.9997
vn 0.0229 -0.0376 0.9990
vn -0.2401 0.4023 0.8834
vn -0.0654 0.4829 0.8732
vn -0.1189 0.8549 0.5050
vn -0.1384 0.9904 -0.0000
vn -0.4389 0.7350 -0.5168
vn -0.1189 0.8549 -0.5050
vn -0.2401 0.4023 -0.8834
vn -0.0654 0.4829 -0.8732
vn 0.1174 -0.8658 0.4864
vn 0.4506 -0.7528 0.4799
vn 0.2743 -0.4579 0.8456
vn 0.0728 -0.5159 0.8535
vn 0.1327 -0.9912 -0.0000
vn 0.5135 -0.8581 -0.0000
vn 0.0229 -0.0376 -0.9990
vn 0.0061 -0.0225 -0.9997
vn 0.2743 -0.4579 -0.8456
vn 0.0728 -0.5159 -0.8535
vn 0.4506 -0.7528 -0.4799
vn 0.1174 -0.8658 -0.4864
vn 0.7707 -0.4215 -0.4778
vn 0.4644 0.2721 0.8428
vn 0.0376 0.0210 0.9991
vn -0.7430 -0.4320 0.5111
vn -0.8647 -0.5023 -0.0000
vn -0.4100 -0.2392 0.8802
vn -0.7430 -0.4320 -0.5111
vn 0.7582 0.4469 0.4749
vn 0.0434 0.8760 -0.4804
vn 0.2228 0.8883 -0.4015
vn -0.0390 0.9986 0.0368
vn -0.0296 0.9993 0.0215
vn -0.2841 0.8430 0.4567
vn -0.0915 0.8539 0.5124
vn -0.4523 0.4758 0.7544
vn -0.1270 0.4868 0.8642
vn -0.0070 -0.9993 0.0374
vn -0.0263 -0.9994 0.0204
vn 0.4204 -0.8772 -0.2321
vn 0.2509 -0.8807 -0.4017
vn 0.7532 -0.5048 -0.4217
vn 0.4429 -0.5123 -0.7358
vn 0.8709 0.0125 -0.4912
vn 0.5087 0.0085 -0.8609
vn 0.7403 0.5244 -0.4207
vn 0.4265 0.5263 -0.7356
vn 0.3998 0.8869 -0.2314
vn -0.5073 -0.0067 0.8618
vn -0.1307 -0.0032 0.9914
vn -0.4376 -0.4878 0.7553
vn -0.7599 -0.4852 0.4326
vn -0.4569 -0.8498 0.2628
vn -0.2574 -0.8508 0.4581
vn -0.8702 -0.0070 0.4927
vn -0.0497 0.9986 0.0204
vn -0.4752 0.8399 0.2620
vn -0.7689 0.4716 0.4318
vn -0.0324 -0.9995 -0.0000
vn 0.4826 -0.8758 -0.0000
vn 0.8649 -0.5020 -0.0000
vn 0.9999 0.0137 -0.0000
vn 0.8525 0.5227 -0.0000
vn 0.4641 0.8858 -0.0000
vn -0.8758 -0.4827 -0.0000
vn -0.5289 -0.8487 -0.0000
vn -1.0000 -0.0058 -0.0000
vn -0.0533 0.9986 -0.0000
vn -0.5441 0.8390 -0.0000
vn -0.8823 0.4708 -0.0000
vn -0.7242 -0.5455 0.4219
vn -0.8703 -0.0355 0.4912
vn -0.5084 -0.0199 0.8609
vn -0.4138 -0.5362 0.7357
vn 0.1366 0.0020 -0.9906
vn 0.1288 -0.5062 -0.8527
vn 0.1053 0.5101 -0.8536
vn -0.1039 -0.4923 0.8642
vn -0.0512 -0.8570 0.5128
vn 0.0175 -0.9996 0.0223
vn 0.0845 -0.8734 -0.4796
vn 0.3998 0.8869 0.2314
vn -0.0497 0.9986 -0.0204
vn -0.4752 0.8399 -0.2620
vn -0.7689 0.4716 -0.4318
vn -0.0263 -0.9994 -0.0204
vn -0.0070 -0.9993 -0.0374
vn 0.2509 -0.8807 0.4017
vn 0.4204 -0.8772 0.2321
vn 0.4429 -0.5123 0.7358
vn 0.7532 -0.5049 0.4217
vn 0.5087 0.0085 0.8609
vn 0.8709 0.0125 0.4912
vn 0.4265 0.5263 0.7356
vn 0.7403 0.5244 0.4207
vn 0.2228 0.8883 0.4015
vn -0.8702 -0.0070 -0.4927
vn -0.7599 -0.4852 -0.4326
vn -0.4376 -0.4878 -0.7553
vn -0.2574 -0.8508 -0.4581
vn -0.4569 -0.8498 -0.2628
vn -0.5073 -0.0067 -0.8618
vn -0.0390 0.9986 -0.0368
vn -0.2841 0.8430 -0.4567
vn -0.4523 0.4758 -0.7544
vn 0.0175 -0.9996 -0.0223
vn 0.0845 -0.8734 0.4796
vn 0.1288 -0.5062 0.8527
vn 0.1366 0.0020 0.9906
vn 0.1053 0.5101 0.8536
vn 0.0434 0.8760 0.4804
vn -0.1039 -0.4923 -0.8642
vn -0.0512 -0.8570 -0.5128
vn -0.1307 -0.0032 -0.9914
vn -0.0296 0.9993 -0.0215
vn -0.0915 0.8539 -0.5123
vn -0.1270 0.4868 -0.8642
vn -0.5117 0.8592 -0.0000
vn -0.4480 0.8636 -0.2315
vn -0.0058 0.9998 0.0201
vn -0.0023 1.0000 -0.0000
vn 0.8693 0.0408 -0.4927
vn 0.9988 0.0488 -0.0000
vn 0.9010 -0.4339 -0.0000
vn 0.7855 -0.4426 -0.4326
vn 0.4965 0.8681 -0.0000
vn 0.4279 0.8651 0.2619
vn 0.7417 0.5133 0.4318
vn 0.8551 0.5185 -0.0000
vn 0.5033 -0.8231 -0.2629
vn 0.5754 -0.8179 -0.0000
vn 0.0879 -0.9961 -0.0000
vn 0.0817 -0.9964 -0.0207
vn -0.8360 -0.5487 -0.0000
vn -0.9991 -0.0416 -0.0000
vn -0.4342 -0.9008 -0.0000
vn -0.3715 -0.8990 0.2320
vn -0.7681 0.4829 0.4205
vn -0.8799 0.4751 -0.0000
vn -0.4480 0.8636 0.2315
vn -0.0058 0.9998 -0.0201
vn 0.4279 0.8651 -0.2619
vn -0.2718 0.8743 -0.4021
vn -0.0165 0.9992 0.0363
vn 0.2369 0.8575 0.4567
vn 0.4252 0.5001 0.7544
vn 0.0624 -0.9973 0.0379
vn 0.0384 -0.9990 0.0225
vn -0.0357 -0.8769 -0.4793
vn -0.2016 -0.8936 -0.4011
vn -0.1006 -0.5126 -0.8527
vn -0.4138 -0.5362 -0.7357
vn -0.1365 -0.0054 -0.9906
vn -0.5084 -0.0199 -0.8609
vn -0.1333 0.5035 -0.8536
vn -0.4551 0.5017 -0.7357
vn -0.0922 0.8720 -0.4807
vn 0.5069 0.0213 0.8618
vn 0.8693 0.0408 0.4927
vn 0.4640 -0.4629 0.7553
vn 0.1312 -0.4857 0.8642
vn 0.0990 -0.8528 0.5127
vn 0.3042 -0.8352 0.4581
vn 0.1307 0.0041 0.9914
vn -0.0264 0.9994 0.0214
vn 0.0436 0.8576 0.5125
vn 0.0996 0.4931 0.8642
vn 0.0384 -0.9990 -0.0225
vn 0.0624 -0.9973 -0.0379
vn -0.2016 -0.8936 0.4011
vn -0.0357 -0.8769 0.4793
vn -0.1006 -0.5126 0.8527
vn -0.1365 -0.0054 0.9906
vn -0.4551 0.5017 0.7357
vn -0.1333 0.5035 0.8536
vn -0.2718 0.8743 0.4021
vn -0.0922 0.8720 0.4808
vn 0.1312 -0.4857 -0.8642
vn 0.4640 -0.4629 -0.7553
vn 0.3042 -0.8352 -0.4581
vn 0.0990 -0.8528 -0.5127
vn 0.1307 0.0041 -0.9914
vn 0.5069 0.0213 -0.8618
vn -0.0165 0.9992 -0.0363
vn -0.0264 0.9994 -0.0214
vn 0.2369 0.8575 -0.4567
vn 0.0436 0.8576 -0.5125
vn 0.4252 0.5001 -0.7544
vn 0.0996 0.4931 -0.8642
vn 0.7417 0.5133 -0.4318
vn 0.5033 -0.8231 0.2629
vn 0.0817 -0.9964 0.0207
vn -0.7242 -0.5455 -0.4219
vn -0.8703 -0.0355 -0.4912
vn -0.3715 -0.8990 -0.2320
vn -0.7681 0.4829 -0.4205
vn 0.7855 -0.4426 0.4326
vn 0.0390 0.4859 0.8731
vn 0.2176 0.4149 0.8834
vn -0.0208 -0.0389 0.9990
vn -0.0049 -0.0227 0.9997
vn -0.2487 -0.4725 0.8455
vn -0.0447 -0.5191 0.8535
vn -0.4085 -0.7765 0.4797
vn -0.0702 -0.8709 0.4863
vn -0.0208 -0.0389 -0.9990
vn -0.0376 -0.0227 -0.9990
vn 0.3998 0.2503 -0.8818
vn 0.2176 0.4149 -0.8834
vn 0.7272 0.4555 -0.5135
vn 0.3978 0.7581 -0.5167
vn 0.8473 0.5311 -0.0000
vn 0.4646 0.8855 -0.0000
vn 0.7272 0.4555 0.5135
vn 0.3978 0.7581 0.5167
vn 0.3998 0.2503 0.8818
vn -0.4655 -0.8850 -0.0000
vn -0.0787 -0.9969 -0.0000
vn -0.4085 -0.7765 -0.4797
vn -0.7463 -0.4637 -0.4776
vn -0.4554 -0.2829 -0.8442
vn -0.2487 -0.4725 -0.8455
vn -0.8494 -0.5278 -0.0000
vn -0.0376 -0.0227 0.9990
vn -0.4554 -0.2829 0.8442
vn -0.7463 -0.4637 0.4776
vn -0.0432 -0.0015 -0.9991
vn 0.4746 0.0193 -0.8800
vn 0.8590 0.0358 -0.5107
vn 0.9991 0.0423 -0.0000
vn 0.8590 0.0358 0.5107
vn 0.4746 0.0193 0.8800
vn -0.8794 -0.0309 -0.4750
vn -0.5380 -0.0193 -0.8427
vn -0.9994 -0.0349 -0.0000
vn -0.0432 -0.0015 0.9991
vn -0.5380 -0.0193 0.8427
vn -0.8794 -0.0309 0.4750
vn -0.7187 -0.4711 -0.5114
vn -0.8365 -0.5480 -0.0000
vn -0.4530 -0.8915 -0.0000
vn -0.3880 -0.7639 -0.5157
vn 0.0839 0.9965 -0.0000
vn 0.0720 0.8602 -0.5049
vn 0.0720 0.8602 0.5049
vn -0.0702 -0.8709 -0.4863
vn -0.0447 -0.5191 -0.8535
vn -0.0049 -0.0227 -0.9997
vn 0.0390 0.4859 -0.8731
vn 0.4224 -0.2163 0.8803
vn -0.0386 0.0189 0.9991
vn -0.4786 0.2458 0.8429
vn -0.7817 0.4040 0.4751
vn -0.0386 0.0189 -0.9991
vn -0.0248 0.0360 -0.9990
vn 0.2572 -0.3936 -0.8826
vn 0.4224 -0.2163 -0.8803
vn 0.4695 -0.7168 -0.5155
vn 0.7655 -0.3905 -0.5114
vn 0.5480 -0.8365 -0.0000
vn 0.8909 -0.4542 -0.0000
vn 0.4695 -0.7168 0.5155
vn 0.7655 -0.3905 0.5114
vn 0.2572 -0.3936 0.8826
vn -0.8880 0.4599 -0.0000
vn -0.7817 0.4040 -0.4751
vn -0.4792 0.7359 -0.4783
vn -0.2932 0.4476 -0.8448
vn -0.4786 0.2458 -0.8429
vn -0.5450 0.8384 -0.0000
vn -0.0248 0.0360 0.9990
vn -0.2932 0.4476 0.8448
vn -0.4792 0.7359 0.4783
vn -0.0071 0.0213 -0.9997
vn 0.0892 -0.4799 -0.8728
vn 0.1612 -0.8481 -0.5046
vn 0.1875 -0.9823 -0.0000
vn 0.1612 -0.8481 0.5046
vn 0.0892 -0.4799 0.8728
vn -0.1598 0.8590 -0.4864
vn -0.0980 0.5114 -0.8537
vn -0.1813 0.9834 -0.0000
vn -0.0071 0.0213 0.9997
vn -0.0980 0.5114 0.8537
vn -0.1598 0.8590 0.4864
vn -0.4738 -0.0326 0.8800
vn -0.4248 0.2054 0.8817
vn 0.0396 -0.0183 0.9990
vn 0.0431 0.0033 0.9991
vn 0.8328 0.5535 -0.0000
vn 0.9973 0.0738 -0.0000
vn 0.8776 0.0646 -0.4750
vn 0.7331 0.4865 -0.4752
vn 0.5370 0.0389 0.8427
vn 0.4835 -0.2315 0.8442
vn 0.7922 -0.3799 0.4775
vn 0.8776 0.0646 0.4750
vn 0.4490 0.2966 -0.8429
vn 0.5369 0.0389 -0.8427
vn 0.0431 0.0033 -0.9991
vn 0.0366 0.0232 -0.9991
vn -0.8578 -0.0579 -0.5107
vn -0.9978 -0.0667 -0.0000
vn -0.4738 -0.0326 -0.8800
vn -0.3961 -0.2608 -0.8804
vn -0.7187 -0.4711 0.5114
vn -0.8578 -0.0579 0.5107
vn -0.3961 -0.2608 0.8804
vn 0.0366 0.0232 0.9991
vn 0.4490 0.2966 0.8429
vn -0.2619 0.3887 0.8834
vn 0.0249 -0.0362 0.9990
vn 0.2989 -0.4425 0.8455
vn 0.4909 -0.7273 0.4796
vn 0.0249 -0.0362 -0.9990
vn 0.0074 -0.0221 -0.9997
vn -0.0918 0.4784 -0.8733
vn -0.2619 0.3887 -0.8834
vn -0.1659 0.8469 -0.5052
vn -0.4786 0.7100 -0.5166
vn -0.1930 0.9812 -0.0000
vn -0.5589 0.8293 -0.0000
vn -0.1659 0.8469 0.5052
vn -0.4786 0.7100 0.5166
vn -0.0918 0.4784 0.8733
vn 0.5594 -0.8289 -0.0000
vn 0.9016 -0.4325 -0.0000
vn 0.4909 -0.7273 -0.4796
vn 0.1646 -0.8582 -0.4862
vn 0.1010 -0.5113 -0.8535
vn 0.2989 -0.4425 -0.8455
vn 0.1868 -0.9824 -0.0000
vn 0.0073 -0.0221 0.9997
vn 0.1010 -0.5113 0.8535
vn 0.1646 -0.8582 0.4862
vn 0.0047 0.0218 -0.9998
vn 0.0207 0.0386 -0.9990
vn -0.2124 -0.4192 -0.8827
vn -0.0362 -0.4871 -0.8726
vn -0.0671 -0.8609 -0.5043
vn -0.0784 -0.9969 -0.0000
vn -0.3880 -0.7639 0.5157
vn -0.0671 -0.8609 0.5043
vn -0.2124 -0.4192 0.8827
vn -0.0362 -0.4871 0.8726
vn 0.0653 0.8712 -0.4866
vn 0.3960 0.7838 -0.4784
vn 0.2425 0.4769 -0.8448
vn 0.0417 0.5189 -0.8538
vn 0.0731 0.9973 -0.0000
vn 0.4502 0.8929 -0.0000
vn 0.0207 0.0386 0.9990
vn 0.0047 0.0218 0.9998
vn 0.2425 0.4769 0.8448
vn 0.0417 0.5189 0.8538
vn 0.3960 0.7838 0.4784
vn 0.0653 0.8712 0.4866
vn 0.7331 0.4865 0.4752
vn 0.4835 -0.2315 -0.8442
vn 0.0396 -0.0183 -0.9990
vn -0.7722 0.3742 -0.5135
vn -0.8998 0.4362 -0.0000
vn -0.4248 0.2054 -0.8817
vn -0.7722 0.3742 0.5135
vn 0.7922 -0.3799 -0.4775
vn 0.1298 -0.8678 0.4796
vn 0.2974 -0.8664 0.4012
vn 0.0462 -0.9982 -0.0374
vn 0.0697 -0.9973 -0.0220
vn -0.2115 -0.8637 -0.4575
vn -0.0062 -0.8587 -0.5125
vn -0.4108 -0.5110 -0.7550
vn -0.0779 -0.4971 -0.8642
vn -0.0920 0.9951 -0.0368
vn -0.1029 0.9945 -0.0200
vn 0.3519 0.9068 0.2320
vn 0.1752 0.8987 0.4020
vn 0.7107 0.5636 0.4209
vn 0.3977 0.5483 0.7356
vn 0.8690 0.0594 0.4912
vn 0.5076 0.0356 0.8609
vn 0.7795 -0.4634 0.4215
vn 0.4697 -0.4879 0.7357
vn 0.4666 -0.8536 0.2315
vn -0.5062 -0.0341 -0.8618
vn -0.1304 -0.0100 -0.9914
vn -0.4771 0.4504 -0.7547
vn -0.7934 0.4290 -0.4319
vn -0.5201 0.8128 -0.2622
vn -0.3288 0.8263 -0.4574
vn -0.8685 -0.0543 -0.4927
vn 0.0271 -0.9994 -0.0208
vn -0.4101 -0.8734 -0.2626
vn -0.7323 -0.5259 -0.4325
vn -0.1061 0.9944 -0.0000
vn 0.4166 0.9091 -0.0000
vn 0.8231 0.5679 -0.0000
vn 0.9977 0.0674 -0.0000
vn 0.8907 -0.4547 -0.0000
vn 0.5283 -0.8491 -0.0000
vn -0.9068 0.4215 -0.0000
vn -0.5892 0.8080 -0.0000
vn -0.9982 -0.0606 -0.0000
vn 0.0207 -0.9998 -0.0000
vn -0.4817 -0.8764 -0.0000
vn -0.8479 -0.5302 -0.0000
vn -0.7910 0.4442 -0.4208
vn -0.8674 -0.0790 -0.4912
vn -0.5068 -0.0455 -0.8609
vn -0.4797 0.4782 -0.7357
vn 0.1363 0.0093 0.9906
vn 0.0785 0.5149 0.8536
vn 0.1551 -0.4988 0.8527
vn -0.1524 0.4794 -0.8643
vn -0.1362 0.8477 -0.5127
vn -0.0817 0.9964 -0.0219
vn -0.0022 0.8770 0.4805
vn 0.4666 -0.8536 -0.2315
vn 0.0271 -0.9994 0.0208
vn -0.4101 -0.8734 0.2626
vn -0.7323 -0.5259 0.4325
vn -0.1029 0.9945 0.0200
vn -0.0920 0.9951 0.0368
vn 0.1752 0.8987 -0.4020
vn 0.3519 0.9068 -0.2320
vn 0.3977 0.5483 -0.7356
vn 0.7107 0.5636 -0.4209
vn 0.5076 0.0356 -0.8609
vn 0.8690 0.0594 -0.4912
vn 0.4697 -0.4879 -0.7357
vn 0.7795 -0.4634 -0.4215
vn 0.2974 -0.8664 -0.4012
vn -0.8685 -0.0543 0.4927
vn -0.7934 0.4290 0.4319
vn -0.4771 0.4504 0.7547
vn -0.3288 0.8263 0.4574
vn -0.5201 0.8128 0.2622
vn -0.5062 -0.0341 0.8618
vn 0.0462 -0.9982 0.0374
vn -0.2115 -0.8637 0.4575
vn -0.4108 -0.5110 0.7550
vn -0.0817 0.9964 0.0219
vn -0.0022 0.8770 -0.4805
vn 0.0785 0.5150 -0.8536
vn 0.1363 0.0093 -0.9906
vn 0.1551 -0.4988 -0.8527
vn 0.1298 -0.8678 -0.4796
vn -0.1524 0.4794 0.8643
vn -0.1362 0.8477 0.5127
vn -0.1304 -0.0100 0.9914
vn 0.0697 -0.9973 0.0220
vn -0.0062 -0.8587 0.5125
vn -0.0779 -0.4971 0.8642
vn -0.3880 -0.9217 -0.0000
vn -0.3261 -0.9165 0.2316
vn 0.1316 -0.9911 -0.0209
vn 0.1381 -0.9904 -0.0000
vn 0.8662 0.0836 0.4927
vn 0.9952 0.0975 -0.0000
vn 0.8289 0.5594 -0.0000
vn 0.7155 0.5491 0.4319
vn 0.6146 -0.7888 -0.0000
vn 0.5434 -0.7973 -0.2628
vn 0.8063 -0.4035 -0.4325
vn 0.9210 -0.3896 -0.0000
vn 0.3846 0.8851 0.2620
vn 0.4535 0.8913 -0.0000
vn -0.0529 0.9986 -0.0000
vn -0.0560 0.9982 0.0199
vn -0.9024 0.4309 -0.0000
vn -0.9958 -0.0915 -0.0000
vn -0.5546 0.8321 -0.0000
vn -0.4905 0.8400 -0.2319
vn -0.6964 -0.5808 -0.4216
vn -0.8078 -0.5895 -0.0000
vn -0.3261 -0.9165 -0.2316
vn 0.1316 -0.9911 0.0209
vn 0.5434 -0.7973 0.2628
vn -0.1565 -0.9025 0.4012
vn 0.1126 -0.9929 -0.0377
vn 0.3458 -0.8190 -0.4578
vn 0.4866 -0.4393 -0.7551
vn -0.0668 0.9971 -0.0365
vn -0.0777 0.9967 -0.0217
vn -0.1371 0.8662 0.4806
vn -0.3153 0.8596 0.4020
vn -0.1592 0.4960 0.8536
vn -0.4797 0.4782 0.7357
vn -0.1361 -0.0123 0.9906
vn -0.5068 -0.0455 0.8609
vn -0.0740 -0.5171 0.8527
vn -0.3864 -0.5563 0.7357
vn 0.0096 -0.8775 0.4795
vn 0.5052 0.0465 -0.8618
vn 0.8662 0.0836 -0.4927
vn 0.3996 0.5205 -0.7546
vn 0.0742 0.4976 -0.8642
vn -0.0004 0.8586 -0.5126
vn 0.1935 0.8681 -0.4570
vn 0.1303 0.0109 -0.9914
vn 0.0897 -0.9957 -0.0221
vn 0.1426 -0.8467 -0.5126
vn 0.1559 -0.4784 -0.8642
vn -0.0777 0.9967 0.0217
vn -0.0668 0.9971 0.0365
vn -0.3153 0.8596 -0.4020
vn -0.1371 0.8662 -0.4806
vn -0.1592 0.4960 -0.8536
vn -0.1361 -0.0123 -0.9906
vn -0.3864 -0.5563 -0.7357
vn -0.0740 -0.5171 -0.8527
vn -0.1565 -0.9025 -0.4012
vn 0.0096 -0.8775 -0.4795
vn 0.0742 0.4976 0.8643
vn 0.3996 0.5205 0.7546
vn 0.1935 0.8681 0.4570
vn -0.0004 0.8586 0.5126
vn 0.1303 0.0109 0.9914
vn 0.5052 0.0465 0.8618
vn 0.1126 -0.9929 0.0377
vn 0.0897 -0.9957 0.0221
vn 0.3458 -0.8190 0.4578
vn 0.1426 -0.8467 0.5126
vn 0.4866 -0.4393 0.7551
vn 0.1559 -0.4784 0.8642
vn 0.8063 -0.4035 0.4325
vn 0.3846 0.8851 -0.2620
vn -0.0560 0.9982 -0.0199
vn -0.7910 0.4442 0.4208
vn -0.8674 -0.0790 0.4912
vn -0.4906 0.8400 0.2319
vn -0.6964 -0.5808 0.4216
vn 0.7155 0.5491 -0.4319
vn 0.1126 -0.4751 -0.8727
vn 0.2762 -0.3805 -0.8826
vn -0.0265 0.0346 -0.9990
vn -0.0081 0.0209 -0.9997
vn -0.3148 0.4325 -0.8449
vn -0.1229 0.5059 -0.8538
vn -0.5149 0.7112 -0.4786
vn -0.2016 0.8501 -0.4865
vn -0.0265 0.0346 0.9990
vn -0.0397 0.0171 0.9991
vn 0.4324 -0.1949 0.8804
vn 0.2762 -0.3805 0.8826
vn 0.7840 -0.3518 0.5115
vn 0.5040 -0.6930 0.5155
vn 0.9126 -0.4089 -0.0000
vn 0.5883 -0.8086 -0.0000
vn 0.7840 -0.3518 -0.5115
vn 0.5040 -0.6930 -0.5155
vn 0.4324 -0.1949 -0.8804
vn -0.5858 0.8105 -0.0000
vn -0.2291 0.9734 -0.0000
vn -0.5149 0.7112 0.4786
vn -0.8009 0.3641 0.4754
vn -0.4903 0.2214 0.8430
vn -0.3148 0.4325 0.8449
vn -0.9100 0.4146 -0.0000
vn -0.0397 0.0171 -0.9991
vn -0.4903 0.2214 -0.8430
vn -0.8009 0.3641 -0.4754
vn -0.0431 -0.0036 0.9991
vn 0.4730 0.0429 0.8800
vn 0.8562 0.0787 0.5107
vn 0.9958 0.0921 -0.0000
vn 0.8562 0.0787 -0.5107
vn 0.4730 0.0429 -0.8800
vn -0.8767 -0.0755 0.4750
vn -0.5363 -0.0467 0.8427
vn -0.9963 -0.0856 -0.0000
vn -0.0431 -0.0036 -0.9991
vn -0.5363 -0.0467 -0.8427
vn -0.8767 -0.0755 -0.4750
vn -0.7892 0.3371 0.5134
vn -0.9195 0.3931 -0.0000
vn -0.5972 0.8021 -0.0000
vn -0.5113 0.6866 0.5169
vn 0.2348 -0.9721 -0.0000
vn 0.2022 -0.8395 0.5044
vn 0.2022 -0.8395 -0.5044
vn -0.2016 0.8501 0.4865
vn -0.1229 0.5059 0.8538
vn -0.0081 0.0209 0.9997
vn 0.1126 -0.4751 0.8727
vn 0.3870 0.2700 -0.8816
vn -0.0362 -0.0244 -0.9990
vn -0.4407 -0.3054 -0.8441
vn -0.7220 -0.5008 -0.4773
vn -0.0362 -0.0244 0.9990
vn -0.0190 -0.0399 0.9990
vn 0.1970 0.4250 0.8835
vn 0.3870 0.2700 0.8816
vn 0.3602 0.7766 0.5168
vn 0.7036 0.4914 0.5134
vn 0.4207 0.9072 -0.0000
vn 0.8196 0.5729 -0.0000
vn 0.3602 0.7766 -0.5168
vn 0.7036 0.4914 -0.5134
vn 0.1970 0.4250 -0.8835
vn -0.8217 -0.5699 -0.0000
vn -0.7220 -0.5008 0.4773
vn -0.3697 -0.7959 0.4795
vn -0.2252 -0.4843 0.8454
vn -0.4407 -0.3054 0.8441
vn -0.4212 -0.9070 -0.0000
vn -0.0190 -0.0399 -0.9990
vn -0.2252 -0.4843 -0.8454
vn -0.3697 -0.7959 -0.4795
vn -0.0038 -0.0229 0.9997
vn 0.0152 0.4871 0.8732
vn 0.0302 0.8625 0.5051
vn 0.0357 0.9994 -0.0000
vn 0.0302 0.8625 -0.5051
vn 0.0152 0.4871 -0.8732
vn -0.0276 -0.8734 0.4863
vn -0.0193 -0.5208 0.8535
vn -0.0299 -0.9996 -0.0000
vn -0.0038 -0.0229 -0.9997
vn -0.0193 -0.5208 -0.8535
vn -0.0276 -0.8734 -0.4863
vn -0.4718 -0.0545 -0.8800
vn -0.3833 -0.2791 -0.8804
vn 0.0354 0.0249 -0.9991
vn 0.0429 0.0052 -0.9991
vn 0.9206 -0.3904 -0.0000
vn 0.9929 0.1190 -0.0000
vn 0.8737 0.1045 0.4750
vn 0.8091 -0.3430 0.4772
vn 0.5346 0.0636 -0.8427
vn 0.4347 0.3166 -0.8431
vn 0.7097 0.5198 -0.4755
vn 0.8737 0.1045 -0.4750
vn 0.4939 -0.2092 0.8440
vn 0.5346 0.0636 0.8427
vn 0.0429 0.0052 0.9991
vn 0.0405 -0.0165 0.9990
vn -0.8542 -0.0977 0.5107
vn -0.9936 -0.1131 -0.0000
vn -0.4718 -0.0545 0.8800
vn -0.4341 0.1853 0.8816
vn -0.7892 0.3371 -0.5134
vn -0.8542 -0.0977 -0.5107
vn -0.4341 0.1853 -0.8816
vn 0.0405 -0.0165 -0.9990
vn 0.4939 -0.2092 -0.8440
vn -0.1926 -0.4289 -0.8826
vn 0.0189 0.0394 -0.9990
vn 0.2196 0.4877 -0.8449
vn 0.3586 0.8015 -0.4786
vn 0.0189 0.0394 0.9990
vn 0.0036 0.0222 0.9997
vn -0.0131 -0.4879 0.8728
vn -0.1926 -0.4289 0.8826
vn -0.0264 -0.8631 0.5044
vn -0.3518 -0.7814 0.5154
vn -0.0312 -0.9995 -0.0000
vn -0.4106 -0.9118 -0.0000
vn -0.0264 -0.8631 -0.5044
vn -0.3518 -0.7814 -0.5154
vn -0.0131 -0.4879 -0.8728
vn 0.4077 0.9131 -0.0000
vn 0.8063 0.5915 -0.0000
vn 0.3586 0.8014 0.4786
vn 0.0233 0.8734 0.4865
vn 0.0167 0.5204 0.8538
vn 0.2196 0.4877 0.8449
vn 0.0251 0.9997 -0.0000
vn 0.0036 0.0222 -0.9997
vn 0.0167 0.5204 -0.8538
vn 0.0233 0.8734 -0.4865
vn 0.0084 -0.0216 0.9997
vn 0.0266 -0.0351 0.9990
vn -0.2797 0.3758 0.8835
vn -0.1145 0.4738 0.8731
vn -0.2058 0.8382 0.5051
vn -0.2391 0.9710 -0.0000
vn -0.5113 0.6866 -0.5169
vn -0.2058 0.8382 -0.5051
vn -0.2797 0.3758 -0.8835
vn -0.1145 0.4738 -0.8731
vn 0.2057 -0.8492 0.4863
vn 0.5246 -0.7035 0.4795
vn 0.3195 -0.4281 0.8454
vn 0.1254 -0.5058 0.8535
vn 0.2338 -0.9723 -0.0000
vn 0.5977 -0.8017 -0.0000
vn 0.0266 -0.0351 -0.9990
vn 0.0084 -0.0216 -0.9997
vn 0.3195 -0.4281 -0.8454
vn 0.1254 -0.5058 -0.8535
vn 0.5246 -0.7035 -0.4795
vn 0.2057 -0.8492 -0.4863
vn 0.8091 -0.3430 -0.4772
vn 0.4347 0.3166 0.8431
vn 0.0354 0.0249 0.9991
vn -0.6954 -0.5046 0.5116
vn -0.8096 -0.5870 -0.0000
vn -0.3833 -0.2791 0.8804
vn -0.6954 -0.5046 -0.5116
vn 0.7097 0.5198 0.4755
vn -0.0419 0.8760 -0.4805
vn 0.1332 0.9059 -0.4020
vn -0.1380 0.9898 0.0364
vn -0.1265 0.9917 0.0216
vn -0.3665 0.8105 0.4569
vn -0.1741 0.8408 0.5126
vn -0.4974 0.4280 0.7546
vn -0.1738 0.4721 0.8642
vn 0.0924 -0.9950 0.0378
vn 0.0738 -0.9971 0.0208
vn 0.5067 -0.8303 -0.2319
vn 0.3374 -0.8516 -0.4012
vn 0.8002 -0.4266 -0.4216
vn 0.4917 -0.4659 -0.7356
vn 0.8653 0.0996 -0.4912
vn 0.5054 0.0587 -0.8609
vn 0.6837 0.5962 -0.4208
vn 0.3721 0.5659 -0.7358
vn 0.3082 0.9227 -0.2316
vn -0.5040 -0.0575 0.8618
vn -0.1298 -0.0158 0.9914
vn -0.3868 -0.5293 0.7551
vn -0.7069 -0.5597 0.4325
vn -0.3693 -0.8914 0.2629
vn -0.1715 -0.8723 0.4580
vn -0.8650 -0.0952 0.4927
vn -0.1493 0.9886 0.0200
vn -0.5571 0.7881 0.2619
vn -0.8126 0.3914 0.4319
vn 0.0673 -0.9977 -0.0000
vn 0.5687 -0.8226 -0.0000
vn 0.9111 -0.4121 -0.0000
vn 0.9935 0.1137 -0.0000
vn 0.7954 0.6061 -0.0000
vn 0.3722 0.9281 -0.0000
vn -0.8220 -0.5695 -0.0000
vn -0.4408 -0.8976 -0.0000
vn -0.9942 -0.1079 -0.0000
vn -0.1525 0.9883 -0.0000
vn -0.6257 0.7801 -0.0000
vn -0.9257 0.3784 -0.0000
vn -0.6705 -0.6106 0.4214
vn -0.8632 -0.1163 0.4912
vn -0.5044 -0.0671 0.8609
vn -0.3619 -0.5724 0.7358
vn 0.1357 0.0158 -0.9906
vn 0.1776 -0.4911 -0.8528
vn 0.0549 0.5181 -0.8536
vn -0.0555 -0.5001 0.8642
vn 0.0324 -0.8580 0.5126
vn 0.1145 -0.9932 0.0222
vn 0.1690 -0.8611 -0.4795
vn 0.3082 0.9227 0.2316
vn -0.1493 0.9886 -0.0200
vn -0.5571 0.7881 -0.2619
vn -0.8126 0.3914 -0.4319
vn 0.0738 -0.9971 -0.0208
vn 0.0924 -0.9950 -0.0378
vn 0.3374 -0.8516 0.4012
vn 0.5067 -0.8303 0.2319
vn 0.4917 -0.4659 0.7356
vn 0.8002 -0.4265 0.4216
vn 0.5054 0.0587 0.8609
vn 0.8653 0.0996 0.4912
vn 0.3721 0.5659 0.7358
vn 0.6837 0.5962 0.4208
vn 0.1332 0.9059 0.4020
vn -0.8650 -0.0952 -0.4927
vn -0.7069 -0.5597 -0.4325
vn -0.3868 -0.5293 -0.7551
vn -0.1715 -0.8723 -0.4580
vn -0.3693 -0.8914 -0.2629
vn -0.5040 -0.0575 -0.8618
vn -0.1381 0.9898 -0.0364
vn -0.3665 0.8105 -0.4569
vn -0.4974 0.4280 -0.7546
vn 0.1145 -0.9932 -0.0222
vn 0.1690 -0.8611 0.4795
vn 0.1776 -0.4911 0.8528
vn 0.1357 0.0158 0.9906
vn 0.0549 0.5181 0.8536
vn -0.0419 0.8760 0.4806
vn -0.0555 -0.5001 -0.8642
vn 0.0324 -0.8580 -0.5126
vn -0.1298 -0.0158 -0.9914
vn -0.1265 0.9917 -0.0216
vn -0.1741 0.8408 -0.5126
vn -0.1738 0.4721 -0.8642
vn -0.5897 0.8076 -0.0000
vn -0.5262 0.8181 -0.2319
vn -0.0979 0.9950 0.0203
vn -0.0941 0.9956 -0.0000
vn 0.8619 0.1200 -0.4927
vn 0.9902 0.1393 -0.0000
vn 0.9366 -0.3504 -0.0000
vn 0.8227 -0.3690 -0.4324
vn 0.4158 0.9094 -0.0000
vn 0.3469 0.9005 0.2623
vn 0.6916 0.5789 0.4320
vn 0.8045 0.5940 -0.0000
vn 0.5765 -0.7737 -0.2625
vn 0.6470 -0.7625 -0.0000
vn 0.1790 -0.9839 -0.0000
vn 0.1731 -0.9847 -0.0205
vn -0.7814 -0.6240 -0.0000
vn -0.9910 -0.1342 -0.0000
vn -0.3481 -0.9374 -0.0000
vn -0.2863 -0.9297 0.2316
vn -0.8094 0.4094 0.4210
vn -0.9202 0.3913 -0.0000
vn -0.5262 0.8181 0.2319
vn -0.0979 0.9950 -0.0203
vn 0.3469 0.9005 -0.2623
vn -0.3524 0.8452 -0.4018
vn -0.1098 0.9933 0.0371
vn 0.1559 0.8755 0.4574
vn 0.3768 0.5372 0.7546
vn 0.1554 -0.9872 0.0371
vn 0.1333 -0.9908 0.0219
vn 0.0482 -0.8761 -0.4797
vn -0.1171 -0.9084 -0.4014
vn -0.0510 -0.5197 -0.8528
vn -0.3620 -0.5724 -0.7358
vn -0.1354 -0.0183 -0.9906
vn -0.5044 -0.0671 -0.8609
vn -0.1810 0.4886 -0.8535
vn -0.4999 0.4571 -0.7356
vn -0.1751 0.8594 -0.4803
vn 0.5027 0.0682 0.8618
vn 0.8619 0.1200 0.4927
vn 0.5051 -0.4180 0.7551
vn 0.1768 -0.4711 0.8642
vn 0.1796 -0.8397 0.5125
vn 0.3808 -0.8036 0.4574
vn 0.1297 0.0166 0.9914
vn -0.1214 0.9924 0.0220
vn -0.0380 0.8578 0.5127
vn 0.0523 0.5004 0.8642
vn 0.1333 -0.9908 -0.0219
vn 0.1554 -0.9872 -0.0371
vn -0.1171 -0.9084 0.4014
vn 0.0482 -0.8761 0.4797
vn -0.0510 -0.5197 0.8528
vn -0.1354 -0.0183 0.9906
vn -0.4999 0.4571 0.7356
vn -0.1810 0.4886 0.8535
vn -0.3524 0.8452 0.4018
vn -0.1751 0.8594 0.4803
vn 0.1768 -0.4711 -0.8642
vn 0.5051 -0.4180 -0.7551
vn 0.3808 -0.8036 -0.4574
vn 0.1796 -0.8397 -0.5125
vn 0.1297 0.0166 -0.9914
vn 0.5027 0.0682 -0.8618
vn -0.1098 0.9933 -0.0371
vn -0.1214 0.9924 -0.0220
vn 0.1559 0.8755 -0.4574
vn -0.0380 0.8578 -0.5127
vn 0.3768 0.5372 -0.7546
vn 0.0523 0.5004 -0.8642
vn 0.6916 0.5789 -0.4320
vn 0.5765 -0.7737 0.2625
vn 0.1731 -0.9847 0.0205
vn -0.6706 -0.6106 -0.4214
vn -0.8632 -0.1163 -0.4912
vn -0.2864 -0.9297 -0.2316
vn -0.8094 0.4094 -0.4210
vn 0.8227 -0.3690 0.4324
vn -0.0049 0.4873 0.8732
vn 0.1791 0.4333 0.8833
vn -0.0173 -0.0404 0.9990
vn -0.0028 -0.0230 0.9997
vn -0.2046 -0.4931 0.8456
vn 0.0024 -0.5210 0.8536
vn -0.3357 -0.8107 0.4797
vn 0.0088 -0.8737 0.4863
vn -0.0173 -0.0404 -0.9990
vn -0.0351 -0.0259 -0.9990
vn 0.3752 0.2865 -0.8816
vn 0.1791 0.4333 -0.8833
vn 0.6819 0.5210 -0.5133
vn 0.3274 0.7912 -0.5166
vn 0.7945 0.6073 -0.0000
vn 0.3824 0.9240 -0.0000
vn 0.6819 0.5210 0.5133
vn 0.3274 0.7912 0.5166
vn 0.3752 0.2865 0.8816
vn -0.3825 -0.9240 -0.0000
vn 0.0117 -0.9999 -0.0000
vn -0.3357 -0.8107 -0.4797
vn -0.6998 -0.5314 -0.4774
vn -0.4272 -0.3239 -0.8441
vn -0.2046 -0.4931 -0.8456
vn -0.7963 -0.6049 -0.0000
vn -0.0351 -0.0259 0.9990
vn -0.4272 -0.3239 0.8441
vn -0.6998 -0.5314 0.4774
vn -0.0429 -0.0055 -0.9991
vn 0.4707 0.0632 -0.8800
vn 0.8520 0.1155 -0.5107
vn 0.9909 0.1348 -0.0000
vn 0.8520 0.1155 0.5107
vn 0.4707 0.0632 0.8800
vn -0.8726 -0.1139 -0.4750
vn -0.5338 -0.0701 -0.8427
vn -0.9916 -0.1291 -0.0000
vn -0.0429 -0.0055 0.9991
vn -0.5338 -0.0701 0.8427
vn -0.8726 -0.1139 0.4750
vn -0.6749 -0.5317 -0.5117
vn -0.7856 -0.6187 -0.0000
vn -0.3736 -0.9276 -0.0000
vn -0.3200 -0.7947 -0.5157
vn -0.0055 1.0000 -0.0000
vn -0.0054 0.8631 -0.5051
vn -0.0054 0.8631 0.5051
vn 0.0088 -0.8737 -0.4863
vn 0.0024 -0.5210 -0.8536
vn -0.0028 -0.0230 -0.9997
vn -0.0049 0.4873 -0.8732
vn 0.4402 -0.1761 0.8805
vn -0.0405 0.0154 0.9991
vn -0.4993 0.2003 0.8430
vn -0.8158 0.3293 0.4754
vn -0.0405 0.0154 -0.9991
vn -0.0280 0.0338 -0.9990
vn 0.2917 -0.3683 -0.8828
vn 0.4402 -0.1761 -0.8805
vn 0.5325 -0.6712 -0.5157
vn 0.7983 -0.3179 -0.5116
vn 0.6216 -0.7834 -0.0000
vn 0.9291 -0.3698 -0.0000
vn 0.5325 -0.6712 0.5157
vn 0.7983 -0.3179 0.5116
vn 0.2917 -0.3683 0.8828
vn -0.9271 0.3749 -0.0000
vn -0.8158 0.3293 -0.4754
vn -0.5445 0.6889 -0.4784
vn -0.3327 0.4191 -0.8448
vn -0.4993 0.2003 -0.8430
vn -0.6194 0.7850 -0.0000
vn -0.0280 0.0338 0.9990
vn -0.3327 0.4191 0.8448
vn -0.5445 0.6889 0.4784
vn -0.0090 0.0206 -0.9997
vn 0.1320 -0.4700 -0.8727
vn 0.2366 -0.8304 -0.5045
vn 0.2746 -0.9616 -0.0000
vn 0.2366 -0.8304 0.5045
vn 0.1320 -0.4700 0.8727
vn -0.2368 0.8410 -0.4864
vn -0.1438 0.5005 -0.8537
vn -0.2694 0.9630 -0.0000
vn -0.0090 0.0206 0.9997
vn -0.1438 0.5005 0.8537
vn -0.2368 0.8410 0.4864
vn -0.4693 -0.0727 0.8800
vn -0.4411 0.1682 0.8815
vn 0.0412 -0.0149 0.9990
vn 0.0427 0.0068 0.9991
vn 0.7827 0.6224 -0.0000
vn 0.9876 0.1569 -0.0000
vn 0.8691 0.1379 -0.4750
vn 0.6889 0.5471 -0.4755
vn 0.5317 0.0842 0.8427
vn 0.5018 -0.1896 0.8440
vn 0.8219 -0.3112 0.4772
vn 0.8691 0.1379 0.4750
vn 0.4218 0.3335 -0.8431
vn 0.5317 0.0842 -0.8427
vn 0.0427 0.0068 -0.9991
vn 0.0343 0.0261 -0.9991
vn -0.8497 -0.1311 -0.5107
vn -0.9884 -0.1521 -0.0000
vn -0.4693 -0.0727 -0.8800
vn -0.3720 -0.2938 -0.8805
vn -0.6749 -0.5317 0.5117
vn -0.8497 -0.1311 0.5107
vn -0.3720 -0.2938 0.8805
vn 0.0343 0.0261 0.9991
vn 0.4218 0.3335 0.8431
vn -0.2947 0.3646 0.8833
vn 0.0281 -0.0339 0.9990
vn 0.3364 -0.4148 0.8454
vn 0.5522 -0.6820 0.4795
vn 0.0281 -0.0339 -0.9990
vn 0.0092 -0.0212 -0.9997
vn -0.1338 0.4688 -0.8731
vn -0.2947 0.3646 -0.8833
vn -0.2399 0.8292 -0.5049
vn -0.5386 0.6657 -0.5166
vn -0.2785 0.9604 -0.0000
vn -0.6290 0.7774 -0.0000
vn -0.2399 0.8292 0.5049
vn -0.5386 0.6657 0.5166
vn -0.1338 0.4688 0.8731
vn 0.6292 -0.7773 -0.0000
vn 0.9351 -0.3543 -0.0000
vn 0.5522 -0.6820 -0.4795
vn 0.2401 -0.8401 -0.4864
vn 0.1459 -0.5002 -0.8536
vn 0.3364 -0.4148 -0.8454
vn 0.2732 -0.9620 -0.0000
vn 0.0092 -0.0212 0.9997
vn 0.1459 -0.5002 0.8536
vn 0.2401 -0.8401 0.4864
vn 0.0027 0.0224 -0.9997
vn 0.0172 0.0402 -0.9990
vn -0.1751 -0.4360 -0.8827
vn 0.0069 -0.4880 -0.8728
vn 0.0089 -0.8633 -0.5046
vn 0.0096 -1.0000 -0.0000
vn -0.3200 -0.7947 0.5157
vn 0.0089 -0.8633 0.5046
vn -0.1751 -0.4360 0.8827
vn 0.0069 -0.4880 0.8728
vn -0.0123 0.8736 -0.4864
vn 0.3263 0.8152 -0.4785
vn 0.1999 0.4961 -0.8449
vn -0.0045 0.5207 -0.8537
vn -0.0157 0.9999 -0.0000
vn 0.3709 0.9287 -0.0000
vn 0.0172 0.0402 0.9990
vn 0.0027 0.0224 0.9997
vn 0.1999 0.4961 0.8449
vn -0.0045 0.5207 0.8537
vn 0.3263 0.8152 0.4785
vn -0.0123 0.8736 0.4864
vn 0.6889 0.5471 0.4755
vn 0.5018 -0.1896 -0.8440
vn 0.0412 -0.0149 -0.9990
vn -0.8020 0.3057 -0.5132
vn -0.9344 0.3563 -0.0000
vn -0.4411 0.1682 -0.8815
vn -0.8020 0.3057 0.5132
vn 0.8219 -0.3112 -0.4772
vn 0.2020 -0.8539 0.4796
vn 0.3702 -0.8378 0.4014
vn 0.1312 -0.9906 -0.0375
vn 0.1525 -0.9880 -0.0223
vn -0.1372 -0.8783 -0.4579
vn 0.0652 -0.8561 -0.5127
vn -0.3658 -0.5440 -0.7552
vn -0.0364 -0.5018 -0.8642
vn -0.1766 0.9836 -0.0367
vn -0.1888 0.9818 -0.0203
vn 0.2718 0.9341 0.2316
vn 0.0980 0.9105 0.4018
vn 0.6599 0.6225 0.4208
vn 0.3496 0.5802 0.7356
vn 0.8608 0.1333 0.4912
vn 0.5027 0.0785 0.8609
vn 0.8162 -0.3949 0.4216
vn 0.5095 -0.4462 0.7358
vn 0.5389 -0.8098 0.2319
vn -0.5014 -0.0772 -0.8618
vn -0.1291 -0.0208 -0.9914
vn -0.5137 0.4084 -0.7545
vn -0.8274 0.3589 -0.4319
vn -0.5881 0.7652 -0.2621
vn -0.3979 0.7955 -0.4569
vn -0.8605 -0.1297 -0.4927
vn 0.1137 -0.9933 -0.0205
vn -0.3334 -0.9054 -0.2627
vn -0.6841 -0.5873 -0.4325
vn -0.1928 0.9812 -0.0000
vn 0.3350 0.9422 -0.0000
vn 0.7711 0.6367 -0.0000
vn 0.9883 0.1526 -0.0000
vn 0.9265 -0.3762 -0.0000
vn 0.6009 -0.7993 -0.0000
vn -0.9400 0.3413 -0.0000
vn -0.6565 0.7544 -0.0000
vn -0.9890 -0.1477 -0.0000
vn 0.1081 -0.9941 -0.0000
vn -0.4045 -0.9146 -0.0000
vn -0.7987 -0.6017 -0.0000
vn -0.8235 0.3804 -0.4209
vn -0.8585 -0.1473 -0.4912
vn -0.5016 -0.0854 -0.8609
vn -0.5160 0.4388 -0.7356
vn 0.1350 0.0210 0.9906
vn 0.0350 0.5200 0.8534
vn 0.1963 -0.4838 0.8529
vn -0.1917 0.4652 -0.8642
vn -0.2061 0.8336 -0.5125
vn -0.1644 0.9862 -0.0216
vn -0.0755 0.8738 0.4804
vn 0.5389 -0.8098 -0.2319
vn 0.1137 -0.9933 0.0205
vn -0.3334 -0.9054 0.2627
vn -0.6841 -0.5873 0.4325
vn -0.1888 0.9818 0.0203
vn -0.1766 0.9836 0.0367
vn 0.0980 0.9105 -0.4018
vn 0.2718 0.9341 -0.2316
vn 0.3496 0.5802 -0.7356
vn 0.6599 0.6225 -0.4208
vn 0.5027 0.0785 -0.8609
vn 0.8608 0.1333 -0.4912
vn 0.5095 -0.4462 -0.7358
vn 0.8162 -0.3949 -0.4216
vn 0.3702 -0.8378 -0.4014
vn -0.8605 -0.1297 0.4927
vn -0.8275 0.3589 0.4319
vn -0.5137 0.4084 0.7545
vn -0.3979 0.7955 0.4569
vn -0.5881 0.7652 0.2621
vn -0.5014 -0.0772 0.8618
vn 0.1312 -0.9906 0.0375
vn -0.1372 -0.8783 0.4579
vn -0.3658 -0.5440 0.7552
vn -0.1644 0.9862 0.0216
vn -0.0755 0.8738 -0.4804
vn 0.0350 0.5200 -0.8534
vn 0.1350 0.0210 -0.9906
vn 0.1963 -0.4838 -0.8529
vn 0.2020 -0.8539 -0.4796
vn -0.1917 0.4652 0.8642
vn -0.2061 0.8336 0.5125
vn -0.1291 -0.0208 0.9914
vn 0.1525 -0.9880 0.0223
vn 0.0652 -0.8561 0.5127
vn -0.0364 -0.5018 0.8642
vn -0.3156 -0.9489 -0.0000
vn -0.2535 -0.9391 0.2319
vn 0.2079 -0.9779 -0.0204
vn 0.2133 -0.9770 -0.0000
vn 0.8571 0.1502 0.4927
vn 0.9848 0.1738 -0.0000
vn 0.7831 0.6219 -0.0000
vn 0.6707 0.6030 0.4320
vn 0.6737 -0.7390 -0.0000
vn 0.6037 -0.7527 -0.2626
vn 0.8352 -0.3397 -0.4325
vn 0.9484 -0.3172 -0.0000
vn 0.3146 0.9123 0.2622
vn 0.3832 0.9237 -0.0000
vn -0.1290 0.9916 -0.0000
vn -0.1331 0.9909 0.0204
vn -0.9335 0.3586 -0.0000
vn -0.9855 -0.1695 -0.0000
vn -0.6172 0.7868 -0.0000
vn -0.5546 0.7992 -0.2316
vn -0.6483 -0.6340 -0.4215
vn -0.7589 -0.6512 -0.0000
vn -0.2535 -0.9391 -0.2319
vn 0.2079 -0.9779 0.0204
vn 0.6037 -0.7527 0.2626
vn -0.0846 -0.9119 0.4016
vn 0.1907 -0.9809 -0.0373
vn 0.4095 -0.7891 -0.4578
vn 0.5198 -0.3995 -0.7551
vn -0.1454 0.9887 -0.0368
vn -0.1579 0.9872 -0.0216
vn -0.2065 0.8524 0.4803
vn -0.3824 0.8321 0.4016
vn -0.1988 0.4818 0.8535
vn -0.5160 0.4388 0.7356
vn -0.1347 -0.0231 0.9906
vn -0.5016 -0.0854 0.8609
vn -0.0320 -0.5211 0.8529
vn -0.3411 -0.5851 0.7358
vn 0.0803 -0.8737 0.4798
vn 0.4999 0.0861 -0.8618
vn 0.8571 0.1502 -0.4927
vn 0.3573 0.5504 -0.7546
vn 0.0337 0.5020 -0.8642
vn -0.0698 0.8559 -0.5125
vn 0.1243 0.8807 -0.4570
vn 0.1290 0.0214 -0.9914
vn 0.1698 -0.9852 -0.0222
vn 0.2106 -0.8323 -0.5127
vn 0.1941 -0.4642 -0.8642
vn -0.1579 0.9872 0.0216
vn -0.1454 0.9887 0.0368
vn -0.3824 0.8321 -0.4016
vn -0.2065 0.8524 -0.4803
vn -0.1988 0.4818 -0.8535
vn -0.1347 -0.0231 -0.9906
vn -0.3411 -0.5851 -0.7358
vn -0.0320 -0.5211 -0.8529
vn -0.0846 -0.9119 -0.4016
vn 0.0803 -0.8737 -0.4798
vn 0.0337 0.5020 0.8642
vn 0.3573 0.5504 0.7546
vn 0.1243 0.8807 0.4570
vn -0.0698 0.8559 0.5125
vn 0.1290 0.0214 0.9914
vn 0.4999 0.0861 0.8618
vn 0.1907 -0.9809 0.0373
vn 0.1698 -0.9852 0.0222
vn 0.4095 -0.7891 0.4578
vn 0.2106 -0.8323 0.5127
vn 0.5198 -0.3995 0.7551
vn 0.1941 -0.4642 0.8642
vn 0.8352 -0.3397 0.4325
vn 0.3146 0.9123 -0.2622
vn -0.1331 0.9909 -0.0204
vn -0.8235 0.3804 0.4209
vn -0.8585 -0.1473 0.4913
vn -0.5546 0.7992 0.2316
vn -0.6483 -0.6340 0.4215
vn 0.6707 0.6030 -0.4320
vn 0.1481 -0.4650 -0.8728
vn 0.3044 -0.3578 -0.8828
vn -0.0291 0.0327 -0.9990
vn -0.0097 0.0204 -0.9997
vn -0.3470 0.4070 -0.8449
vn -0.1609 0.4953 -0.8537
vn -0.5683 0.6694 -0.4785
vn -0.2654 0.8325 -0.4864
vn -0.0291 0.0327 0.9990
vn -0.0409 0.0139 0.9991
vn 0.4460 -0.1603 0.8805
vn 0.3044 -0.3578 0.8828
vn 0.8088 -0.2896 0.5117
vn 0.5557 -0.6521 0.5157
vn 0.9415 -0.3370 -0.0000
vn 0.6487 -0.7611 -0.0000
vn 0.8088 -0.2896 -0.5117
vn 0.5557 -0.6521 -0.5157
vn 0.4460 -0.1603 -0.8805
vn -0.6467 0.7628 -0.0000
vn -0.3022 0.9532 -0.0000
vn -0.5683 0.6694 0.4785
vn -0.8271 0.2996 0.4756
vn -0.5059 0.1821 0.8431
vn -0.3470 0.4070 0.8449
vn -0.9400 0.3412 -0.0000
vn -0.0409 0.0139 -0.9991
vn -0.5060 0.1821 -0.8431
vn -0.8271 0.2996 -0.4756
vn -0.0427 -0.0071 0.9991
vn 0.4681 0.0802 0.8800
vn 0.8473 0.1458 0.5107
vn 0.9855 0.1699 -0.0000
vn 0.8473 0.1458 -0.5107
vn 0.4681 0.0802 -0.8800
vn -0.8678 -0.1458 0.4750
vn -0.5309 -0.0894 0.8427
vn -0.9862 -0.1656 -0.0000
vn -0.0427 -0.0071 -0.9991
vn -0.5309 -0.0894 -0.8427
vn -0.8678 -0.1458 -0.4751
vn -0.8115 0.2795 0.5132
vn -0.9454 0.3259 -0.0000
vn -0.6545 0.7561 -0.0000
vn -0.5604 0.6474 0.5165
vn 0.3078 -0.9515 -0.0000
vn 0.2651 -0.8216 0.5046
vn 0.2651 -0.8216 -0.5046
vn -0.2654 0.8325 0.4864
vn -0.1609 0.4953 0.8537
vn -0.0097 0.0204 0.9997
vn 0.1481 -0.4650 0.8728
vn 0.3648 0.2998 -0.8815
vn -0.0342 -0.0272 -0.9990
vn -0.4155 -0.3393 -0.8440
vn -0.6803 -0.5564 -0.4772
vn -0.0342 -0.0272 0.9990
vn -0.0159 -0.0410 0.9990
vn 0.1638 0.4393 0.8833
vn 0.3648 0.2998 0.8815
vn 0.2995 0.8022 0.5165
vn 0.6633 0.5447 0.5132
vn 0.3497 0.9368 -0.0000
vn 0.7727 0.6348 -0.0000
vn 0.2995 0.8022 -0.5165
vn 0.6633 0.5447 -0.5132
vn 0.1638 0.4393 -0.8833
vn -0.7739 -0.6333 -0.0000
vn -0.6803 -0.5564 0.4772
vn -0.3070 -0.8220 0.4796
vn -0.1873 -0.5002 0.8454
vn -0.4155 -0.3393 0.8440
vn -0.3497 -0.9369 -0.0000
vn -0.0159 -0.0410 -0.9990
vn -0.1873 -0.5002 -0.8454
vn -0.3070 -0.8220 -0.4796
vn -0.0020 -0.0230 0.9997
vn -0.0217 0.4871 0.8731
vn -0.0352 0.8625 0.5049
vn -0.0402 0.9992 -0.0000
vn -0.0352 0.8625 -0.5049
vn -0.0217 0.4871 -0.8731
vn 0.0387 -0.8729 0.4864
vn 0.0202 -0.5206 0.8536
vn 0.0459 -0.9989 -0.0000
vn -0.0020 -0.0230 -0.9997
vn 0.0202 -0.5206 -0.8536
vn 0.0387 -0.8729 -0.4864
vn -0.4667 -0.0879 -0.8800
vn -0.3622 -0.3055 -0.8806
vn 0.0336 0.0274 -0.9991
vn 0.0425 0.0082 -0.9991
vn 0.9460 -0.3242 -0.0000
vn 0.9822 0.1880 -0.0000
vn 0.8643 0.1651 0.4750
vn 0.8315 -0.2847 0.4771
vn 0.5288 0.1009 -0.8427
vn 0.4108 0.3469 -0.8431
vn 0.6709 0.5689 -0.4756
vn 0.8643 0.1651 -0.4750
vn 0.5076 -0.1733 0.8440
vn 0.5288 0.1009 0.8427
vn 0.0425 0.0082 0.9991
vn 0.0415 -0.0135 0.9990
vn -0.8450 -0.1584 0.5107
vn -0.9829 -0.1841 -0.0000
vn -0.4667 -0.0879 0.8800
vn -0.4465 0.1539 0.8815
vn -0.8115 0.2795 -0.5132
vn -0.8451 -0.1584 -0.5107
vn -0.4465 0.1539 -0.8815
vn 0.0415 -0.0135 -0.9990
vn 0.5076 -0.1733 -0.8440
vn -0.1605 -0.4414 -0.8828
vn 0.0158 0.0409 -0.9990
vn 0.1833 0.5025 -0.8449
vn 0.2993 0.8255 -0.4785
vn 0.0158 0.0409 0.9990
vn 0.0020 0.0225 0.9997
vn 0.0234 -0.4875 0.8728
vn -0.1605 -0.4414 0.8828
vn 0.0381 -0.8625 0.5046
vn -0.2934 -0.8049 0.5158
vn 0.0435 -0.9991 -0.0000
vn -0.3425 -0.9395 -0.0000
vn 0.0381 -0.8625 -0.5046
vn -0.2934 -0.8049 -0.5158
vn 0.0234 -0.4875 -0.8728
vn 0.3402 0.9404 -0.0000
vn 0.7623 0.6472 -0.0000
vn 0.2993 0.8255 0.4785
vn -0.0415 0.8728 0.4864
vn -0.0219 0.5203 0.8537
vn 0.1833 0.5025 0.8449
vn -0.0491 0.9988 -0.0000
vn 0.0020 0.0225 -0.9997
vn -0.0219 0.5203 -0.8537
vn -0.0415 0.8728 -0.4864
vn 0.0099 -0.0209 0.9997
vn 0.0292 -0.0328 0.9990
vn -0.3068 0.3547 0.8832
vn -0.1495 0.4640 0.8731
vn -0.2678 0.8205 0.5049
vn -0.3109 0.9504 -0.0000
vn -0.5604 0.6474 -0.5165
vn -0.2678 0.8206 -0.5049
vn -0.3068 0.3547 -0.8832
vn -0.1495 0.4640 -0.8731
vn 0.2680 -0.8316 0.4864
vn 0.5744 -0.6634 0.4796
vn 0.3499 -0.4034 0.8455
vn 0.1625 -0.4950 0.8536
vn 0.3052 -0.9523 -0.0000
vn 0.6544 -0.7562 -0.0000
vn 0.0292 -0.0328 -0.9990
vn 0.0099 -0.0209 -0.9997
vn 0.3499 -0.4034 -0.8455
vn 0.1625 -0.4950 -0.8536
vn 0.5744 -0.6634 -0.4796
vn 0.2680 -0.8316 -0.4864
vn 0.8315 -0.2847 -0.4771
vn 0.4108 0.3469 0.8431
vn 0.0336 0.0274 0.9991
vn -0.6573 -0.5533 0.5118
vn -0.7652 -0.6438 -0.0000
vn -0.3622 -0.3055 0.8806
vn -0.6573 -0.5533 -0.5118
vn 0.6709 0.5689 0.4756
vn -0.1026 0.8711 -0.4802
vn 0.0688 0.9132 -0.4016
vn -0.2079 0.9774 0.0371
vn -0.1951 0.9805 0.0219
vn -0.4232 0.7822 0.4573
vn -0.2321 0.8267 0.5125
vn -0.5266 0.3915 0.7546
vn -0.2061 0.4590 0.8642
vn 0.1628 -0.9860 0.0371
vn 0.1460 -0.9891 0.0204
vn 0.5647 -0.7921 -0.2318
vn 0.3967 -0.8254 -0.4016
vn 0.8286 -0.3685 -0.4214
vn 0.5235 -0.4297 -0.7357
vn 0.8560 0.1609 -0.4913
vn 0.4999 0.0946 -0.8609
vn 0.6394 0.6433 -0.4210
vn 0.3309 0.5910 -0.7357
vn 0.2415 0.9423 -0.2317
vn -0.4986 -0.0934 0.8618
vn -0.1284 -0.0248 0.9914
vn -0.3481 -0.5556 0.7551
vn -0.6644 -0.6096 0.4324
vn -0.3034 -0.9160 0.2625
vn -0.1090 -0.8825 0.4575
vn -0.8557 -0.1581 0.4927
vn -0.2206 0.9751 0.0204
vn -0.6129 0.7453 0.2623
vn -0.8388 0.3313 0.4320
vn 0.1406 -0.9901 -0.0000
vn 0.6261 -0.7797 -0.0000
vn 0.9382 -0.3462 -0.0000
vn 0.9828 0.1844 -0.0000
vn 0.7502 0.6613 -0.0000
vn 0.3047 0.9524 -0.0000
vn -0.7782 -0.6280 -0.0000
vn -0.3735 -0.9276 -0.0000
vn -0.9836 -0.1805 -0.0000
vn -0.2248 0.9744 -0.0000
vn -0.6814 0.7319 -0.0000
vn -0.9508 0.3098 -0.0000
vn -0.6299 -0.6523 0.4216
vn -0.8539 -0.1720 0.4913
vn -0.4988 -0.1001 0.8609
vn -0.3239 -0.5949 0.7356
vn 0.1343 0.0252 -0.9906
vn 0.2110 -0.4775 -0.8529
vn 0.0190 0.5209 -0.8534
vn -0.0207 -0.5027 0.8642
vn 0.0919 -0.8537 0.5126
vn 0.1833 -0.9828 0.0220
vn 0.2283 -0.8471 -0.4798
vn 0.2415 0.9423 0.2317
vn -0.2206 0.9751 -0.0204
vn -0.6129 0.7453 -0.2623
vn -0.8388 0.3313 -0.4320
vn 0.1460 -0.9891 -0.0204
vn 0.1628 -0.9860 -0.0371
vn 0.3967 -0.8255 0.4015
vn 0.5647 -0.7921 0.2318
vn 0.5235 -0.4297 0.7357
vn 0.8286 -0.3686 0.4214
vn 0.4999 0.0946 0.8609
vn 0.8560 0.1609 0.4913
vn 0.3309 0.5910 0.7357
vn 0.6395 0.6433 0.4210
vn 0.0688 0.9132 0.4016
vn -0.8557 -0.1581 -0.4927
vn -0.6644 -0.6096 -0.4324
vn -0.3481 -0.5556 -0.7551
vn -0.1090 -0.8825 -0.4575
vn -0.3034 -0.9160 -0.2625
vn -0.4986 -0.0934 -0.8618
vn -0.2079 0.9774 -0.0371
vn -0.4232 0.7822 -0.4573
vn -0.5266 0.3915 -0.7546
vn 0.1833 -0.9828 -0.0220
vn 0.2283 -0.8471 0.4798
vn 0.2110 -0.4775 0.8529
vn 0.1343 0.0252 0.9906
vn 0.0190 0.5209 0.8534
vn -0.1026 0.8711 0.4802
vn -0.0207 -0.5027 -0.8642
vn 0.0919 -0.8537 -0.5126
vn -0.1284 -0.0248 -0.9914
vn -0.1951 0.9805 -0.0219
vn -0.2321 0.8267 -0.5125
vn -0.2061 0.4590 -0.8642
vn -0.6392 0.7690 -0.0000
vn -0.5772 0.7831 -0.2317
vn -0.1615 0.9867 0.0202
vn -0.1575 0.9875 -0.0000
vn 0.8526 0.1743 -0.4927
vn 0.9796 0.2012 -0.0000
vn 0.9569 -0.2905 -0.0000
vn 0.8445 -0.3160 -0.4324
vn 0.3566 0.9343 -0.0000
vn 0.2883 0.9210 0.2622
vn 0.6533 0.6217 0.4320
vn 0.7654 0.6436 -0.0000
vn 0.6251 -0.7351 -0.2627
vn 0.6946 -0.7194 -0.0000
vn 0.2414 -0.9704 -0.0000
vn 0.2359 -0.9716 -0.0206
vn -0.7400 -0.6726 -0.0000
vn -0.9802 -0.1979 -0.0000
vn -0.2886 -0.9574 -0.0000
vn -0.2267 -0.9460 0.2318
vn -0.8341 0.3566 0.4209
vn -0.9433 0.3318 -0.0000
vn -0.5772 0.7831 0.2316
vn -0.1615 0.9867 -0.0202
vn 0.2883 0.9210 -0.2622
vn -0.4064 0.8205 -0.4019
vn -0.1742 0.9840 0.0367
vn 0.0986 0.8840 0.4571
vn 0.3411 0.5605 0.7547
vn 0.2192 -0.9750 0.0375
vn 0.1995 -0.9797 0.0222
vn 0.1066 -0.8710 -0.4797
vn -0.0580 -0.9141 -0.4013
vn -0.0164 -0.5218 -0.8529
vn -0.3239 -0.5949 -0.7356
vn -0.1340 -0.0269 -0.9906
vn -0.4988 -0.1001 -0.8609
vn -0.2131 0.4757 -0.8534
vn -0.5285 0.4234 -0.7358
vn -0.2321 0.8458 -0.4804
vn 0.4972 0.1004 0.8618
vn 0.8526 0.1743 0.4927
vn 0.5312 -0.3844 0.7551
vn 0.2081 -0.4581 0.8642
vn 0.2356 -0.8256 0.5126
vn 0.4323 -0.7769 0.4578
vn 0.1283 0.0253 0.9914
vn -0.1876 0.9820 0.0217
vn -0.0956 0.8533 0.5125
vn 0.0185 0.5028 0.8642
vn 0.1995 -0.9797 -0.0222
vn 0.2192 -0.9750 -0.0375
vn -0.0580 -0.9141 0.4013
vn 0.1066 -0.8710 0.4797
vn -0.0164 -0.5218 0.8529
vn -0.1340 -0.0269 0.9906
vn -0.5285 0.4234 0.7358
vn -0.2131 0.4757 0.8534
vn -0.4064 0.8205 0.4019
vn -0.2321 0.8458 0.4804
vn 0.2080 -0.4581 -0.8642
vn 0.5312 -0.3844 -0.7551
vn 0.4323 -0.7769 -0.4578
vn 0.2356 -0.8256 -0.5126
vn 0.1283 0.0253 -0.9914
vn 0.4972 0.1004 -0.8618
vn -0.1741 0.9840 -0.0367
vn -0.1876 0.9820 -0.0217
vn 0.0986 0.8840 -0.4571
vn -0.0956 0.8533 -0.5125
vn 0.3411 0.5605 -0.7547
vn 0.0185 0.5028 -0.8642
vn 0.6533 0.6217 -0.4320
vn 0.6251 -0.7351 0.2627
vn 0.2359 -0.9716 0.0206
vn -0.6299 -0.6523 -0.4216
vn -0.8539 -0.1720 -0.4913
vn -0.2267 -0.9460 -0.2318
vn -0.8341 0.3566 -0.4209
vn 0.8445 -0.3160 0.4324
vn -0.0352 0.4864 0.8730
vn 0.1514 0.4438 0.8832
vn -0.0147 -0.0414 0.9990
vn -0.0014 -0.0230 0.9997
vn -0.1731 -0.5054 0.8453
vn 0.0345 -0.5198 0.8536
vn -0.2837 -0.8305 0.4794
vn 0.0626 -0.8715 0.4864
vn -0.0147 -0.0414 -0.9990
vn -0.0334 -0.0281 -0.9990
vn 0.3563 0.3102 -0.8814
vn 0.1514 0.4438 -0.8832
vn 0.6476 0.5634 -0.5130
vn 0.2768 0.8104 -0.5164
vn 0.7544 0.6564 -0.0000
vn 0.3232 0.9463 -0.0000
vn 0.6476 0.5634 0.5130
vn 0.2768 0.8103 0.5164
vn 0.3563 0.3102 0.8814
vn -0.3230 -0.9464 -0.0000
vn 0.0733 -0.9973 -0.0000
vn -0.2837 -0.8305 -0.4794
vn -0.6638 -0.5760 -0.4770
vn -0.4055 -0.3514 -0.8438
vn -0.1731 -0.5054 -0.8453
vn -0.7551 -0.6556 -0.0000
vn -0.0334 -0.0281 0.9990
vn -0.4055 -0.3514 0.8438
vn -0.6638 -0.5760 0.4770
vn -0.0424 -0.0084 -0.9991
vn 0.4656 0.0937 -0.8800
vn 0.8428 0.1701 -0.5107
vn 0.9802 0.1982 -0.0000
vn 0.8428 0.1701 0.5107
vn 0.4656 0.0937 0.8800
vn -0.8631 -0.1714 -0.4751
vn -0.5280 -0.1051 -0.8427
vn -0.9809 -0.1947 -0.0000
vn -0.0424 -0.0084 0.9991
vn -0.5280 -0.1051 0.8427
vn -0.8631 -0.1714 0.4751
vn -0.6427 -0.5699 -0.5120
vn -0.7483 -0.6634 -0.0000
vn -0.3176 -0.9482 -0.0000
vn -0.2720 -0.8123 -0.5159
vn -0.0679 0.9977 -0.0000
vn -0.0591 0.8612 -0.5048
vn -0.0591 0.8612 0.5048
vn 0.0626 -0.8715 -0.4864
vn 0.0345 -0.5198 -0.8536
vn -0.0014 -0.0230 -0.9997
vn -0.0352 0.4864 -0.8730
vn 0.4502 -0.1475 0.8807
vn -0.0414 0.0128 0.9991
vn -0.5108 0.1672 0.8433
vn -0.8353 0.2754 0.4758
vn -0.0414 0.0128 -0.9991
vn -0.0300 0.0319 -0.9990
vn 0.3143 -0.3491 -0.8828
vn 0.4502 -0.1475 -0.8807
vn 0.5738 -0.6362 -0.5159
vn 0.8166 -0.2665 -0.5120
vn 0.6698 -0.7425 -0.0000
vn 0.9507 -0.3102 -0.0000
vn 0.5738 -0.6362 0.5158
vn 0.8166 -0.2665 0.5120
vn 0.3143 -0.3491 0.8828
vn -0.9495 0.3137 -0.0000
vn -0.8353 0.2754 -0.4758
vn -0.5869 0.6530 -0.4787
vn -0.3583 0.3970 -0.8450
vn -0.5108 0.1672 -0.8433
vn -0.6680 0.7442 -0.0000
vn -0.0300 0.0319 0.9990
vn -0.3583 0.3970 0.8450
vn -0.5869 0.6530 0.4787
vn -0.0103 0.0202 -0.9997
vn 0.1609 -0.4606 -0.8729
vn 0.2878 -0.8139 -0.5047
vn 0.3340 -0.9426 -0.0000
vn 0.2878 -0.8139 0.5047
vn 0.1609 -0.4606 0.8729
vn -0.2881 0.8248 -0.4864
vn -0.1744 0.4907 -0.8537
vn -0.3282 0.9446 -0.0000
vn -0.0103 0.0202 0.9997
vn -0.1744 0.4907 0.8537
vn -0.2881 0.8248 0.4864
vn -0.4643 -0.0998 0.8800
vn -0.4506 0.1423 0.8813
vn 0.0417 -0.0124 0.9991
vn 0.0423 0.0092 0.9991
vn 0.7458 0.6662 -0.0000
vn 0.9772 0.2123 -0.0000
vn 0.8599 0.1866 -0.4751
vn 0.6563 0.5856 -0.4759
vn 0.5261 0.1139 0.8427
vn 0.5120 -0.1604 0.8438
vn 0.8385 -0.2636 0.4769
vn 0.8599 0.1866 0.4751
vn 0.4017 0.3572 -0.8433
vn 0.5261 0.1139 -0.8427
vn 0.0423 0.0092 -0.9991
vn 0.0329 0.0283 -0.9991
vn -0.8407 -0.1801 -0.5107
vn -0.9779 -0.2092 -0.0000
vn -0.4643 -0.0998 -0.8800
vn -0.3539 -0.3147 -0.8807
vn -0.6427 -0.5699 0.5120
vn -0.8407 -0.1801 0.5107
vn -0.3539 -0.3147 0.8807
vn 0.0329 0.0283 0.9991
vn 0.4017 0.3572 0.8433
vn -0.3161 0.3465 0.8832
vn 0.0300 -0.0320 0.9990
vn 0.3605 -0.3943 0.8453
vn 0.5916 -0.6483 0.4793
vn 0.0300 -0.0320 -0.9990
vn 0.0105 -0.0205 -0.9997
vn -0.1619 0.4598 -0.8731
vn -0.3161 0.3465 -0.8832
vn -0.2898 0.8130 -0.5050
vn -0.5774 0.6324 -0.5163
vn -0.3364 0.9417 -0.0000
vn -0.6742 0.7385 -0.0000
vn -0.2898 0.8130 0.5050
vn -0.5774 0.6324 0.5163
vn -0.1619 0.4598 0.8731
vn 0.6739 -0.7388 -0.0000
vn 0.9539 -0.3003 -0.0000
vn 0.5916 -0.6483 -0.4793
vn 0.2903 -0.8242 -0.4863
vn 0.1757 -0.4905 -0.8536
vn 0.3605 -0.3943 -0.8453
vn 0.3307 -0.9437 -0.0000
vn 0.0105 -0.0205 0.9997
vn 0.1757 -0.4905 0.8536
vn 0.2903 -0.8242 0.4863
vn 0.0014 0.0226 -0.9997
vn 0.0147 0.0413 -0.9990
vn -0.1487 -0.4454 -0.8829
vn 0.0365 -0.4867 -0.8728
vn 0.0613 -0.8612 -0.5045
vn 0.0704 -0.9975 -0.0000
vn -0.2720 -0.8123 0.5159
vn 0.0613 -0.8612 0.5045
vn -0.1487 -0.4454 0.8829
vn 0.0365 -0.4867 0.8728
vn -0.0649 0.8713 -0.4865
vn 0.2775 0.8329 -0.4788
vn 0.1700 0.5070 -0.8450
vn -0.0359 0.5195 -0.8537
vn -0.0759 0.9971 -0.0000
vn 0.3155 0.9489 -0.0000
vn 0.0147 0.0413 0.9990
vn 0.0014 0.0226 0.9997
vn 0.1700 0.5070 0.8450
vn -0.0359 0.5195 0.8537
vn 0.2775 0.8329 0.4788
vn -0.0649 0.8713 0.4865
vn 0.6563 0.5856 0.4759
vn 0.5120 -0.1604 -0.8439
vn 0.0417 -0.0124 -0.9991
vn -0.8185 0.2586 -0.5130
vn -0.9535 0.3013 -0.0000
vn -0.4506 0.1423 -0.8813
vn -0.8185 0.2586 0.5130
vn 0.8385 -0.2636 -0.4769
vn 0.2489 -0.8413 0.4799
vn 0.4175 -0.8152 0.4014
vn 0.1876 -0.9815 -0.0372
vn 0.2071 -0.9781 -0.0219
vn -0.0866 -0.8850 -0.4574
vn 0.1127 -0.8512 -0.5125
vn -0.3338 -0.5645 -0.7549
vn -0.0084 -0.5031 -0.8642
vn -0.2325 0.9719 -0.0370
vn -0.2454 0.9692 -0.0202
vn 0.2172 0.9482 0.2319
vn 0.0456 0.9146 0.4018
vn 0.6225 0.6596 0.4211
vn 0.3158 0.5992 0.7357
vn 0.8516 0.1828 0.4913
vn 0.4973 0.1072 0.8609
vn 0.8379 -0.3470 0.4213
vn 0.5343 -0.4163 0.7357
vn 0.5850 -0.7773 0.2316
vn -0.4960 -0.1062 -0.8618
vn -0.1277 -0.0279 -0.9914
vn -0.5363 0.3778 -0.7548
vn -0.8472 0.3092 -0.4321
vn -0.6320 0.7292 -0.2623
vn -0.4428 0.7712 -0.4574
vn -0.8513 -0.1804 -0.4927
vn 0.1712 -0.9850 -0.0205
vn -0.2796 -0.9235 -0.2625
vn -0.6482 -0.6268 -0.4324
vn -0.2495 0.9684 -0.0000
vn 0.2800 0.9600 -0.0000
vn 0.7328 0.6805 -0.0000
vn 0.9778 0.2095 -0.0000
vn 0.9468 -0.3218 -0.0000
vn 0.6460 -0.7633 -0.0000
vn -0.9587 0.2844 -0.0000
vn -0.7002 0.7140 -0.0000
vn -0.9784 -0.2065 -0.0000
vn 0.1657 -0.9862 -0.0000
vn -0.3493 -0.9370 -0.0000
vn -0.7612 -0.6485 -0.0000
vn -0.8417 0.3381 -0.4210
vn -0.8498 -0.1910 -0.4913
vn -0.4964 -0.1113 -0.8609
vn -0.5379 0.4115 -0.7357
vn 0.1336 0.0287 0.9906
vn 0.0062 0.5213 0.8534
vn 0.2226 -0.4721 0.8530
vn -0.2172 0.4538 -0.8642
vn -0.2521 0.8207 -0.5126
vn -0.2189 0.9755 -0.0219
vn -0.1238 0.8684 0.4802
vn 0.5850 -0.7773 -0.2316
vn 0.1712 -0.9850 0.0205
vn -0.2796 -0.9235 0.2625
vn -0.6482 -0.6268 0.4324
vn -0.2455 0.9692 0.0202
vn -0.2325 0.9719 0.0370
vn 0.0456 0.9146 -0.4018
vn 0.2172 0.9482 -0.2319
vn 0.3158 0.5992 -0.7357
vn 0.6225 0.6596 -0.4211
vn 0.4973 0.1072 -0.8609
vn 0.8516 0.1828 -0.4913
vn 0.5343 -0.4163 -0.7357
vn 0.8379 -0.3470 -0.4213
vn 0.4175 -0.8152 -0.4014
vn -0.8513 -0.1804 0.4927
vn -0.8472 0.3092 0.4321
vn -0.5363 0.3778 0.7548
vn -0.4428 0.7712 0.4574
vn -0.6320 0.7292 0.2623
vn -0.4960 -0.1062 0.8618
vn 0.1876 -0.9815 0.0372
vn -0.0866 -0.8850 0.4574
vn -0.3338 -0.5645 0.7549
vn -0.2189 0.9755 0.0219
vn -0.1238 0.8684 -0.4802
vn 0.0062 0.5213 -0.8534
vn 0.1336 0.0287 -0.9906
vn 0.2226 -0.4721 -0.8530
vn 0.2489 -0.8413 -0.4799
vn -0.2172 0.4538 0.8642
vn -0.2521 0.8207 0.5126
vn -0.1277 -0.0279 0.9914
vn 0.2071 -0.9781 0.0219
vn 0.1127 -0.8512 0.5125
vn -0.0084 -0.5031 0.8642
vn -0.2673 -0.9636 -0.0000
vn -0.2058 -0.9508 0.2318
vn 0.2574 -0.9661 -0.0206
vn 0.2628 -0.9648 -0.0000
vn 0.8486 0.1927 0.4927
vn 0.9750 0.2220 -0.0000
vn 0.7514 0.6598 -0.0000
vn 0.6397 0.6357 0.4321
vn 0.7100 -0.7042 -0.0000
vn 0.6410 -0.7212 -0.2626
vn 0.8512 -0.2976 -0.4324
vn 0.9629 -0.2700 -0.0000
vn 0.2680 0.9270 0.2622
vn 0.3363 0.9418 -0.0000
vn -0.1793 0.9838 -0.0000
vn -0.1833 0.9829 0.0202
vn -0.9504 0.3110 -0.0000
vn -0.9756 -0.2196 -0.0000
vn -0.6561 0.7547 -0.0000
vn -0.5942 0.7702 -0.2317
vn -0.6154 -0.6661 -0.4214
vn -0.7250 -0.6887 -0.0000
vn -0.2058 -0.9508 -0.2318
vn 0.2574 -0.9661 0.0206
vn 0.6410 -0.7212 0.2626
vn -0.0375 -0.9151 0.4014
vn 0.2411 -0.9698 -0.0374
vn 0.4497 -0.7671 -0.4576
vn 0.5397 -0.3725 -0.7550
vn -0.1963 0.9799 -0.0368
vn -0.2105 0.9773 -0.0218
vn -0.2518 0.8402 0.4803
vn -0.4247 0.8113 0.4018
vn -0.2242 0.4706 0.8534
vn -0.5379 0.4115 0.7357
vn -0.1333 -0.0299 0.9906
vn -0.4964 -0.1113 0.8609
vn -0.0042 -0.5219 0.8530
vn -0.3105 -0.6020 0.7357
vn 0.1269 -0.8682 0.4798
vn 0.4949 0.1114 -0.8618
vn 0.8486 0.1927 -0.4927
vn 0.3285 0.5678 -0.7547
vn 0.0068 0.5031 -0.8642
vn -0.1155 0.8508 -0.5126
vn 0.0787 0.8859 -0.4572
vn 0.1277 0.0283 -0.9914
vn 0.2223 -0.9747 -0.0220
vn 0.2548 -0.8199 -0.5126
vn 0.2187 -0.4531 -0.8642
vn -0.2105 0.9773 0.0218
vn -0.1963 0.9799 0.0368
vn -0.4247 0.8113 -0.4018
vn -0.2518 0.8402 -0.4803
vn -0.2242 0.4706 -0.8534
vn -0.1333 -0.0299 -0.9906
vn -0.3105 -0.6020 -0.7357
vn -0.0042 -0.5219 -0.8530
vn -0.0375 -0.9151 -0.4014
vn 0.1269 -0.8681 -0.4798
vn 0.0068 0.5030 0.8642
vn 0.3285 0.5678 0.7547
vn 0.0787 0.8859 0.4572
vn -0.1155 0.8508 0.5126
vn 0.1277 0.0283 0.9914
vn 0.4949 0.1114 0.8618
vn 0.2411 -0.9698 0.0374
vn 0.2223 -0.9747 0.0220
vn 0.4497 -0.7671 0.4576
vn 0.2548 -0.8199 0.5126
vn 0.5397 -0.3725 0.7550
vn 0.2187 -0.4531 0.8642
vn 0.8512 -0.2976 0.4324
vn 0.2680 0.9270 -0.2622
vn -0.1833 0.9829 -0.0202
vn -0.8417 0.3381 0.4210
vn -0.8498 -0.1910 0.4913
vn -0.5942 0.7702 0.2317
vn -0.6154 -0.6661 0.4214
vn 0.6397 0.6357 -0.4321
vn 0.1705 -0.4572 -0.8729
vn 0.3217 -0.3422 -0.8828
vn -0.0306 0.0313 -0.9990
vn -0.0107 0.0200 -0.9997
vn -0.3667 0.3891 -0.8451
vn -0.1847 0.4869 -0.8537
vn -0.6009 0.6400 -0.4789
vn -0.3055 0.8186 -0.4864
vn -0.0306 0.0313 0.9990
vn -0.0417 0.0119 0.9991
vn 0.4531 -0.1374 0.8808
vn 0.3217 -0.3422 0.8828
vn 0.8222 -0.2485 0.5121
vn 0.5873 -0.6237 0.5158
vn 0.9573 -0.2891 -0.0000
vn 0.6855 -0.7280 -0.0000
vn 0.8222 -0.2485 -0.5121
vn 0.5873 -0.6237 -0.5158
vn 0.4531 -0.1374 -0.8808
vn -0.6840 0.7295 -0.0000
vn -0.3481 0.9375 -0.0000
vn -0.6009 0.6400 0.4789
vn -0.8412 0.2565 0.4760
vn -0.5143 0.1557 0.8433
vn -0.3667 0.3891 0.8451
vn -0.9564 0.2922 -0.0000
vn -0.0417 0.0119 -0.9991
vn -0.5143 0.1557 -0.8433
vn -0.8412 0.2565 -0.4760
vn -0.0422 -0.0094 0.9991
vn 0.4634 0.1041 0.8800
vn 0.8388 0.1888 0.5107
vn 0.9755 0.2198 -0.0000
vn 0.8388 0.1888 -0.5107
vn 0.4634 0.1041 -0.8800
vn -0.8589 -0.1912 0.4751
vn -0.5254 -0.1172 0.8427
vn -0.9761 -0.2172 -0.0000
vn -0.0422 -0.0094 -0.9991
vn -0.5254 -0.1172 -0.8427
vn -0.8589 -0.1912 -0.4751
vn -0.8235 0.2426 0.5128
vn -0.9592 0.2827 -0.0000
vn -0.6887 0.7251 -0.0000
vn -0.5898 0.6209 0.5163
vn 0.3536 -0.9354 -0.0000
vn 0.3048 -0.8078 0.5046
vn 0.3048 -0.8078 -0.5046
vn -0.3055 0.8186 0.4864
vn -0.1847 0.4869 0.8537
vn -0.0107 0.0200 0.9997
vn 0.1705 -0.4572 0.8729
vn 0.3495 0.3181 -0.8813
vn -0.0327 -0.0288 -0.9991
vn -0.3977 -0.3605 -0.8438
vn -0.6508 -0.5909 -0.4768
vn -0.0327 -0.0288 0.9991
vn -0.0139 -0.0417 0.9990
vn 0.1418 0.4470 0.8832
vn 0.3495 0.3180 0.8813
vn 0.2594 0.8161 0.5165
vn 0.6351 0.5776 0.5129
vn 0.3029 0.9530 -0.0000
vn 0.7397 0.6729 -0.0000
vn 0.2594 0.8161 -0.5165
vn 0.6351 0.5776 -0.5129
vn 0.1418 0.4470 -0.8832
vn -0.7401 -0.6725 -0.0000
vn -0.6508 -0.5909 0.4768
vn -0.2656 -0.8365 0.4793
vn -0.1622 -0.5091 0.8453
vn -0.3976 -0.3605 0.8438
vn -0.3024 -0.9532 -0.0000
vn -0.0139 -0.0417 -0.9990
vn -0.1622 -0.5091 -0.8453
vn -0.2656 -0.8365 -0.4793
vn -0.0009 -0.0230 0.9997
vn -0.0454 0.4855 0.8730
vn -0.0772 0.8597 0.5049
vn -0.0887 0.9961 -0.0000
vn -0.0772 0.8597 -0.5049
vn -0.0454 0.4855 -0.8730
vn 0.0810 -0.8700 0.4864
vn 0.0455 -0.5190 0.8536
vn 0.0943 -0.9955 -0.0000
vn -0.0009 -0.0229 -0.9997
vn 0.0455 -0.5190 -0.8536
vn 0.0810 -0.8700 -0.4864
vn -0.4624 -0.1085 -0.8800
vn -0.3477 -0.3214 -0.8808
vn 0.0324 0.0289 -0.9991
vn 0.0421 0.0100 -0.9991
vn 0.9593 -0.2823 -0.0000
vn 0.9732 0.2300 -0.0000
vn 0.8564 0.2024 0.4751
vn 0.8434 -0.2479 0.4767
vn 0.5239 0.1236 -0.8427
vn 0.3948 0.3646 -0.8434
vn 0.6451 0.5977 -0.4761
vn 0.8564 0.2024 -0.4751
vn 0.5151 -0.1508 0.8438
vn 0.5239 0.1236 0.8427
vn 0.0421 0.0100 0.9991
vn 0.0420 -0.0116 0.9991
vn -0.8371 -0.1961 0.5107
vn -0.9737 -0.2279 -0.0000
vn -0.4624 -0.1085 0.8800
vn -0.4534 0.1336 0.8812
vn -0.8235 0.2426 -0.5128
vn -0.8371 -0.1961 -0.5107
vn -0.4534 0.1336 -0.8812
vn 0.0420 -0.0116 -0.9991
vn 0.5151 -0.1508 -0.8438
vn -0.1399 -0.4483 -0.8829
vn 0.0138 0.0415 -0.9990
vn 0.1599 0.5101 -0.8451
vn 0.2611 0.8381 -0.4789
vn 0.0138 0.0415 0.9990
vn 0.0009 0.0226 0.9997
vn 0.0463 -0.4858 0.8729
vn -0.1399 -0.4483 0.8829
vn 0.0787 -0.8598 0.5046
vn -0.2559 -0.8175 0.5159
vn 0.0905 -0.9959 -0.0000
vn -0.2988 -0.9543 -0.0000
vn 0.0787 -0.8598 -0.5046
vn -0.2559 -0.8175 -0.5159
vn 0.0463 -0.4858 -0.8729
vn 0.2969 0.9549 -0.0000
vn 0.7331 0.6801 -0.0000
vn 0.2611 0.8381 0.4789
vn -0.0827 0.8698 0.4864
vn -0.0465 0.5187 0.8537
vn 0.1599 0.5101 0.8451
vn -0.0962 0.9954 -0.0000
vn 0.0009 0.0227 -0.9997
vn -0.0465 0.5187 -0.8537
vn -0.0827 0.8698 -0.4864
vn 0.0109 -0.0203 0.9997
vn 0.0308 -0.0315 0.9990
vn -0.3228 0.3402 0.8832
vn -0.1712 0.4566 0.8731
vn -0.3061 0.8071 0.5049
vn -0.3553 0.9348 -0.0000
vn -0.5898 0.6209 -0.5163
vn -0.3061 0.8071 -0.5049
vn -0.3228 0.3402 -0.8832
vn -0.1712 0.4566 -0.8731
vn 0.3070 -0.8181 0.4863
vn 0.6042 -0.6366 0.4792
vn 0.3683 -0.3872 0.8453
vn 0.1857 -0.4868 0.8536
vn 0.3499 -0.9368 -0.0000
vn 0.6882 -0.7255 -0.0000
vn 0.0307 -0.0315 -0.9990
vn 0.0109 -0.0203 -0.9997
vn 0.3683 -0.3872 -0.8453
vn 0.1857 -0.4868 -0.8536
vn 0.6042 -0.6366 -0.4792
vn 0.3070 -0.8181 -0.4863
vn 0.8434 -0.2479 -0.4767
vn 0.3948 0.3646 0.8434
vn 0.0324 0.0289 0.9991
vn -0.6313 -0.5823 0.5122
vn -0.7352 -0.6779 -0.0000
vn -0.3477 -0.3214 0.8808
vn -0.6313 -0.5823 -0.5122
vn 0.6451 0.5977 0.4761
vn -0.1394 0.8660 -0.4802
vn 0.0283 0.9153 -0.4017
vn -0.2508 0.9673 0.0369
vn -0.2364 0.9714 0.0219
vn -0.4573 0.7627 0.4573
vn -0.2668 0.8161 0.5126
vn -0.5433 0.3676 0.7548
vn -0.2253 0.4498 0.8642
vn 0.2061 -0.9778 0.0373
vn 0.1901 -0.9815 0.0206
vn 0.6000 -0.7657 -0.2317
vn 0.4329 -0.8071 -0.4015
vn 0.8444 -0.3308 -0.4213
vn 0.5420 -0.4062 -0.7357
vn 0.8480 0.1989 -0.4913
vn 0.4953 0.1164 -0.8609
vn 0.6097 0.6715 -0.4211
vn 0.3044 0.6050 -0.7357
vn 0.1986 0.9523 -0.2318
vn -0.4939 -0.1157 0.8618
vn -0.1272 -0.0302 0.9914
vn -0.3231 -0.5707 0.7549
vn -0.6358 -0.6394 0.4323
vn -0.2618 -0.9287 0.2625
vn -0.0699 -0.8864 0.4575
vn -0.8476 -0.1971 0.4927
vn -0.2641 0.9643 0.0202
vn -0.6459 0.7170 0.2623
vn -0.8530 0.2926 0.4321
vn 0.1848 -0.9828 -0.0000
vn 0.6610 -0.7504 -0.0000
vn 0.9529 -0.3033 -0.0000
vn 0.9736 0.2281 -0.0000
vn 0.7194 0.6946 -0.0000
vn 0.2610 0.9653 -0.0000
vn -0.3311 -0.9436 -0.0000
vn -0.9741 -0.2260 -0.0000
vn -0.2682 0.9634 -0.0000
vn -0.7139 0.7003 -0.0000
vn -0.9641 0.2654 -0.0000
vn -0.6048 -0.6758 0.4213
vn -0.8466 -0.2046 0.4913
vn -0.4946 -0.1193 0.8609
vn -0.3007 -0.6069 0.7357
vn 0.1330 0.0312 -0.9906
vn 0.2311 -0.4679 -0.8530
vn -0.0032 0.5214 -0.8533
vn 0.0006 -0.5031 0.8642
vn 0.1279 -0.8491 0.5126
vn 0.2247 -0.9742 0.0220
vn 0.2640 -0.8367 -0.4799
vn 0.1986 0.9523 0.2318
vn -0.2641 0.9643 -0.0202
vn -0.6459 0.7169 -0.2623
vn -0.8530 0.2926 -0.4321
vn 0.1901 -0.9815 -0.0206
vn 0.2061 -0.9778 -0.0373
vn 0.4329 -0.8071 0.4015
vn 0.6000 -0.7657 0.2317
vn 0.5420 -0.4062 0.7357
vn 0.8444 -0.3308 0.4213
vn 0.4953 0.1164 0.8609
vn 0.8480 0.1989 0.4913
vn 0.3044 0.6050 0.7357
vn 0.6097 0.6715 0.4211
vn 0.0283 0.9153 0.4017
vn -0.8476 -0.1971 -0.4927
vn -0.6358 -0.6394 -0.4323
vn -0.3231 -0.5707 -0.7549
vn -0.0699 -0.8864 -0.4575
vn -0.2618 -0.9287 -0.2625
vn -0.4939 -0.1157 -0.8618
vn -0.2508 0.9673 -0.0369
vn -0.4573 0.7627 -0.4573
vn -0.5433 0.3676 -0.7548
vn 0.2247 -0.9742 -0.0220
vn 0.2640 -0.8367 0.4799
vn 0.2311 -0.4679 0.8530
vn 0.1330 0.0312 0.9906
vn -0.0032 0.5214 0.8533
vn -0.1394 0.8660 0.4802
vn 0.0006 -0.5031 -0.8642
vn 0.1279 -0.8491 -0.5126
vn -0.1272 -0.0302 -0.9914
vn -0.2364 0.9714 -0.0219
vn -0.2668 0.8161 -0.5126
vn -0.2253 0.4498 -0.8642
vn -0.6679 0.7443 -0.0000
vn -0.6064 0.7607 -0.2318
vn -0.1986 0.9799 0.0203
vn -0.1944 0.9809 -0.0000
vn 0.8455 0.2056 -0.4927
vn 0.9716 0.2367 -0.0000
vn 0.9668 -0.2555 -0.0000
vn 0.8557 -0.2845 -0.4323
vn 0.3220 0.9467 -0.0000
vn 0.2537 0.9310 0.2623
vn 0.6298 0.6454 0.4321
vn 0.7414 0.6711 -0.0000
vn 0.6521 -0.7113 -0.2625
vn 0.7206 -0.6934 -0.0000
vn 0.2776 -0.9607 -0.0000
vn 0.2724 -0.9620 -0.0205
vn -0.7140 -0.7001 -0.0000
vn -0.9720 -0.2351 -0.0000
vn -0.2521 -0.9677 -0.0000
vn -0.1907 -0.9539 0.2317
vn -0.8469 0.3247 0.4211
vn -0.9552 0.2959 -0.0000
vn -0.6063 0.7607 0.2318
vn -0.1986 0.9799 -0.0203
vn 0.2537 0.9310 -0.2623
vn -0.4378 0.8043 -0.4017
vn -0.2121 0.9765 0.0369
vn 0.0644 0.8870 0.4573
vn 0.3193 0.5730 0.7548
vn 0.2568 -0.9658 0.0372
vn 0.2387 -0.9708 0.0220
vn 0.1416 -0.8658 -0.4799
vn -0.0226 -0.9156 -0.4015
vn 0.0047 -0.5218 -0.8531
vn -0.3007 -0.6069 -0.7357
vn -0.1328 -0.0321 -0.9906
vn -0.4946 -0.1193 -0.8609
vn -0.2322 0.4669 -0.8533
vn -0.5445 0.4029 -0.7357
vn -0.2660 0.8359 -0.4802
vn 0.4931 0.1193 0.8618
vn 0.8455 0.2056 0.4927
vn 0.5456 -0.3639 0.7549
vn 0.2263 -0.4494 0.8642
vn 0.2687 -0.8155 0.5126
vn 0.4620 -0.7598 0.4575
vn 0.1272 0.0304 0.9914
vn -0.2270 0.9736 0.0219
vn -0.1299 0.8487 0.5126
vn -0.0017 0.5031 0.8642
vn 0.2387 -0.9708 -0.0220
vn 0.2568 -0.9658 -0.0372
vn -0.0226 -0.9156 0.4015
vn 0.1416 -0.8658 0.4799
vn 0.0047 -0.5218 0.8531
vn -0.1328 -0.0321 0.9906
vn -0.5445 0.4029 0.7357
vn -0.2322 0.4669 0.8533
vn -0.4378 0.8043 0.4017
vn -0.2660 0.8359 0.4802
vn 0.2263 -0.4494 -0.8642
vn 0.5456 -0.3639 -0.7549
vn 0.4620 -0.7598 -0.4575
vn 0.2687 -0.8155 -0.5126
vn 0.1272 0.0304 -0.9914
vn 0.4931 0.1193 -0.8618
vn -0.2121 0.9765 -0.0369
vn -0.2270 0.9736 -0.0219
vn 0.0644 0.8870 -0.4573
vn -0.1299 0.8487 -0.5126
vn 0.3193 0.5730 -0.7548
vn -0.0017 0.5031 -0.8642
vn 0.6298 0.6454 -0.4321
vn 0.6521 -0.7113 0.2625
vn 0.2724 -0.9620 0.0205
vn -0.6048 -0.6758 -0.4213
vn -0.8466 -0.2046 -0.4913
vn -0.1907 -0.9539 -0.2317
vn -0.8469 0.3247 -0.4211
vn 0.8557 -0.2845 0.4323
vn -0.0525 0.4848 0.8730
vn 0.1351 0.4492 0.8832
vn -0.0133 -0.0419 0.9990
vn -0.0006 -0.0229 0.9997
vn -0.1545 -0.5115 0.8453
vn 0.0531 -0.5182 0.8536
vn -0.2528 -0.8405 0.4792
vn 0.0938 -0.8687 0.4864
vn -0.0133 -0.0419 -0.9990
vn -0.0322 -0.0293 -0.9991
vn 0.3446 0.3236 -0.8812
vn 0.1351 0.4492 -0.8832
vn 0.6260 0.5876 -0.5127
vn 0.2471 0.8200 -0.5163
vn 0.7291 0.6845 -0.0000
vn 0.2885 0.9575 -0.0000
vn 0.6260 0.5876 0.5127
vn 0.2471 0.8200 0.5163
vn 0.3446 0.3236 0.8812
vn -0.2877 -0.9577 -0.0000
vn 0.1090 -0.9940 -0.0000
vn -0.2528 -0.8405 -0.4792
vn -0.6411 -0.6014 -0.4767
vn -0.3919 -0.3668 -0.8437
vn -0.1545 -0.5115 -0.8453
vn -0.7291 -0.6844 -0.0000
vn -0.0322 -0.0293 0.9991
vn -0.3919 -0.3668 0.8437
vn -0.6411 -0.6014 0.4767
vn -0.0421 -0.0101 -0.9991
vn 0.4616 0.1115 -0.8800
vn 0.8356 0.2022 -0.5107
vn 0.9719 0.2353 -0.0000
vn 0.8357 0.2022 0.5107
vn 0.4616 0.1115 0.8800
vn -0.8556 -0.2055 -0.4751
vn -0.5234 -0.1259 -0.8427
vn -0.9724 -0.2335 -0.0000
vn -0.0421 -0.0101 0.9991
vn -0.5234 -0.1259 0.8427
vn -0.8556 -0.2055 0.4751
vn -0.6235 -0.5906 -0.5123
vn -0.7261 -0.6876 -0.0000
vn -0.2858 -0.9583 -0.0000
vn -0.2448 -0.8209 -0.5160
vn -0.1032 0.9947 -0.0000
vn -0.0897 0.8585 -0.5049
vn -0.0897 0.8585 0.5049
vn 0.0938 -0.8687 -0.4864
vn 0.0531 -0.5182 -0.8536
vn -0.0006 -0.0229 -0.9997
vn -0.0525 0.4848 -0.8730
vn 0.4551 -0.1302 0.8809
vn -0.0419 0.0112 0.9991
vn -0.5167 0.1475 0.8434
vn -0.8452 0.2428 0.4761
vn -0.0419 0.0112 -0.9991
vn -0.0311 0.0309 -0.9990
vn 0.3267 -0.3372 -0.8829
vn 0.4551 -0.1302 -0.8809
vn 0.5965 -0.6147 -0.5160
vn 0.8259 -0.2355 -0.5122
vn 0.6964 -0.7176 -0.0000
vn 0.9617 -0.2741 -0.0000
vn 0.5965 -0.6147 0.5160
vn 0.8259 -0.2355 0.5122
vn 0.3267 -0.3372 0.8829
vn -0.9610 0.2766 -0.0000
vn -0.8452 0.2428 -0.4761
vn -0.6106 0.6307 -0.4789
vn -0.3725 0.3835 -0.8451
vn -0.5167 0.1475 -0.8434
vn -0.6951 0.7189 -0.0000
vn -0.0311 0.0309 0.9990
vn -0.3725 0.3835 0.8451
vn -0.6106 0.6307 0.4789
vn -0.0110 0.0199 -0.9997
vn 0.1772 -0.4546 -0.8729
vn 0.3165 -0.8032 -0.5047
vn 0.3672 -0.9301 -0.0000
vn 0.3165 -0.8032 0.5047
vn 0.1772 -0.4546 0.8729
vn -0.3175 0.8140 -0.4864
vn -0.1919 0.4842 -0.8537
vn -0.3618 0.9322 -0.0000
vn -0.0110 0.0199 0.9997
vn -0.1919 0.4842 0.8537
vn -0.3175 0.8140 0.4864
vn -0.4609 -0.1144 0.8800
vn -0.4552 0.1278 0.8812
vn 0.0421 -0.0111 0.9991
vn 0.0420 0.0105 0.9991
vn 0.7245 0.6892 -0.0000
vn 0.9703 0.2417 -0.0000
vn 0.8538 0.2127 -0.4751
vn 0.6374 0.6057 -0.4762
vn 0.5224 0.1300 0.8427
vn 0.5171 -0.1443 0.8437
vn 0.8465 -0.2373 0.4766
vn 0.8539 0.2127 0.4751
vn 0.3900 0.3694 -0.8435
vn 0.5224 0.1300 -0.8427
vn 0.0420 0.0105 -0.9991
vn 0.0320 0.0294 -0.9991
vn -0.8345 -0.2068 -0.5107
vn -0.9707 -0.2405 -0.0000
vn -0.4609 -0.1144 -0.8800
vn -0.3433 -0.3258 -0.8809
vn -0.6235 -0.5906 0.5123
vn -0.8345 -0.2068 0.5107
vn -0.3433 -0.3258 0.8809
vn 0.0320 0.0294 0.9991
vn 0.3900 0.3694 0.8435
vn -0.3275 0.3359 0.8831
vn 0.0311 -0.0310 0.9990
vn 0.3735 -0.3822 0.8452
vn 0.6127 -0.6285 0.4791
vn 0.0311 -0.0310 -0.9990
vn 0.0111 -0.0200 -0.9997
vn -0.1776 0.4542 -0.8730
vn -0.3275 0.3359 -0.8831
vn -0.3174 0.8027 -0.5048
vn -0.5981 0.6129 -0.5163
vn -0.3683 0.9297 -0.0000
vn -0.6984 0.7157 -0.0000
vn -0.3174 0.8027 0.5048
vn -0.5981 0.6129 0.5163
vn -0.1776 0.4542 0.8730
vn 0.6978 -0.7163 -0.0000
vn 0.9628 -0.2702 -0.0000
vn 0.6127 -0.6285 -0.4791
vn 0.3185 -0.8136 -0.4864
vn 0.1925 -0.4841 -0.8536
vn 0.3735 -0.3822 -0.8452
vn 0.3630 -0.9318 -0.0000
vn 0.0111 -0.0200 0.9997
vn 0.1925 -0.4841 0.8536
vn 0.3185 -0.8136 0.4864
vn 0.0006 0.0227 -0.9997
vn 0.0133 0.0418 -0.9990
vn -0.1338 -0.4500 -0.8829
vn 0.0531 -0.4850 -0.8729
vn 0.0907 -0.8585 -0.5047
vn 0.1044 -0.9945 -0.0000
vn -0.2448 -0.8209 0.5160
vn 0.0907 -0.8585 0.5047
vn -0.1338 -0.4500 0.8829
vn 0.0531 -0.4850 0.8729
vn -0.0949 0.8686 -0.4864
vn 0.2498 0.8415 -0.4790
vn 0.1530 0.5122 -0.8451
vn -0.0538 0.5180 -0.8537
vn -0.1102 0.9939 -0.0000
vn 0.2841 0.9588 -0.0000
vn 0.0133 0.0418 0.9990
vn 0.0006 0.0227 0.9997
vn 0.1530 0.5122 0.8451
vn -0.0538 0.5180 0.8537
vn 0.2498 0.8415 0.4790
vn -0.0949 0.8686 0.4864
vn 0.6374 0.6057 0.4762
vn 0.5171 -0.1443 -0.8437
vn 0.0421 -0.0111 -0.9991
vn -0.8267 0.2317 -0.5127
vn -0.9629 0.2699 -0.0000
vn -0.4552 0.1278 -0.8812
vn -0.8267 0.2317 0.5127
vn 0.8465 -0.2373 -0.4766
vn 0.2739 -0.8335 0.4799
vn 0.4431 -0.8016 0.4015
vn 0.2184 -0.9751 -0.0372
vn 0.2362 -0.9715 -0.0220
vn -0.0587 -0.8873 -0.4575
vn 0.1379 -0.8475 -0.5126
vn -0.3158 -0.5748 -0.7549
vn 0.0065 -0.5031 -0.8642
vn -0.2630 0.9641 -0.0369
vn -0.2768 0.9607 -0.0203
vn 0.1860 0.9548 0.2317
vn 0.0167 0.9156 0.4017
vn 0.6010 0.6793 0.4212
vn 0.2968 0.6088 0.7357
vn 0.8454 0.2097 0.4913
vn 0.4938 0.1226 0.8609
vn 0.8486 -0.3200 0.4213
vn 0.5471 -0.3994 0.7357
vn 0.6100 -0.7577 0.2318
vn -0.4924 -0.1220 -0.8618
vn -0.1269 -0.0317 -0.9914
vn -0.5479 0.3606 -0.7548
vn -0.8568 0.2813 -0.4321
vn -0.6552 0.7084 -0.2623
vn -0.4668 0.7569 -0.4573
vn -0.8448 -0.2085 -0.4927
vn 0.2030 -0.9790 -0.0205
vn -0.2496 -0.9321 -0.2625
vn -0.6273 -0.6478 -0.4323
vn -0.2811 0.9597 -0.0000
vn 0.2480 0.9688 -0.0000
vn 0.7103 0.7039 -0.0000
vn 0.9706 0.2406 -0.0000
vn 0.9567 -0.2909 -0.0000
vn 0.6710 -0.7415 -0.0000
vn -0.9676 0.2524 -0.0000
vn -0.7231 0.6908 -0.0000
vn -0.9710 -0.2393 -0.0000
vn 0.1979 -0.9802 -0.0000
vn -0.3186 -0.9479 -0.0000
vn -0.7393 -0.6734 -0.0000
vn -0.8500 0.3164 -0.4212
vn -0.8446 -0.2130 -0.4913
vn -0.4933 -0.1243 -0.8609
vn -0.5485 0.3974 -0.7357
vn 0.1326 0.0329 0.9906
vn -0.0095 0.5214 0.8533
vn 0.2366 -0.4650 0.8531
vn -0.2306 0.4472 -0.8642
vn -0.2764 0.8129 -0.5126
vn -0.2478 0.9686 -0.0219
vn -0.1497 0.8643 0.4801
vn 0.6100 -0.7577 -0.2318
vn 0.2030 -0.9790 0.0205
vn -0.2496 -0.9321 0.2625
vn -0.6273 -0.6478 0.4323
vn -0.2768 0.9607 0.0203
vn -0.2630 0.9641 0.0369
vn 0.0167 0.9156 -0.4017
vn 0.1860 0.9548 -0.2317
vn 0.2968 0.6088 -0.7357
vn 0.6010 0.6793 -0.4212
vn 0.4938 0.1226 -0.8609
vn 0.8454 0.2097 -0.4913
vn 0.5470 -0.3994 -0.7357
vn 0.8486 -0.3200 -0.4213
vn 0.4431 -0.8015 -0.4015
vn -0.8448 -0.2085 0.4927
vn -0.8568 0.2813 0.4322
vn -0.5479 0.3606 0.7548
vn -0.4668 0.7569 0.4573
vn -0.6552 0.7084 0.2623
vn -0.4924 -0.1220 0.8618
vn 0.2184 -0.9751 0.0372
vn -0.0587 -0.8873 0.4575
vn -0.3158 -0.5748 0.7549
vn -0.2478 0.9686 0.0219
vn -0.1497 0.8643 -0.4801
vn -0.0095 0.5214 -0.8533
vn 0.1326 0.0329 -0.9906
vn 0.2366 -0.4650 -0.8531
vn 0.2739 -0.8335 -0.4799
vn -0.2306 0.4472 0.8642
vn -0.2764 0.8129 0.5126
vn -0.1269 -0.0317 0.9914
vn 0.2362 -0.9715 0.0220
vn 0.1379 -0.8475 0.5126
vn 0.0065 -0.5031 0.8642
vn -0.2430 -0.9700 -0.0000
vn -0.1815 -0.9557 0.2317
vn 0.2815 -0.9593 -0.0205
vn 0.2864 -0.9581 -0.0000
vn 0.8436 0.2134 0.4927
vn 0.9694 0.2454 -0.0000
vn 0.7352 0.6778 -0.0000
vn 0.6238 0.6512 0.4322
vn 0.7269 -0.6867 -0.0000
vn 0.6587 -0.7051 -0.2625
vn 0.8583 -0.2766 -0.4323
vn 0.9691 -0.2466 -0.0000
vn 0.2449 0.9334 0.2624
vn 0.3132 0.9497 -0.0000
vn -0.2034 0.9791 -0.0000
vn -0.2079 0.9779 0.0203
vn -0.9580 0.2866 -0.0000
vn -0.9696 -0.2446 -0.0000
vn -0.6748 0.7380 -0.0000
vn -0.6136 0.7548 -0.2318
vn -0.5981 -0.6817 -0.4213
vn -0.7072 -0.7071 -0.0000
vn -0.1815 -0.9557 -0.2317
vn 0.2815 -0.9593 0.0204
vn 0.6588 -0.7051 0.2625
vn -0.0135 -0.9157 0.4015
vn 0.2664 -0.9631 -0.0371
vn 0.4695 -0.7552 -0.4574
vn 0.5492 -0.3585 -0.7549
vn -0.2219 0.9744 -0.0370
vn -0.2375 0.9711 -0.0219
vn -0.2750 0.8330 0.4801
vn -0.4459 0.7999 0.4016
vn -0.2372 0.4644 0.8533
vn -0.5485 0.3974 0.7357
vn -0.1325 -0.0334 0.9906
vn -0.4933 -0.1243 0.8609
vn 0.0103 -0.5216 0.8531
vn -0.2946 -0.6098 0.7357
vn 0.1509 -0.8642 0.4800
vn 0.4919 0.1241 -0.8618
vn 0.8436 0.2134 -0.4927
vn 0.3136 0.5761 -0.7548
vn -0.0072 0.5030 -0.8642
vn -0.1390 0.8473 -0.5126
vn 0.0555 0.8875 -0.4574
vn 0.1268 0.0318 -0.9914
vn 0.2492 -0.9682 -0.0219
vn 0.2775 -0.8126 -0.5126
vn 0.2312 -0.4469 -0.8642
vn -0.2375 0.9711 0.0219
vn -0.2219 0.9744 0.0370
vn -0.4459 0.7999 -0.4016
vn -0.2750 0.8330 -0.4801
vn -0.2372 0.4644 -0.8532
vn -0.1325 -0.0334 -0.9906
vn -0.2946 -0.6098 -0.7357
vn 0.0103 -0.5216 -0.8531
vn -0.0135 -0.9157 -0.4016
vn 0.1509 -0.8642 -0.4800
vn -0.0072 0.5030 0.8642
vn 0.3136 0.5761 0.7548
vn 0.0556 0.8875 0.4574
vn -0.1390 0.8473 0.5126
vn 0.1268 0.0318 0.9914
vn 0.4919 0.1241 0.8618
vn 0.2664 -0.9631 0.0371
vn 0.2492 -0.9682 0.0219
vn 0.4695 -0.7552 0.4574
vn 0.2775 -0.8126 0.5126
vn 0.5492 -0.3585 0.7549
vn 0.2312 -0.4469 0.8642
vn 0.8583 -0.2766 0.4323
vn 0.2449 0.9334 -0.2624
vn -0.2079 0.9779 -0.0203
vn -0.8500 0.3164 0.4212
vn -0.8446 -0.2130 0.4913
vn -0.6136 0.7548 0.2318
vn -0.5981 -0.6818 0.4213
vn 0.6238 0.6512 -0.4322
vn 0.1810 -0.4530 -0.8729
vn 0.3297 -0.3341 -0.8830
vn -0.0314 0.0307 -0.9990
vn -0.0112 0.0198 -0.9997
vn -0.3759 0.3800 -0.8451
vn -0.1960 0.4825 -0.8537
vn -0.6163 0.6251 -0.4790
vn -0.3245 0.8112 -0.4864
vn -0.0314 0.0307 0.9990
vn -0.0421 0.0108 0.9991
vn 0.4562 -0.1258 0.8809
vn 0.3297 -0.3341 0.8830
vn 0.8280 -0.2276 0.5124
vn 0.6020 -0.6093 0.5161
vn 0.9642 -0.2650 -0.0000
vn 0.7029 -0.7113 -0.0000
vn 0.8280 -0.2276 -0.5124
vn 0.6020 -0.6093 -0.5161
vn 0.4562 -0.1258 -0.8809
vn -0.7018 0.7124 -0.0000
vn -0.3699 0.9291 -0.0000
vn -0.6163 0.6251 0.4790
vn -0.8475 0.2343 0.4762
vn -0.5180 0.1424 0.8435
vn -0.3759 0.3800 0.8451
vn -0.9637 0.2670 -0.0000
vn -0.0421 0.0108 -0.9991
vn -0.5180 0.1424 -0.8435
vn -0.8475 0.2343 -0.4762
vn -0.0420 -0.0105 0.9991
vn 0.4605 0.1161 0.8800
vn 0.8336 0.2103 0.5107
vn 0.9696 0.2447 -0.0000
vn 0.8336 0.2103 -0.5107
vn 0.4605 0.1161 -0.8800
vn -0.8534 -0.2145 0.4751
vn -0.5220 -0.1313 0.8428
vn -0.9698 -0.2437 -0.0000
vn -0.0420 -0.0105 -0.9991
vn -0.5220 -0.1313 -0.8428
vn -0.8534 -0.2145 -0.4751
vn -0.8284 0.2259 0.5126
vn -0.9648 0.2631 -0.0000
vn -0.7038 0.7104 -0.0000
vn -0.6028 0.6084 0.5162
vn 0.3752 -0.9270 -0.0000
vn 0.3234 -0.8004 0.5047
vn 0.3234 -0.8004 -0.5047
vn -0.3245 0.8112 0.4864
vn -0.1960 0.4825 0.8537
vn -0.0112 0.0198 0.9997
vn 0.1810 -0.4530 0.8729
vn 0.3415 0.3270 -0.8811
vn -0.0319 -0.0296 -0.9991
vn -0.3883 -0.3707 -0.8437
vn -0.6351 -0.6078 -0.4766
vn -0.0319 -0.0296 0.9991
vn -0.0129 -0.0420 0.9990
vn 0.1310 0.4506 0.8831
vn 0.3416 0.3270 0.8811
vn 0.2396 0.8222 0.5162
vn 0.6204 0.5935 0.5127
vn 0.2798 0.9601 -0.0000
vn 0.7226 0.6913 -0.0000
vn 0.2396 0.8222 -0.5162
vn 0.6204 0.5935 -0.5127
vn 0.1310 0.4506 -0.8831
vn -0.7222 -0.6917 -0.0000
vn -0.6351 -0.6078 0.4766
vn -0.2450 -0.8428 0.4791
vn -0.1498 -0.5130 0.8452
vn -0.3883 -0.3707 0.8437
vn -0.2788 -0.9604 -0.0000
vn -0.0129 -0.0419 -0.9990
vn -0.1498 -0.5129 -0.8452
vn -0.2450 -0.8428 -0.4792
vn -0.0004 -0.0229 0.9997
vn -0.0567 0.4844 0.8730
vn -0.0971 0.8578 0.5048
vn -0.1117 0.9937 -0.0000
vn -0.0971 0.8578 -0.5048
vn -0.0567 0.4844 -0.8730
vn 0.1013 -0.8679 0.4864
vn 0.0576 -0.5177 0.8536
vn 0.1176 -0.9931 -0.0000
vn -0.0004 -0.0229 -0.9997
vn 0.0576 -0.5177 -0.8536
vn 0.1013 -0.8679 -0.4864
vn -0.4601 -0.1174 -0.8800
vn -0.3410 -0.3280 -0.8810
vn 0.0318 0.0296 -0.9991
vn 0.0419 0.0107 -0.9991
vn 0.9645 -0.2640 -0.0000
vn 0.9689 0.2476 -0.0000
vn 0.8526 0.2178 0.4751
vn 0.8481 -0.2317 0.4765
vn 0.5215 0.1332 -0.8428
vn 0.3874 0.3720 -0.8435
vn 0.6334 0.6099 -0.4763
vn 0.8526 0.2178 -0.4751
vn 0.5182 -0.1409 0.8436
vn 0.5216 0.1332 0.8428
vn 0.0419 0.0107 0.9991
vn 0.0421 -0.0108 0.9991
vn -0.8331 -0.2125 0.5107
vn -0.9690 -0.2471 -0.0000
vn -0.4601 -0.1174 0.8800
vn -0.4562 0.1247 0.8811
vn -0.8284 0.2259 -0.5126
vn -0.8331 -0.2125 -0.5107
vn -0.4562 0.1247 -0.8811
vn 0.0421 -0.0108 -0.9991
vn 0.5182 -0.1409 -0.8436
vn -0.1304 -0.4509 -0.8830
vn 0.0129 0.0419 -0.9990
vn 0.1491 0.5133 -0.8452
vn 0.2436 0.8433 -0.4790
vn 0.0129 0.0419 0.9990
vn 0.0004 0.0228 0.9997
vn 0.0569 -0.4845 0.8729
vn -0.1304 -0.4509 0.8830
vn 0.0975 -0.8577 0.5047
vn -0.2386 -0.8226 0.5161
vn 0.1123 -0.9937 -0.0000
vn -0.2785 -0.9604 -0.0000
vn 0.0975 -0.8577 -0.5047
vn -0.2386 -0.8226 -0.5161
vn 0.0569 -0.4845 -0.8729
vn 0.2771 0.9608 -0.0000
vn 0.7200 0.6939 -0.0000
vn 0.2436 0.8433 0.4790
vn -0.1018 0.8678 0.4864
vn -0.0579 0.5176 0.8536
vn 0.1491 0.5133 0.8452
vn -0.1181 0.9930 -0.0000
vn 0.0004 0.0228 -0.9997
vn -0.0579 0.5176 -0.8536
vn -0.1018 0.8678 -0.4864
vn 0.0113 -0.0199 0.9997
vn 0.0314 -0.0307 0.9990
vn -0.3301 0.3336 0.8831
vn -0.1813 0.4528 0.8730
vn -0.3238 0.8002 0.5048
vn -0.3757 0.9267 -0.0000
vn -0.6028 0.6084 -0.5162
vn -0.3238 0.8002 -0.5048
vn -0.3301 0.3336 -0.8831
vn -0.1813 0.4528 -0.8730
vn 0.3249 -0.8111 0.4864
vn 0.6173 -0.6240 0.4791
vn 0.3764 -0.3794 0.8452
vn 0.1963 -0.4825 0.8536
vn 0.3704 -0.9289 -0.0000
vn 0.7030 -0.7112 -0.0000
vn 0.0314 -0.0307 -0.9990
vn 0.0113 -0.0199 -0.9997
vn 0.3764 -0.3794 -0.8452
vn 0.1963 -0.4825 -0.8536
vn 0.6173 -0.6240 -0.4791
vn 0.3249 -0.8111 -0.4864
vn 0.8481 -0.2317 -0.4765
vn 0.3874 0.3720 0.8435
vn 0.0318 0.0296 0.9991
vn -0.6193 -0.5949 0.5124
vn -0.7212 -0.6928 -0.0000
vn -0.3410 -0.3280 0.8810
vn -0.6193 -0.5949 -0.5124
vn 0.6334 0.6099 0.4763
vn -0.1547 0.8635 -0.4801
vn 0.0107 0.9157 -0.4016
vn -0.2693 0.9623 0.0370
vn -0.2534 0.9671 0.0219
vn -0.4718 0.7538 0.4574
vn -0.2811 0.8113 0.5126
vn -0.5503 0.3570 0.7548
vn -0.2332 0.4458 0.8642
vn 0.2248 -0.9737 0.0371
vn 0.2100 -0.9775 0.0204
vn 0.6153 -0.7535 -0.2318
vn 0.4483 -0.7986 -0.4016
vn 0.8508 -0.3142 -0.4213
vn 0.5497 -0.3958 -0.7357
vn 0.8440 0.2153 -0.4913
vn 0.4929 0.1258 -0.8609
vn 0.5964 0.6833 -0.4212
vn 0.2928 0.6107 -0.7357
vn 0.1794 0.9561 -0.2317
vn -0.4915 -0.1253 0.8618
vn -0.1267 -0.0324 0.9914
vn -0.3120 -0.5769 0.7549
vn -0.6226 -0.6523 0.4323
vn -0.2429 -0.9339 0.2625
vn -0.0529 -0.8877 0.4575
vn -0.8433 -0.2147 0.4927
vn -0.2836 0.9587 0.0204
vn -0.6602 0.7037 0.2624
vn -0.8588 0.2750 0.4322
vn 0.2051 -0.9787 -0.0000
vn 0.6762 -0.7367 -0.0000
vn 0.9587 -0.2844 -0.0000
vn 0.9690 0.2471 -0.0000
vn 0.7055 0.7087 -0.0000
vn 0.2411 0.9705 -0.0000
vn -0.7342 -0.6789 -0.0000
vn -0.3116 -0.9502 -0.0000
vn -0.9691 -0.2466 -0.0000
vn -0.2881 0.9576 -0.0000
vn -0.7281 0.6855 -0.0000
vn -0.9695 0.2452 -0.0000
vn -0.5956 -0.6840 0.4212
vn -0.8437 -0.2162 0.4913
vn -0.4928 -0.1263 0.8609
vn -0.2922 -0.6110 0.7357
vn 0.1324 0.0338 -0.9906
vn 0.2393 -0.4635 -0.8532
vn -0.0125 0.5214 -0.8532
vn 0.0094 -0.5030 0.8642
vn 0.1428 -0.8467 0.5126
vn 0.2418 -0.9701 0.0219
vn 0.2787 -0.8318 -0.4800
vn 0.1794 0.9561 0.2317
vn -0.2836 0.9587 -0.0204
vn -0.6602 0.7037 -0.2624
vn -0.8588 0.2750 -0.4322
vn 0.2100 -0.9775 -0.0204
vn 0.2248 -0.9737 -0.0371
vn 0.4483 -0.7986 0.4016
vn 0.6153 -0.7535 0.2317
vn 0.5497 -0.3958 0.7357
vn 0.8508 -0.3142 0.4213
vn 0.4929 0.1258 0.8609
vn 0.8440 0.2153 0.4913
vn 0.2928 0.6107 0.7357
vn 0.5964 0.6833 0.4212
vn 0.0107 0.9157 0.4016
vn -0.8433 -0.2147 -0.4927
vn -0.6226 -0.6523 -0.4323
vn -0.3120 -0.5769 -0.7549
vn -0.0529 -0.8877 -0.4575
vn -0.2429 -0.9339 -0.2625
vn -0.4915 -0.1253 -0.8618
vn -0.2693 0.9623 -0.0370
vn -0.4718 0.7538 -0.4574
vn -0.5503 0.3570 -0.7548
vn 0.2418 -0.9701 -0.0219
vn 0.2787 -0.8318 0.4800
vn 0.2393 -0.4635 0.8532
vn 0.1324 0.0338 0.9906
vn -0.0125 0.5214 0.8532
vn -0.1547 0.8635 0.4801
vn 0.0094 -0.5030 -0.8642
vn 0.1428 -0.8467 -0.5126
vn -0.1267 -0.0324 -0.9914
vn -0.2534 0.9671 -0.0219
vn -0.2811 0.8113 -0.5126
vn -0.2332 0.4458 -0.8642
vn -0.6773 0.7357 -0.0000
vn -0.6162 0.7527 -0.2317
vn -0.2113 0.9772 0.0204
vn -0.2066 0.9784 -0.0000
vn 0.8429 0.2161 -0.4927
vn 0.9687 0.2483 -0.0000
vn 0.9699 -0.2436 -0.0000
vn 0.8592 -0.2737 -0.4322
vn 0.3101 0.9507 -0.0000
vn 0.2416 0.9342 0.2624
vn 0.6216 0.6533 0.4322
vn 0.7331 0.6802 -0.0000
vn 0.6612 -0.7028 -0.2624
vn 0.7292 -0.6843 -0.0000
vn 0.2896 -0.9571 -0.0000
vn 0.2849 -0.9583 -0.0204
vn -0.7046 -0.7096 -0.0000
vn -0.9687 -0.2483 -0.0000
vn -0.2398 -0.9708 -0.0000
vn -0.1781 -0.9563 0.2317
vn -0.8512 0.3132 0.4212
vn -0.9591 0.2832 -0.0000
vn -0.6162 0.7527 0.2317
vn -0.2113 0.9772 -0.0204
vn 0.2416 0.9342 -0.2624
vn -0.4491 0.7982 -0.4016
vn -0.2258 0.9735 0.0371
vn 0.0520 0.8877 0.4574
vn 0.3114 0.5773 0.7549
vn 0.2703 -0.9621 0.0371
vn 0.2538 -0.9670 0.0219
vn 0.1550 -0.8634 -0.4800
vn -0.0098 -0.9158 -0.4016
vn 0.0127 -0.5215 -0.8532
vn -0.2922 -0.6110 -0.7357
vn -0.1323 -0.0339 -0.9906
vn -0.4928 -0.1263 -0.8609
vn -0.2395 0.4634 -0.8532
vn -0.5500 0.3952 -0.7357
vn -0.2790 0.8317 -0.4801
vn 0.4914 0.1259 0.8618
vn 0.8429 0.2161 0.4927
vn 0.5506 -0.3563 0.7549
vn 0.2333 -0.4458 0.8642
vn 0.2814 -0.8112 0.5126
vn 0.4726 -0.7533 0.4574
vn 0.1267 0.0324 0.9914
vn -0.2422 0.9700 0.0219
vn -0.1431 0.8466 0.5126
vn -0.0096 0.5030 0.8642
vn 0.2538 -0.9670 -0.0219
vn 0.2703 -0.9621 -0.0371
vn -0.0098 -0.9158 0.4016
vn 0.1550 -0.8634 0.4800
vn 0.0127 -0.5215 0.8532
vn -0.1323 -0.0339 0.9906
vn -0.5500 0.3952 0.7357
vn -0.2395 0.4634 0.8532
vn -0.4491 0.7982 0.4016
vn -0.2790 0.8317 0.4801
vn 0.2333 -0.4457 -0.8642
vn 0.5506 -0.3563 -0.7549
vn 0.4726 -0.7533 -0.4574
vn 0.2814 -0.8112 -0.5126
vn 0.1267 0.0324 -0.9914
vn 0.4914 0.1259 -0.8618
vn -0.2258 0.9735 -0.0371
vn -0.2422 0.9700 -0.0219
vn 0.0520 0.8877 -0.4574
vn -0.1431 0.8466 -0.5126
vn 0.3114 0.5773 -0.7549
vn -0.0096 0.5030 -0.8642
vn 0.6216 0.6533 -0.4322
vn 0.6612 -0.7028 0.2624
vn 0.2849 -0.9584 0.0204
vn -0.5956 -0.6840 -0.4212
vn -0.8437 -0.2162 -0.4913
vn -0.1781 -0.9563 -0.2317
vn -0.8512 0.3132 -0.4212
vn 0.8592 -0.2737 0.4322
vn 0.0003 0.8670 0.4983
vn 0.0002 0.5017 0.8650
vn -0.0002 -0.5018 0.8650
vn -0.0002 -0.5018 -0.8650
vn 0.0002 0.5017 -0.8650
vn 0.0004 0.8670 -0.4983
vt 0.747709 0.557174
vt 0.992073 0.557174
vt 0.992073 0.602253
vt 0.747709 0.602253
vt 0.856654 0.410776
vt 0.856654 0.277715
vt 0.881217 0.277715
vt 0.881217 0.410776
vt 0.149687 0.407676
vt 0.406550 0.407245
vt 0.430846 0.431819
vt 0.125126 0.431987
vt 0.156891 0.399069
vt 0.156891 0.157691
vt 0.398270 0.157691
vt 0.398270 0.399069
vt 0.552505 0.410776
vt 0.552505 0.277715
vt 0.615567 0.277715
vt 0.615567 0.410776
vt 0.049864 0.051521
vt 0.050333 0.504025
vt 0.011666 0.542223
vt 0.011666 0.012945
vt 0.009649 0.557174
vt 0.254013 0.557174
vt 0.254013 0.602253
vt 0.009649 0.602253
vt 0.255669 0.557174
vt 0.500033 0.557174
vt 0.500033 0.602253
vt 0.255669 0.602253
vt 0.552505 0.545334
vt 0.552505 0.412273
vt 0.615567 0.412273
vt 0.615567 0.545334
vt 0.685650 0.412273
vt 0.685650 0.545334
vt 0.406196 0.149589
vt 0.430846 0.125287
vt 0.148270 0.149455
vt 0.123809 0.124760
vt 0.552505 0.276217
vt 0.552505 0.143156
vt 0.615567 0.143156
vt 0.615567 0.276217
vt 0.685650 0.143156
vt 0.685650 0.276217
vt 0.615567 0.141659
vt 0.615567 0.008599
vt 0.685650 0.008599
vt 0.685650 0.141659
vt 0.731868 0.008599
vt 0.731868 0.141659
vt 0.769146 0.008599
vt 0.769146 0.141659
vt 0.801188 0.008599
vt 0.801188 0.141659
vt 0.829920 0.008599
vt 0.829920 0.141659
vt 0.503240 0.504314
vt 0.541642 0.543047
vt 0.731868 0.412273
vt 0.731868 0.545334
vt 0.769146 0.412273
vt 0.769146 0.545334
vt 0.801188 0.412273
vt 0.801188 0.545334
vt 0.829920 0.412273
vt 0.829920 0.545334
vt 0.856654 0.412273
vt 0.856654 0.545334
vt 0.856654 0.008599
vt 0.856654 0.141659
vt 0.501345 0.050950
vt 0.539909 0.012732
vt 0.731868 0.143156
vt 0.731868 0.276217
vt 0.769146 0.143156
vt 0.769146 0.276217
vt 0.801188 0.143156
vt 0.801188 0.276217
vt 0.829920 0.143156
vt 0.829920 0.276217
vt 0.856654 0.143156
vt 0.856654 0.276217
vt 0.500357 0.673809
vt 0.257132 0.673809
vt 0.257132 0.634254
vt 0.500357 0.634255
vt 0.685650 0.277715
vt 0.685650 0.410776
vt 0.731868 0.277715
vt 0.731868 0.410776
vt 0.769146 0.277715
vt 0.769146 0.410776
vt 0.801188 0.277715
vt 0.801188 0.410776
vt 0.829920 0.277715
vt 0.829920 0.410776
vt 0.111104 0.443426
vt 0.442661 0.443401
vt 0.489335 0.490490
vt 0.064070 0.489823
vt 0.881217 0.008599
vt 0.881217 0.141659
vt 0.881217 0.412273
vt 0.881217 0.545334
vt 0.881217 0.143156
vt 0.881217 0.276217
vt 0.992438 0.673809
vt 0.749213 0.673809
vt 0.749213 0.634255
vt 0.992438 0.634255
vt 0.746397 0.673809
vt 0.503173 0.673809
vt 0.503173 0.634254
vt 0.746397 0.634255
vt 0.254316 0.673809
vt 0.011092 0.673809
vt 0.011092 0.634254
vt 0.254316 0.634254
vt 0.889972 0.140997
vt 0.889972 0.008462
vt 0.902589 0.008462
vt 0.902589 0.140997
vt 0.889972 0.544791
vt 0.889972 0.412256
vt 0.902589 0.412256
vt 0.902589 0.544791
vt 0.889972 0.275595
vt 0.889972 0.143060
vt 0.902589 0.143060
vt 0.902589 0.275595
vt 0.674066 0.986648
vt 0.508235 0.986648
vt 0.578127 0.883577
vt 0.604175 0.883577
vt 0.612530 0.883225
vt 0.778362 0.883225
vt 0.708470 0.986295
vt 0.682422 0.986295
vt 0.825061 0.882424
vt 0.990892 0.882424
vt 0.921000 0.985495
vt 0.894953 0.985495
vt 0.884753 0.985666
vt 0.718922 0.985666
vt 0.788814 0.882596
vt 0.814862 0.882596
vt 0.440699 0.111448
vt 0.110450 0.112186
vt 0.064070 0.065298
vt 0.487577 0.065031
vt 0.747432 0.626748
vt 0.505585 0.626748
vt 0.505585 0.610342
vt 0.747432 0.610342
vt 0.889972 0.410193
vt 0.889972 0.277658
vt 0.902589 0.277658
vt 0.902589 0.410193
vt 0.906717 0.456752
vt 0.995139 0.456752
vt 0.995139 0.545174
vt 0.906717 0.545174
vt 0.257717 0.626748
vt 0.015872 0.626748
vt 0.015872 0.610342
vt 0.257717 0.610342
vt 0.992289 0.626748
vt 0.750443 0.626748
vt 0.750443 0.610342
vt 0.992289 0.610342
vt 0.502573 0.626748
vt 0.260728 0.626748
vt 0.260728 0.610342
vt 0.502573 0.610342
vt 0.552505 0.141659
vt 0.552505 0.008599
vt 0.746053 0.557174
vt 0.746881 0.555739
vt 0.992901 0.555739
vt 0.993729 0.557174
vt 0.501689 0.557174
vt 0.500861 0.555739
vt 0.254841 0.555739
vt 0.996631 0.227341
vt 0.963582 0.236595
vt 0.963663 0.217804
vt 0.996806 0.204889
vt 0.963734 0.214739
vt 0.963504 0.195847
vt 0.964131 0.192081
vt 0.963721 0.173238
vt 0.997026 0.181939
vt 0.997599 0.108911
vt 0.965337 0.119490
vt 0.964602 0.100915
vt 0.996608 0.136953
vt 0.997302 0.156762
vt 0.964436 0.147995
vt 0.996626 0.160359
vt 0.997304 0.180436
vt 0.964009 0.171512
vt 0.994794 0.087712
vt 0.965348 0.098685
vt 0.964230 0.080405
vt 0.964033 0.169578
vt 0.963303 0.149515
vt 0.996600 0.158349
vt 0.255724 0.676248
vt 0.009684 0.676248
vt 0.008276 0.673809
vt 0.501765 0.676248
vt 0.747805 0.676248
vt 0.501765 0.631816
vt 0.935595 0.018998
vt 0.936550 0.005656
vt 0.945721 0.005656
vt 0.946675 0.018998
vt 0.008276 0.634254
vt 0.009684 0.631815
vt 0.907767 0.018998
vt 0.908722 0.005655
vt 0.917892 0.005656
vt 0.918847 0.018998
vt 0.969686 0.750206
vt 0.980616 0.771792
vt 0.953834 0.771792
vt 0.954413 0.778558
vt 0.930218 0.778558
vt 0.942316 0.754664
vt 0.972357 0.079305
vt 0.962983 0.056085
vt 0.990599 0.058438
vt 0.989727 0.137538
vt 0.963465 0.146400
vt 0.971867 0.119987
vt 0.921681 0.018998
vt 0.922636 0.005656
vt 0.931807 0.005656
vt 0.932761 0.018998
vt 0.255724 0.631815
vt 0.960589 0.018998
vt 0.949509 0.018998
vt 0.950463 0.005656
vt 0.959634 0.005656
vt 0.747805 0.631816
vt 0.997949 0.205824
vt 0.998194 0.226547
vt 0.963705 0.216591
vt 0.997590 0.203873
vt 0.964003 0.194140
vt 0.997371 0.183686
vt 0.997142 0.107390
vt 0.966077 0.099862
vt 0.996126 0.088963
vt 0.886551 0.411224
vt 0.990175 0.136763
vt 0.972361 0.118682
vt 0.999037 0.110217
vt 0.964993 0.756292
vt 0.935775 0.754043
vt 0.935775 0.734016
vt 0.964993 0.731766
vt 0.956714 0.732304
vt 0.936689 0.732304
vt 0.934438 0.703086
vt 0.958965 0.703086
vt 0.983505 0.008684
vt 0.983505 0.036670
vt 0.960881 0.020195
vt 0.914299 0.736424
vt 0.934325 0.736424
vt 0.936576 0.765641
vt 0.912050 0.765641
vt 0.979139 0.714611
vt 0.979139 0.741653
vt 0.957280 0.725734
vt 0.914299 0.703086
vt 0.934325 0.703086
vt 0.936576 0.732304
vt 0.912048 0.732304
vt 0.973378 0.080984
vt 0.991734 0.059859
vt 0.998005 0.087133
vt 0.155255 0.399069
vt 0.155255 0.157691
vt 0.398270 0.400705
vt 0.156891 0.400705
vt 0.399906 0.157691
vt 0.399906 0.399069
vt 0.156891 0.156055
vt 0.398270 0.156055
vt 0.054079 0.058443
vt 0.054436 0.497008
vt 0.494426 0.055153
vt 0.056848 0.055605
vt 0.499002 0.497351
vt 0.497248 0.057978
vt 0.057290 0.499812
vt 0.496176 0.500184
vt 0.155642 0.404128
vt 0.400527 0.403824
vt 0.402988 0.401286
vt 0.402753 0.155651
vt 0.400198 0.153149
vt 0.154380 0.152923
vt 0.151856 0.155455
vt 0.153121 0.401606
vt 0.552505 0.007101
vt 0.615567 0.007101
vt 0.856654 0.007101
vt 0.881217 0.007101
vt 0.829920 0.007101
vt 0.801188 0.007101
vt 0.769146 0.007101
vt 0.731868 0.007101
vt 0.685650 0.007101
vt 0.430848 0.435359
vt 0.125128 0.435527
vt 0.434395 0.125287
vt 0.434395 0.431819
vt 0.123815 0.121205
vt 0.430852 0.121732
vt 0.121568 0.432002
vt 0.120252 0.124776
vt 0.949509 0.452784
vt 0.960589 0.452784
vt 0.932761 0.452788
vt 0.921681 0.452788
vt 0.489327 0.495414
vt 0.064063 0.494747
vt 0.492503 0.065011
vt 0.494261 0.490470
vt 0.064067 0.060394
vt 0.487574 0.060128
vt 0.059155 0.489823
vt 0.059155 0.065298
vt 0.907767 0.452788
vt 0.918847 0.452788
vt 0.946675 0.452788
vt 0.935595 0.452788
vt 0.963129 0.344135
vt 0.963129 0.239501
vt 0.976827 0.243015
vt 0.976827 0.340622
vt 0.963129 0.452038
vt 0.963129 0.347404
vt 0.976827 0.350917
vt 0.976827 0.448524
vt 0.993796 0.347404
vt 0.993796 0.452038
vt 0.980096 0.448524
vt 0.980096 0.350917
vt 0.993796 0.239501
vt 0.993796 0.344135
vt 0.980096 0.340622
vt 0.980096 0.243015
vt 0.610880 0.879757
vt 0.780012 0.879757
vt 0.823411 0.878957
vt 0.992542 0.878957
vt 0.115425 0.120464
vt 0.115905 0.435001
vt 0.432425 0.116405
vt 0.118824 0.116958
vt 0.437653 0.435066
vt 0.435908 0.119887
vt 0.119434 0.438453
vt 0.434169 0.438566
vt 0.886403 0.989134
vt 0.717272 0.989134
vt 0.675716 0.990116
vt 0.506585 0.990116
vt 0.889972 0.006399
vt 0.902589 0.006399
vt 0.501689 0.602253
vt 0.746053 0.602253
vt 0.744961 0.604417
vt 0.502781 0.604417
vt 0.006508 0.543570
vt 0.006508 0.011598
vt 0.990981 0.604417
vt 0.748801 0.604417
vt 0.012860 0.626748
vt 0.012860 0.610342
vt 0.010320 0.007797
vt 0.541251 0.007584
vt 0.252921 0.604417
vt 0.010741 0.604417
vt 0.545072 0.011366
vt 0.546815 0.544380
vt 0.498941 0.604417
vt 0.256761 0.604417
vt 0.542983 0.548214
vt 0.010310 0.547386
vt 0.993729 0.602253
vt 0.673456 0.729884
vt 0.660091 0.743367
vt 0.646908 0.729382
vt 0.660575 0.715714
vt 0.646014 0.754999
vt 0.633914 0.742376
vt 0.632923 0.716199
vt 0.646406 0.702834
vt 0.621291 0.730277
vt 0.695987 0.730457
vt 0.687333 0.743625
vt 0.688017 0.716862
vt 0.673440 0.758416
vt 0.657127 0.770346
vt 0.642542 0.776616
vt 0.633016 0.765567
vt 0.622078 0.754212
vt 0.610723 0.743274
vt 0.599675 0.733749
vt 0.605944 0.719163
vt 0.617873 0.702851
vt 0.632664 0.688957
vt 0.659427 0.688272
vt 0.645833 0.680303
vt 0.674960 0.701330
vt 0.552943 0.702835
vt 0.566426 0.716200
vt 0.552441 0.729383
vt 0.538774 0.715716
vt 0.578058 0.730277
vt 0.565435 0.742376
vt 0.539259 0.743367
vt 0.525894 0.729885
vt 0.553336 0.754999
vt 0.553516 0.680305
vt 0.566685 0.688958
vt 0.539922 0.688274
vt 0.581475 0.702852
vt 0.593405 0.719163
vt 0.588626 0.743275
vt 0.577271 0.754212
vt 0.566334 0.765567
vt 0.556808 0.776616
vt 0.542222 0.770346
vt 0.525910 0.758417
vt 0.512017 0.743626
vt 0.511332 0.716864
vt 0.503363 0.730458
vt 0.524390 0.701331
vt 0.525894 0.823348
vt 0.539259 0.809865
vt 0.552442 0.823850
vt 0.538774 0.837517
vt 0.553336 0.798233
vt 0.565435 0.810856
vt 0.566427 0.837032
vt 0.552944 0.850397
vt 0.578058 0.822955
vt 0.503363 0.822775
vt 0.512017 0.809606
vt 0.511333 0.836369
vt 0.525910 0.794815
vt 0.542222 0.782885
vt 0.566334 0.787664
vt 0.577272 0.799019
vt 0.588627 0.809957
vt 0.599675 0.819483
vt 0.593406 0.834068
vt 0.581476 0.850381
vt 0.566686 0.864274
vt 0.539923 0.864959
vt 0.553517 0.872928
vt 0.524390 0.851902
vt 0.646407 0.850396
vt 0.632924 0.837031
vt 0.646909 0.823849
vt 0.660576 0.837516
vt 0.621292 0.822954
vt 0.633915 0.810855
vt 0.660091 0.809864
vt 0.673456 0.823347
vt 0.646014 0.798232
vt 0.645834 0.872927
vt 0.632665 0.864273
vt 0.659428 0.864958
vt 0.617875 0.850380
vt 0.605945 0.834068
vt 0.610724 0.809957
vt 0.622078 0.799019
vt 0.633016 0.787664
vt 0.657127 0.782885
vt 0.673439 0.794815
vt 0.687333 0.809605
vt 0.688018 0.836367
vt 0.695987 0.822773
vt 0.674960 0.851900
vt 0.730748 0.752396
vt 0.745672 0.766765
vt 0.730284 0.781672
vt 0.715376 0.766284
vt 0.759560 0.782137
vt 0.745192 0.797060
vt 0.714896 0.796580
vt 0.701008 0.781208
vt 0.729820 0.810948
vt 0.731130 0.728336
vt 0.745186 0.737332
vt 0.716795 0.736881
vt 0.761353 0.751573
vt 0.775075 0.768184
vt 0.783621 0.782518
vt 0.774625 0.796574
vt 0.760384 0.812742
vt 0.743773 0.826464
vt 0.729438 0.835009
vt 0.715382 0.826013
vt 0.699215 0.811772
vt 0.685493 0.795161
vt 0.685943 0.766771
vt 0.676947 0.780827
vt 0.700184 0.750603
vt 0.577593 0.776616
vt 0.588396 0.765337
vt 0.599675 0.776616
vt 0.588396 0.787895
vt 0.599675 0.754534
vt 0.610954 0.765337
vt 0.610954 0.787895
vt 0.599675 0.798698
vt 0.621757 0.776616
vt 0.252411 0.807275
vt 0.206687 0.807275
vt 0.206687 0.795614
vt 0.252411 0.795614
vt 0.298135 0.760632
vt 0.252411 0.760632
vt 0.252411 0.748972
vt 0.298135 0.748972
vt 0.252411 0.783953
vt 0.206687 0.783953
vt 0.206687 0.772293
vt 0.252411 0.772293
vt 0.298135 0.737311
vt 0.252411 0.737311
vt 0.252411 0.725650
vt 0.298135 0.725650
vt 0.298135 0.702329
vt 0.252411 0.702329
vt 0.252411 0.690668
vt 0.298135 0.690668
vt 0.252411 0.713990
vt 0.298135 0.713990
vt 0.298135 0.818935
vt 0.252411 0.818935
vt 0.298135 0.807275
vt 0.252411 0.830596
vt 0.298135 0.830596
vt 0.298135 0.795614
vt 0.298135 0.783953
vt 0.160963 0.807275
vt 0.160963 0.795614
vt 0.160963 0.783953
vt 0.160963 0.772293
vt 0.160963 0.725650
vt 0.115239 0.725650
vt 0.115239 0.713990
vt 0.160963 0.713990
vt 0.115239 0.702329
vt 0.160963 0.702329
vt 0.115239 0.690668
vt 0.160963 0.690668
vt 0.115239 0.830596
vt 0.115239 0.818935
vt 0.160963 0.818935
vt 0.160963 0.830596
vt 0.115239 0.807275
vt 0.160963 0.760632
vt 0.206687 0.760632
vt 0.160963 0.748972
vt 0.115239 0.748972
vt 0.115239 0.737311
vt 0.160963 0.737311
vt 0.115239 0.760632
vt 0.115239 0.795614
vt 0.115239 0.783953
vt 0.115239 0.772293
vt 0.389584 0.725650
vt 0.343860 0.725650
vt 0.343860 0.713990
vt 0.389584 0.713990
vt 0.343860 0.702329
vt 0.389584 0.702329
vt 0.343860 0.690668
vt 0.389584 0.690668
vt 0.343860 0.830596
vt 0.343860 0.818935
vt 0.389584 0.818935
vt 0.389584 0.830596
vt 0.343860 0.807275
vt 0.389584 0.807275
vt 0.389584 0.748972
vt 0.343860 0.748972
vt 0.343860 0.737311
vt 0.389584 0.737311
vt 0.389584 0.760632
vt 0.343860 0.760632
vt 0.495783 0.725650
vt 0.495783 0.737311
vt 0.009040 0.830596
vt 0.009040 0.818935
vt 0.495783 0.818935
vt 0.495783 0.830596
vt 0.009040 0.772293
vt 0.009040 0.760632
vt 0.389584 0.795614
vt 0.389584 0.783953
vt 0.495783 0.783953
vt 0.495783 0.795614
vt 0.009040 0.795614
vt 0.009040 0.783953
vt 0.389584 0.772293
vt 0.495783 0.760632
vt 0.495783 0.772293
vt 0.495783 0.713990
vt 0.009040 0.807275
vt 0.495783 0.807275
vt 0.009040 0.713990
vt 0.009040 0.702329
vt 0.009040 0.737311
vt 0.009040 0.725650
vt 0.495783 0.748972
vt 0.009040 0.748972
vt 0.495783 0.702329
vt 0.009040 0.690668
vt 0.495783 0.690668
vt 0.343860 0.795614
vt 0.343860 0.783953
vt 0.343860 0.772293
vt 0.298135 0.772293
vt 0.206687 0.737311
vt 0.206687 0.725650
vt 0.206687 0.702329
vt 0.206687 0.690668
vt 0.206687 0.713990
vt 0.206687 0.818935
vt 0.206687 0.830596
vt 0.206687 0.748972
vt 0.404192 0.866911
vt 0.435557 0.866911
vt 0.435557 0.879334
vt 0.404192 0.879334
vt 0.435557 0.891758
vt 0.404192 0.891758
vt 0.435557 0.904182
vt 0.404192 0.904182
vt 0.435557 0.953876
vt 0.466922 0.953876
vt 0.466922 0.966300
vt 0.435557 0.966300
vt 0.466922 0.978724
vt 0.435557 0.978724
vt 0.466922 0.991148
vt 0.435557 0.991148
vt 0.466922 0.842063
vt 0.466922 0.854487
vt 0.435557 0.854487
vt 0.435557 0.842063
vt 0.466922 0.866911
vt 0.435557 0.916605
vt 0.404192 0.916605
vt 0.435557 0.929029
vt 0.466922 0.929029
vt 0.466922 0.941453
vt 0.435557 0.941453
vt 0.466922 0.916605
vt 0.466922 0.879334
vt 0.466922 0.891758
vt 0.466922 0.904182
vt 0.498287 0.953876
vt 0.498287 0.966300
vt 0.498287 0.978724
vt 0.498287 0.991148
vt 0.498287 0.842063
vt 0.498287 0.854487
vt 0.498287 0.866911
vt 0.498287 0.929029
vt 0.498287 0.941453
vt 0.498287 0.916605
vt 0.498287 0.879334
vt 0.498287 0.891758
vt 0.498287 0.904182
vt 0.223920 0.978724
vt 0.223920 0.991148
vt 0.192555 0.991148
vt 0.192555 0.978724
vt 0.404192 0.991148
vt 0.404192 0.978724
vt 0.404192 0.854487
vt 0.404192 0.842063
vt 0.404192 0.929029
vt 0.404192 0.941453
vt 0.404192 0.953876
vt 0.404192 0.966300
vt 0.012282 0.866911
vt 0.043647 0.866911
vt 0.043647 0.879334
vt 0.012282 0.879334
vt 0.043647 0.891758
vt 0.012282 0.891758
vt 0.043647 0.904182
vt 0.012282 0.904182
vt 0.043647 0.953876
vt 0.075012 0.953876
vt 0.075012 0.966300
vt 0.043647 0.966300
vt 0.075012 0.978724
vt 0.043647 0.978724
vt 0.075012 0.991148
vt 0.043647 0.991148
vt 0.075012 0.842063
vt 0.075012 0.854487
vt 0.043647 0.854487
vt 0.043647 0.842063
vt 0.075012 0.866911
vt 0.043647 0.916605
vt 0.012282 0.916605
vt 0.043647 0.929029
vt 0.075012 0.929029
vt 0.075012 0.941453
vt 0.043647 0.941453
vt 0.075012 0.916605
vt 0.075012 0.879334
vt 0.075012 0.891758
vt 0.075012 0.904182
vt 0.106377 0.953876
vt 0.106377 0.966300
vt 0.106377 0.978724
vt 0.106377 0.991148
vt 0.106377 0.842063
vt 0.106377 0.854487
vt 0.106377 0.866911
vt 0.106377 0.929029
vt 0.106377 0.941453
vt 0.106377 0.916605
vt 0.106377 0.879334
vt 0.106377 0.891758
vt 0.106377 0.904182
vt 0.012282 0.991148
vt 0.012282 0.978724
vt 0.012282 0.854487
vt 0.012282 0.842063
vt 0.012282 0.929029
vt 0.012282 0.941453
vt 0.012282 0.953876
vt 0.012282 0.966300
vt 0.255285 0.866911
vt 0.286650 0.866911
vt 0.286650 0.879334
vt 0.255285 0.879334
vt 0.223920 0.916605
vt 0.255285 0.916605
vt 0.255285 0.929029
vt 0.223920 0.929029
vt 0.255285 0.891758
vt 0.286650 0.891758
vt 0.286650 0.904182
vt 0.255285 0.904182
vt 0.223920 0.941453
vt 0.255285 0.941453
vt 0.255285 0.953876
vt 0.223920 0.953876
vt 0.255285 0.978724
vt 0.255285 0.991148
vt 0.255285 0.966300
vt 0.223920 0.966300
vt 0.223920 0.854487
vt 0.255285 0.854487
vt 0.223920 0.866911
vt 0.255285 0.842063
vt 0.223920 0.842063
vt 0.223920 0.879334
vt 0.223920 0.891758
vt 0.318015 0.866911
vt 0.318015 0.879334
vt 0.318015 0.891758
vt 0.318015 0.904182
vt 0.318015 0.953876
vt 0.349379 0.953876
vt 0.349379 0.966300
vt 0.318015 0.966300
vt 0.349379 0.978724
vt 0.318015 0.978724
vt 0.349379 0.991148
vt 0.318015 0.991148
vt 0.349379 0.842063
vt 0.349379 0.854487
vt 0.318015 0.854487
vt 0.318015 0.842063
vt 0.349379 0.866911
vt 0.318015 0.916605
vt 0.286650 0.916605
vt 0.318015 0.929029
vt 0.349379 0.929029
vt 0.349379 0.941453
vt 0.318015 0.941453
vt 0.349379 0.916605
vt 0.349379 0.879334
vt 0.349379 0.891758
vt 0.349379 0.904182
vt 0.161190 0.953876
vt 0.192555 0.953876
vt 0.192555 0.966300
vt 0.161190 0.966300
vt 0.161190 0.978724
vt 0.161190 0.991148
vt 0.192555 0.842063
vt 0.192555 0.854487
vt 0.161190 0.854487
vt 0.161190 0.842063
vt 0.192555 0.866911
vt 0.161190 0.866911
vt 0.161190 0.929029
vt 0.192555 0.929029
vt 0.192555 0.941453
vt 0.161190 0.941453
vt 0.161190 0.916605
vt 0.192555 0.916605
vt 0.192555 0.879334
vt 0.161190 0.879334
vt 0.192555 0.891758
vt 0.161190 0.891758
vt 0.192555 0.904182
vt 0.161190 0.904182
vt 0.223920 0.904182
vt 0.286650 0.941453
vt 0.286650 0.953876
vt 0.286650 0.978724
vt 0.286650 0.991148
vt 0.286650 0.966300
vt 0.286650 0.854487
vt 0.286650 0.842063
vt 0.286650 0.929029
vt 0.376786 0.916605
vt 0.376786 0.904182
vt 0.376786 0.891758
vt 0.376786 0.879334
vt 0.376786 0.866911
vt 0.376786 0.854487
vt 0.376786 0.842063
vt 0.376786 0.991148
vt 0.376786 0.978724
vt 0.376786 0.966300
vt 0.376786 0.953876
vt 0.376786 0.941453
vt 0.376786 0.929029
vt 0.133784 0.929029
vt 0.133784 0.941453
vt 0.133784 0.953876
vt 0.133784 0.966300
vt 0.133784 0.978724
vt 0.133784 0.991148
vt 0.133784 0.842063
vt 0.133784 0.854487
vt 0.133784 0.866911
vt 0.133784 0.879334
vt 0.133784 0.891758
vt 0.133784 0.904182
vt 0.133784 0.916605
s 1
usemtl Chain_Fence
f 3/1/1 4/2/1 171/3/1 165/4/1
f 50/5/2 79/6/2 32/7/3 35/8/3
f 31/9/4 27/10/4 94/11/4 101/12/4
f 2/13/4 9/14/4 11/15/4 5/16/4
f 23/17/5 20/18/5 92/19/6 37/20/6
f 13/21/7 21/22/7 159/23/7 169/24/7
f 6/25/8 10/26/8 178/27/8 172/28/8
f 12/29/9 8/30/9 161/31/9 179/32/9
f 17/33/10 24/34/10 38/35/11 63/36/11
f 63/36/11 38/35/11 40/37/12 62/38/12
f 27/10/4 30/39/4 97/40/4 94/11/4
f 36/41/4 31/9/4 101/12/4 103/42/4
f 30/39/4 36/41/4 103/42/4 97/40/4
f 19/43/13 15/44/13 66/45/14 91/46/14
f 91/46/14 66/45/14 68/47/15 90/48/15
f 65/49/16 64/50/16 61/51/17 67/52/17
f 67/52/17 61/51/17 59/53/18 69/54/18
f 69/54/18 59/53/18 57/55/19 71/56/19
f 71/56/19 57/55/19 55/57/20 73/58/20
f 73/58/20 55/57/20 53/59/21 75/60/21
f 21/22/7 22/61/7 183/62/7 159/23/7
f 62/38/12 40/37/12 42/63/22 60/64/22
f 60/64/22 42/63/22 44/65/23 58/66/23
f 58/66/23 44/65/23 46/67/24 56/68/24
f 56/68/24 46/67/24 48/69/25 54/70/25
f 54/70/25 48/69/25 49/71/26 52/72/26
f 75/60/21 53/59/21 51/73/27 78/74/27
f 16/75/7 13/21/7 169/24/7 176/76/7
f 90/48/15 68/47/15 70/77/28 88/78/28
f 88/78/28 70/77/28 72/79/29 86/80/29
f 86/80/29 72/79/29 74/81/30 84/82/30
f 84/82/30 74/81/30 76/83/31 82/84/31
f 82/84/31 76/83/31 77/85/32 80/86/32
f 99/87/33 93/88/33 135/89/33 105/90/33
f 22/61/7 16/75/7 176/76/7 183/62/7
f 37/20/6 92/19/6 89/91/34 39/92/34
f 39/92/34 89/91/34 87/93/35 41/94/35
f 41/94/35 87/93/35 85/95/36 43/96/36
f 43/96/36 85/95/36 83/97/37 45/98/37
f 45/98/37 83/97/37 81/99/38 47/100/38
f 47/100/38 81/99/38 79/6/2 50/5/2
f 147/101/7 155/102/7 144/103/7 106/104/7
f 78/74/27 51/73/27 28/105/39 26/106/39
f 52/72/26 49/71/26 34/107/40 29/108/40
f 80/86/32 77/85/32 25/109/41 33/110/41
f 98/111/8 102/112/8 142/113/8 113/114/8
f 104/115/9 100/116/9 107/117/9 143/118/9
f 95/119/1 96/120/1 112/121/1 136/122/1
f 150/123/1 151/124/1 116/125/1 133/126/1
f 153/127/8 154/128/8 109/129/8 117/130/8
f 145/131/33 148/132/33 132/133/33 141/134/33
f 138/135/42 131/136/42 125/137/42 128/138/42
f 111/139/43 139/140/43 130/141/43 120/142/43
f 118/143/44 108/144/44 119/145/44 123/146/44
f 134/147/45 115/148/45 122/149/45 126/150/45
f 152/151/7 149/152/7 137/153/7 114/154/7
f 149/152/7 147/101/7 106/104/7 137/153/7
f 180/155/46 160/156/47 157/157/48 182/158/49
f 156/159/9 146/160/9 140/161/9 110/162/9
f 127/163/7 124/164/7 121/165/7 129/166/7
f 155/102/7 152/151/7 114/154/7 144/103/7
f 166/167/50 174/168/51 177/169/52 168/170/53
f 173/171/54 181/172/55 184/173/56 175/174/57
f 163/175/58 167/176/59 170/177/60 158/178/61
f 14/179/62 18/180/62 64/50/16 65/49/16
f 1/181/63 2/182/64 3/1/65
f 4/2/66 5/183/67 6/184/68
f 7/185/69 8/30/70 9/186/71
f 10/26/72 11/187/73 12/29/74
f 13/188/75 14/189/76 15/190/77
f 16/191/78 17/192/79 18/193/80
f 19/194/81 20/195/82 21/196/83
f 22/197/84 23/198/85 24/199/86
f 25/200/87 26/201/88 27/202/89
f 28/203/90 29/204/91 30/205/92
f 31/206/93 32/207/94 33/208/95
f 34/209/96 35/210/97 36/211/98
f 93/88/63 94/212/64 95/119/65
f 96/120/66 97/213/67 98/214/68
f 99/87/69 100/116/70 101/215/71
f 102/112/72 103/216/73 104/115/74
f 105/90/99 106/217/100 107/117/101
f 108/218/102 109/219/103 110/220/104 111/221/105
f 112/121/106 113/222/107 114/223/108
f 115/224/109 116/225/110 117/226/111 118/227/112
f 119/228/113 120/229/114 121/230/115
f 122/231/116 123/232/117 124/233/118
f 125/234/119 126/235/120 127/236/121
f 128/237/122 129/238/123 130/239/124
f 131/240/125 132/241/126 133/242/127 134/243/128
f 135/89/129 136/122/130 137/244/131
f 138/245/132 139/246/133 140/247/134 141/248/135
f 142/113/136 143/118/137 144/249/138
f 145/250/139 146/251/140 147/252/141
f 148/253/142 149/254/143 150/255/144
f 151/256/145 152/257/146 153/258/147
f 154/128/148 155/259/149 156/159/150
f 157/260/48 158/261/61 159/262/151
f 160/263/47 161/264/152 162/265/153 163/266/58
f 164/267/154 165/268/155 166/269/50 167/270/59
f 168/271/53 169/272/156 170/273/60
f 171/274/157 172/275/158 173/276/54 174/277/51
f 175/278/57 176/279/159 177/280/52
f 178/281/160 179/282/161 180/283/46 181/284/55
f 182/285/49 183/286/162 184/287/56
f 9/14/71 2/13/64 1/288/63 7/289/69
f 2/13/64 5/16/67 4/290/66 3/291/65
f 5/16/67 11/15/73 10/292/72 6/293/68
f 11/15/73 9/14/71 8/294/70 12/295/74
f 21/22/83 13/21/75 15/296/77 19/297/81
f 13/21/75 16/75/78 18/298/80 14/299/76
f 16/75/78 22/61/84 24/300/86 17/301/79
f 22/61/84 21/22/83 20/302/82 23/303/85
f 33/304/95 25/305/87 27/10/89 31/9/93
f 26/306/88 28/307/90 30/39/92 27/10/89
f 29/308/91 34/309/96 36/41/98 30/39/92
f 35/310/97 32/311/94 31/9/93 36/41/98
f 50/5/163 35/8/164 34/107/164 49/71/163
f 64/50/165 18/180/166 17/312/166 63/313/167
f 78/74/168 26/106/169 25/109/169 77/85/168
f 92/19/170 20/18/171 19/43/171 91/46/172
f 23/17/173 37/20/174 38/35/175 24/34/173
f 37/20/174 39/92/176 40/37/177 38/35/175
f 39/92/176 41/94/178 42/63/178 40/37/177
f 41/94/178 43/96/179 44/65/180 42/63/178
f 43/96/179 45/98/181 46/67/181 44/65/180
f 45/98/181 47/100/182 48/69/182 46/67/181
f 47/100/182 50/5/163 49/71/163 48/69/182
f 28/105/183 51/73/184 52/314/184 29/315/183
f 51/73/184 53/59/185 54/316/185 52/314/184
f 53/59/185 55/57/186 56/317/186 54/316/185
f 55/57/186 57/55/187 58/318/188 56/317/186
f 57/55/187 59/53/189 60/319/189 58/318/188
f 59/53/189 61/51/190 62/320/191 60/319/189
f 61/51/190 64/50/165 63/313/167 62/320/191
f 14/179/192 65/49/193 66/45/194 15/44/192
f 65/49/193 67/52/195 68/47/196 66/45/194
f 67/52/195 69/54/197 70/77/197 68/47/196
f 69/54/197 71/56/198 72/79/199 70/77/197
f 71/56/198 73/58/200 74/81/200 72/79/199
f 73/58/200 75/60/201 76/83/201 74/81/200
f 75/60/201 78/74/168 77/85/168 76/83/201
f 32/7/202 79/6/203 80/86/203 33/110/202
f 79/6/203 81/99/204 82/84/204 80/86/203
f 81/99/204 83/97/205 84/82/205 82/84/204
f 83/97/205 85/95/206 86/80/207 84/82/205
f 85/95/206 87/93/208 88/78/208 86/80/207
f 87/93/208 89/91/209 90/48/210 88/78/208
f 89/91/209 92/19/170 91/46/172 90/48/210
f 101/12/71 94/11/64 93/321/63 99/322/69
f 94/11/64 97/40/67 96/323/66 95/324/65
f 97/40/67 103/42/73 102/325/72 98/326/68
f 103/42/73 101/12/71 100/327/70 104/328/74
f 99/87/69 105/90/99 107/117/101 100/116/70
f 130/329/124 139/246/133 138/245/132 128/330/122
f 98/214/68 113/222/107 112/121/106 96/120/66
f 134/243/128 126/331/120 125/332/119 131/240/125
f 135/89/129 93/88/63 95/119/65 136/122/130
f 142/113/136 102/112/72 104/115/74 143/118/137
f 143/333/137 107/334/101 106/104/100 144/103/138
f 113/335/107 142/336/136 144/103/138 114/154/108
f 136/337/130 112/338/106 114/154/108 137/153/131
f 105/339/99 135/340/129 137/153/131 106/104/100
f 122/341/116 115/224/109 118/227/112 123/342/117
f 111/221/105 120/343/114 119/344/113 108/218/102
f 120/345/114 130/346/124 129/347/123 121/348/115
f 123/349/117 119/350/113 121/351/115 124/352/118
f 126/353/120 122/354/116 124/355/118 127/356/121
f 128/357/122 125/358/119 127/359/121 129/360/123
f 110/361/211 140/362/211 139/140/211 111/139/211
f 117/363/212 109/364/212 108/144/212 118/143/212
f 147/101/141 149/152/143 148/365/142 145/366/139
f 149/152/143 152/151/146 151/367/145 150/368/144
f 152/151/146 155/102/149 154/369/148 153/370/147
f 155/102/149 147/101/141 146/371/140 156/372/150
f 133/373/213 116/374/213 115/148/213 134/147/213
f 141/375/214 132/376/214 131/136/214 138/135/214
f 132/133/126 148/132/215 150/123/215 133/126/127
f 153/377/216 117/378/111 116/125/110 151/124/216
f 109/129/103 154/128/217 156/159/217 110/162/104
f 145/131/218 141/134/135 140/161/134 146/160/218
f 157/157/48 160/156/47 163/175/58 158/178/61
f 162/379/219 164/380/219 167/381/219 163/382/219
f 166/167/50 168/170/53 170/177/60 167/176/59
f 169/24/156 159/23/151 158/383/61 170/384/60
f 165/4/220 171/3/220 174/385/220 166/386/220
f 173/387/54 175/388/57 177/169/52 174/168/51
f 176/76/159 169/24/156 168/389/53 177/390/52
f 172/28/221 178/27/221 181/391/221 173/392/221
f 180/155/46 182/158/49 184/173/56 181/172/55
f 183/62/162 176/76/159 175/393/57 184/394/56
f 179/32/222 161/31/222 160/395/222 180/396/222
f 159/23/151 183/62/162 182/397/49 157/398/48
f 178/27/160 10/26/72 12/29/74 179/32/161
f 7/185/69 162/379/153 161/31/152 8/30/70
f 3/1/65 165/4/155 164/380/154 1/181/63
f 6/184/68 172/399/158 171/3/157 4/2/66
f 7/185/33 1/181/33 164/380/33 162/379/33
f 229/400/223 230/401/224 233/402/33 232/403/225
f 230/401/224 231/404/226 234/405/227 233/402/33
f 232/403/225 233/402/33 236/406/228 235/407/229
f 233/402/33 234/405/227 237/408/230 236/406/228
f 185/409/231 196/410/232 229/400/223 195/411/233
f 196/410/232 197/412/234 230/401/224 229/400/223
f 197/412/234 198/413/235 231/404/226 230/401/224
f 198/413/235 186/414/236 199/415/237 231/404/226
f 231/404/226 199/415/237 200/416/238 234/405/227
f 234/405/227 200/416/238 201/417/239 237/408/230
f 237/408/230 201/417/239 188/418/240 202/419/241
f 236/406/228 237/408/230 202/419/241 203/420/242
f 235/407/229 236/406/228 203/420/242 204/421/243
f 193/422/244 235/407/229 204/421/243 187/423/245
f 194/424/246 232/403/225 235/407/229 193/422/244
f 195/411/233 229/400/223 232/403/225 194/424/246
f 238/425/247 239/426/248 242/427/9 241/428/249
f 239/426/248 240/429/250 243/430/251 242/427/9
f 241/428/249 242/427/9 245/431/252 244/432/253
f 242/427/9 243/430/251 246/433/254 245/431/252
f 187/434/245 204/435/243 238/425/247 207/436/255
f 204/435/243 203/437/242 239/426/248 238/425/247
f 203/437/242 202/438/241 240/429/250 239/426/248
f 202/438/241 188/418/240 208/439/256 240/429/250
f 240/429/250 208/439/256 209/440/257 243/430/251
f 243/430/251 209/440/257 210/441/258 246/433/254
f 246/433/254 210/441/258 192/442/259 211/443/260
f 245/431/252 246/433/254 211/443/260 212/444/261
f 244/432/253 245/431/252 212/444/261 213/445/262
f 205/446/263 244/432/253 213/445/262 191/447/264
f 206/448/265 241/428/249 244/432/253 205/446/263
f 207/436/255 238/425/247 241/428/249 206/448/265
f 247/449/266 248/450/267 251/451/8 250/452/268
f 248/450/267 249/453/269 252/454/270 251/451/8
f 250/452/268 251/451/8 254/455/271 253/456/272
f 251/451/8 252/454/270 255/457/273 254/455/271
f 191/458/264 213/459/262 247/449/266 216/460/274
f 213/459/262 212/461/261 248/450/267 247/449/266
f 212/461/261 211/462/260 249/453/269 248/450/267
f 211/462/260 192/442/259 217/463/275 249/453/269
f 249/453/269 217/463/275 218/464/276 252/454/270
f 252/454/270 218/464/276 219/465/277 255/457/273
f 255/457/273 219/465/277 190/466/278 220/467/279
f 254/455/271 255/457/273 220/467/279 221/468/280
f 253/456/272 254/455/271 221/468/280 222/469/281
f 214/470/282 253/456/272 222/469/281 189/471/283
f 215/472/284 250/452/268 253/456/272 214/470/282
f 216/460/274 247/449/266 250/452/268 215/472/284
f 256/473/285 257/474/286 260/475/1 259/476/287
f 257/474/286 258/477/288 261/478/289 260/475/1
f 259/476/287 260/475/1 263/479/290 262/480/291
f 260/475/1 261/478/289 264/481/292 263/479/290
f 189/482/283 222/483/281 256/473/285 225/484/293
f 222/483/281 221/485/280 257/474/286 256/473/285
f 221/485/280 220/486/279 258/477/288 257/474/286
f 220/486/279 190/466/278 226/487/294 258/477/288
f 258/477/288 226/487/294 227/488/295 261/478/289
f 261/478/289 227/488/295 228/489/296 264/481/292
f 264/481/292 228/489/296 186/414/236 198/490/235
f 263/479/290 264/481/292 198/490/235 197/491/234
f 262/480/291 263/479/290 197/491/234 196/492/232
f 223/493/297 262/480/291 196/492/232 185/494/231
f 224/495/298 259/476/287 262/480/291 223/493/297
f 225/484/293 256/473/285 259/476/287 224/495/298
f 265/496/299 266/497/300 269/498/4 268/499/301
f 266/497/300 267/500/302 270/501/303 269/498/4
f 268/499/301 269/498/4 272/502/304 271/503/305
f 269/498/4 270/501/303 273/504/306 272/502/304
f 187/505/245 207/506/255 265/496/299 193/507/244
f 207/506/255 206/508/265 266/497/300 265/496/299
f 206/508/265 205/509/263 267/500/302 266/497/300
f 205/509/263 191/510/264 216/511/274 267/500/302
f 267/500/302 216/511/274 215/512/284 270/501/303
f 270/501/303 215/512/284 214/513/282 273/504/306
f 273/504/306 214/513/282 189/514/283 225/515/293
f 272/502/304 273/504/306 225/515/293 224/516/298
f 271/503/305 272/502/304 224/516/298 223/517/297
f 195/518/233 271/503/305 223/517/297 185/519/231
f 194/520/246 268/499/301 271/503/305 195/518/233
f 193/507/244 265/496/299 268/499/301 194/520/246
f 274/521/307 275/522/308 278/523/7 277/524/309
f 275/522/308 276/525/310 279/526/311 278/523/7
f 277/524/309 278/523/7 281/527/312 280/528/313
f 278/523/7 279/526/311 282/529/314 281/527/312
f 192/442/259 210/441/258 274/521/307 217/463/275
f 210/441/258 209/440/257 275/522/308 274/521/307
f 209/440/257 208/439/256 276/525/310 275/522/308
f 208/439/256 188/418/240 201/417/239 276/525/310
f 276/525/310 201/417/239 200/416/238 279/526/311
f 279/526/311 200/416/238 199/415/237 282/529/314
f 282/529/314 199/415/237 186/414/236 228/489/296
f 281/527/312 282/529/314 228/489/296 227/488/295
f 280/528/313 281/527/312 227/488/295 226/487/294
f 219/465/277 280/528/313 226/487/294 190/466/278
f 218/464/276 277/524/309 280/528/313 219/465/277
f 217/463/275 274/521/307 277/524/309 218/464/276
f 291/530/315 303/531/316 304/532/317 292/533/318
f 379/534/319 283/535/320 284/536/321 380/537/322
f 293/538/323 305/539/324 306/540/325 294/541/326
f 381/542/327 285/543/328 286/544/329 382/545/330
f 384/546/331 288/547/332 289/548/333 385/549/334
f 287/550/335 288/547/332 384/546/331 383/551/336
f 386/552/337 290/553/338 291/530/315 387/554/339
f 289/555/333 290/553/338 386/552/337 385/556/334
f 380/537/322 284/536/321 285/543/328 381/542/327
f 387/554/339 291/530/315 292/533/318 388/557/340
f 382/545/330 286/544/329 287/550/335 383/551/336
f 388/557/340 292/533/318 293/538/323 389/558/341
f 303/531/316 315/559/342 316/560/343 304/532/317
f 304/532/317 316/560/343 317/561/344 305/539/324
f 305/539/324 317/561/344 318/562/345 306/540/325
f 310/563/346 322/564/347 323/565/348 311/566/349
f 323/565/348 324/567/350 312/568/351 311/566/349
f 324/567/350 325/569/352 313/570/353 312/568/351
f 325/571/352 326/572/354 314/573/355 313/574/353
f 326/572/354 327/575/356 315/559/342 314/573/355
f 306/540/325 318/562/345 307/576/357 295/577/358
f 308/578/359 320/579/360 321/580/361 309/581/362
f 309/581/362 321/580/361 322/564/347 310/563/346
f 307/576/357 319/582/363 320/579/360 308/578/359
f 315/559/342 327/575/356 328/583/364 316/560/343
f 316/560/343 328/583/364 329/584/365 317/561/344
f 317/561/344 329/584/365 330/585/366 318/562/345
f 358/586/367 370/587/368 371/588/369 359/589/370
f 371/588/369 372/590/371 360/591/372 359/589/370
f 372/590/371 373/592/373 361/593/374 360/591/372
f 373/594/373 374/595/375 362/596/376 361/597/374
f 374/595/375 375/598/377 363/599/378 362/596/376
f 318/562/345 330/585/366 319/582/363 307/576/357
f 356/600/379 368/601/380 369/602/381 357/603/382
f 357/603/382 369/602/381 370/587/368 358/586/367
f 355/604/383 367/605/384 368/601/380 356/600/379
f 357/603/382 358/586/367 339/606/1 340/607/385
f 326/572/354 325/571/352 348/608/386 347/609/387
f 361/597/374 362/596/376 335/610/388 336/611/389
f 319/582/363 330/585/366 343/612/388 354/613/389
f 364/614/390 365/615/391 332/616/392 333/617/9
f 329/584/365 328/583/364 345/618/9 344/619/393
f 366/620/394 355/604/383 342/621/386 331/622/387
f 358/586/367 359/589/370 338/623/395 339/606/1
f 328/583/364 327/575/356 346/624/392 345/618/9
f 363/599/378 364/614/390 333/617/9 334/625/393
f 324/567/350 323/565/348 350/626/385 349/627/396
f 322/564/347 321/580/361 352/628/395 351/629/1
f 323/565/348 322/564/347 351/629/1 350/626/385
f 356/600/379 357/603/382 340/607/385 341/630/396
f 321/580/361 320/579/360 353/631/397 352/628/395
f 320/579/360 319/582/363 354/613/389 353/631/397
f 359/589/370 360/591/372 337/632/397 338/623/395
f 325/569/352 324/567/350 349/627/396 348/633/386
f 362/596/376 363/599/378 334/625/393 335/610/388
f 330/585/366 329/584/365 344/619/393 343/612/388
f 355/604/383 356/600/379 341/630/396 342/621/386
f 365/615/391 366/620/394 331/622/387 332/616/392
f 327/575/356 326/572/354 347/609/387 346/624/392
f 360/591/372 361/593/374 336/634/389 337/632/397
f 363/599/378 375/598/377 376/635/398 364/614/390
f 364/614/390 376/635/398 377/636/399 365/615/391
f 365/615/391 377/636/399 378/637/400 366/620/394
f 383/551/336 384/546/331 372/590/371 371/588/369
f 386/552/337 387/554/339 375/598/377 374/595/375
f 385/556/334 386/552/337 374/595/375 373/594/373
f 376/635/398 388/557/340 389/558/341 377/636/399
f 366/620/394 378/637/400 367/605/384 355/604/383
f 368/601/380 380/537/322 381/542/327 369/602/381
f 369/602/381 381/542/327 382/545/330 370/587/368
f 367/605/384 379/534/319 380/537/322 368/601/380
f 375/598/377 387/554/339 388/557/340 376/635/398
f 370/587/368 382/545/330 383/551/336 371/588/369
f 377/636/399 389/558/341 390/638/401 378/637/400
f 285/543/328 297/639/402 298/640/403 286/544/329
f 300/641/404 301/642/405 289/548/333 288/547/332
f 299/643/406 300/641/404 288/547/332 287/550/335
f 302/644/407 303/531/316 291/530/315 290/553/338
f 301/645/405 302/644/407 290/553/338 289/555/333
f 378/637/400 390/638/401 379/534/319 367/605/384
f 283/535/320 295/577/358 296/646/408 284/536/321
f 286/544/329 298/640/403 299/643/406 287/550/335
f 284/536/321 296/646/408 297/639/402 285/543/328
f 292/533/318 304/532/317 305/539/324 293/538/323
f 294/541/326 306/540/325 295/577/358 283/535/320
f 389/558/341 293/538/323 294/541/326 390/638/401
f 297/639/402 309/581/362 310/563/346 298/640/403
f 312/568/351 313/570/353 301/642/405 300/641/404
f 311/566/349 312/568/351 300/641/404 299/643/406
f 314/573/355 315/559/342 303/531/316 302/644/407
f 313/574/353 314/573/355 302/644/407 301/645/405
f 390/638/401 294/541/326 283/535/320 379/534/319
f 295/577/358 307/576/357 308/578/359 296/646/408
f 298/640/403 310/563/346 311/566/349 299/643/406
f 296/646/408 308/578/359 309/581/362 297/639/402
f 384/546/331 385/549/334 373/592/373 372/590/371
f 399/530/409 400/533/410 412/532/411 411/531/412
f 487/534/413 488/537/414 392/536/415 391/535/416
f 401/538/417 402/541/418 414/540/419 413/539/420
f 489/542/421 490/545/422 394/544/423 393/543/424
f 492/546/425 493/549/426 397/548/427 396/547/428
f 395/550/429 491/551/430 492/546/425 396/547/428
f 494/552/431 495/554/432 399/530/409 398/553/433
f 397/555/427 493/556/426 494/552/431 398/553/433
f 488/537/414 489/542/421 393/543/424 392/536/415
f 495/554/432 496/557/434 400/533/410 399/530/409
f 490/545/422 491/551/430 395/550/429 394/544/423
f 496/557/434 497/558/435 401/538/417 400/533/410
f 411/531/412 412/532/411 424/560/436 423/559/437
f 412/532/411 413/539/420 425/561/438 424/560/436
f 413/539/420 414/540/419 426/562/439 425/561/438
f 418/563/440 419/566/441 431/565/442 430/564/443
f 431/565/442 419/566/441 420/568/444 432/567/445
f 432/567/445 420/568/444 421/570/446 433/569/447
f 433/571/447 421/574/446 422/573/448 434/572/449
f 434/572/449 422/573/448 423/559/437 435/575/450
f 414/540/419 403/577/451 415/576/452 426/562/439
f 416/578/453 417/581/454 429/580/455 428/579/456
f 417/581/454 418/563/440 430/564/443 429/580/455
f 415/576/452 416/578/453 428/579/456 427/582/457
f 423/559/437 424/560/436 436/583/458 435/575/450
f 424/560/436 425/561/438 437/584/459 436/583/458
f 425/561/438 426/562/439 438/585/460 437/584/459
f 466/586/461 467/589/462 479/588/463 478/587/464
f 479/588/463 467/589/462 468/591/465 480/590/466
f 480/590/466 468/591/465 469/593/467 481/592/468
f 481/594/468 469/597/467 470/596/469 482/595/470
f 482/595/470 470/596/469 471/599/471 483/598/472
f 426/562/439 415/576/452 427/582/457 438/585/460
f 464/600/473 465/603/474 477/602/475 476/601/476
f 465/603/474 466/586/461 478/587/464 477/602/475
f 463/604/477 464/600/473 476/601/476 475/605/478
f 465/603/474 448/607/479 447/606/1 466/586/461
f 434/572/449 455/609/480 456/608/481 433/571/447
f 469/597/467 444/611/482 443/610/483 470/596/469
f 427/582/457 462/613/482 451/612/483 438/585/460
f 472/614/484 441/617/9 440/616/485 473/615/486
f 437/584/459 452/619/487 453/618/9 436/583/458
f 474/620/488 439/622/480 450/621/481 463/604/477
f 466/586/461 447/606/1 446/623/489 467/589/462
f 436/583/458 453/618/9 454/624/485 435/575/450
f 471/599/471 442/625/487 441/617/9 472/614/484
f 432/567/445 457/627/490 458/626/479 431/565/442
f 430/564/443 459/629/1 460/628/489 429/580/455
f 431/565/442 458/626/479 459/629/1 430/564/443
f 464/600/473 449/630/490 448/607/479 465/603/474
f 429/580/455 460/628/489 461/631/491 428/579/456
f 428/579/456 461/631/491 462/613/482 427/582/457
f 467/589/462 446/623/489 445/632/491 468/591/465
f 433/569/447 456/633/481 457/627/490 432/567/445
f 470/596/469 443/610/483 442/625/487 471/599/471
f 438/585/460 451/612/483 452/619/487 437/584/459
f 463/604/477 450/621/481 449/630/490 464/600/473
f 473/615/486 440/616/485 439/622/480 474/620/488
f 435/575/450 454/624/485 455/609/480 434/572/449
f 468/591/465 445/632/491 444/634/482 469/593/467
f 471/599/471 472/614/484 484/635/492 483/598/472
f 472/614/484 473/615/486 485/636/493 484/635/492
f 473/615/486 474/620/488 486/637/494 485/636/493
f 491/551/430 479/588/463 480/590/466 492/546/425
f 494/552/431 482/595/470 483/598/472 495/554/432
f 493/556/426 481/594/468 482/595/470 494/552/431
f 484/635/492 485/636/493 497/558/435 496/557/434
f 474/620/488 463/604/477 475/605/478 486/637/494
f 476/601/476 477/602/475 489/542/421 488/537/414
f 477/602/475 478/587/464 490/545/422 489/542/421
f 475/605/478 476/601/476 488/537/414 487/534/413
f 483/598/472 484/635/492 496/557/434 495/554/432
f 478/587/464 479/588/463 491/551/430 490/545/422
f 485/636/493 486/637/494 498/638/495 497/558/435
f 393/543/424 394/544/423 406/640/496 405/639/497
f 408/641/498 396/547/428 397/548/427 409/642/499
f 407/643/500 395/550/429 396/547/428 408/641/498
f 410/644/501 398/553/433 399/530/409 411/531/412
f 409/645/499 397/555/427 398/553/433 410/644/501
f 486/637/494 475/605/478 487/534/413 498/638/495
f 391/535/416 392/536/415 404/646/502 403/577/451
f 394/544/423 395/550/429 407/643/500 406/640/496
f 392/536/415 393/543/424 405/639/497 404/646/502
f 400/533/410 401/538/417 413/539/420 412/532/411
f 402/541/418 391/535/416 403/577/451 414/540/419
f 497/558/435 498/638/495 402/541/418 401/538/417
f 405/639/497 406/640/496 418/563/440 417/581/454
f 420/568/444 408/641/498 409/642/499 421/570/446
f 419/566/441 407/643/500 408/641/498 420/568/444
f 422/573/448 410/644/501 411/531/412 423/559/437
f 421/574/446 409/645/499 410/644/501 422/573/448
f 498/638/495 487/534/413 391/535/416 402/541/418
f 403/577/451 404/646/502 416/578/453 415/576/452
f 406/640/496 407/643/500 419/566/441 418/563/440
f 404/646/502 405/639/497 417/581/454 416/578/453
f 492/546/425 480/590/466 481/592/468 493/549/426
f 507/647/503 519/648/504 520/649/505 508/650/506
f 508/650/506 520/649/505 521/651/507 509/652/508
f 509/652/508 521/651/507 522/653/509 510/654/510
f 514/655/511 526/656/512 527/657/513 515/658/514
f 527/657/513 528/659/515 516/660/516 515/658/514
f 528/659/515 529/661/517 517/662/518 516/660/516
f 529/663/517 530/664/519 518/665/520 517/666/518
f 530/664/519 531/667/521 519/648/504 518/665/520
f 510/654/510 522/653/509 511/668/522 499/669/523
f 512/670/524 524/671/525 525/672/526 513/673/527
f 513/673/527 525/672/526 526/656/512 514/655/511
f 511/668/522 523/674/528 524/671/525 512/670/524
f 519/648/504 531/667/521 532/675/529 520/649/505
f 520/649/505 532/675/529 533/676/530 521/651/507
f 521/651/507 533/676/530 534/677/531 522/653/509
f 526/656/512 538/678/532 539/679/533 527/657/513
f 539/679/533 540/680/534 528/659/515 527/657/513
f 540/680/534 541/681/535 529/661/517 528/659/515
f 541/682/535 542/683/536 530/664/519 529/663/517
f 542/683/536 543/684/537 531/667/521 530/664/519
f 522/653/509 534/677/531 523/674/528 511/668/522
f 524/671/525 536/685/538 537/686/539 525/672/526
f 525/672/526 537/686/539 538/678/532 526/656/512
f 523/674/528 535/687/540 536/685/538 524/671/525
f 531/667/521 543/684/537 544/688/541 532/675/529
f 532/675/529 544/688/541 545/689/542 533/676/530
f 533/676/530 545/689/542 546/690/543 534/677/531
f 660/691/544 661/692/545 649/693/546 648/694/547
f 516/660/516 517/662/518 505/695/548 504/696/549
f 517/666/518 518/665/520 506/697/550 505/698/548
f 518/665/520 519/648/504 507/647/503 506/697/550
f 499/669/523 511/668/522 512/670/524 500/699/551
f 534/677/531 546/690/543 535/687/540 523/674/528
f 501/700/552 513/673/527 514/655/511 502/701/553
f 502/701/553 514/655/511 515/658/514 503/702/554
f 500/699/551 512/670/524 513/673/527 501/700/552
f 543/703/537 555/704/555 556/705/556 544/706/541
f 544/706/541 556/705/556 557/707/557 545/708/542
f 545/708/542 557/707/557 558/709/558 546/710/543
f 550/711/559 562/712/560 563/713/561 551/714/562
f 563/713/561 564/715/563 552/716/564 551/714/562
f 564/715/563 565/717/565 553/718/566 552/716/564
f 565/719/565 566/720/567 554/721/568 553/722/566
f 566/720/567 567/723/569 555/704/555 554/721/568
f 546/710/543 558/709/558 547/724/570 535/725/540
f 548/726/571 560/727/572 561/728/573 549/729/574
f 549/729/574 561/728/573 562/712/560 550/711/559
f 547/724/570 559/730/575 560/727/572 548/726/571
f 555/704/555 567/723/569 568/731/576 556/705/556
f 556/705/556 568/731/576 569/732/577 557/707/557
f 557/707/557 569/732/577 570/733/578 558/709/558
f 562/712/560 574/734/579 575/735/580 563/713/561
f 575/735/580 576/736/581 564/715/563 563/713/561
f 576/736/581 577/737/582 565/717/565 564/715/563
f 577/738/582 578/739/583 566/720/567 565/719/565
f 578/739/583 579/740/584 567/723/569 566/720/567
f 558/709/558 570/733/578 559/730/575 547/724/570
f 560/727/572 572/741/585 573/742/586 561/728/573
f 561/728/573 573/742/586 574/734/579 562/712/560
f 559/730/575 571/743/587 572/741/585 560/727/572
f 567/723/569 579/740/584 580/744/588 568/731/576
f 568/731/576 580/744/588 581/745/589 569/732/577
f 569/732/577 581/745/589 582/746/590 570/733/578
f 552/716/564 553/718/566 541/747/535 540/748/534
f 553/722/566 554/721/568 542/749/536 541/750/535
f 554/721/568 555/704/555 543/703/537 542/749/536
f 535/725/540 547/724/570 548/726/571 536/751/538
f 570/733/578 582/746/590 571/743/587 559/730/575
f 537/752/539 549/729/574 550/711/559 538/753/532
f 538/753/532 550/711/559 551/714/562 539/754/533
f 536/751/538 548/726/571 549/729/574 537/752/539
f 591/755/591 603/756/592 604/757/593 592/758/594
f 655/759/595 583/760/596 584/761/597 656/762/598
f 593/763/599 605/764/600 606/765/601 594/766/602
f 657/767/603 585/768/604 586/769/605 658/770/606
f 660/691/544 588/771/607 589/772/608 661/692/545
f 587/773/609 588/771/607 660/691/544 659/774/610
f 662/775/611 590/776/612 591/755/591 663/777/613
f 589/778/608 590/776/612 662/775/611 661/779/545
f 656/762/598 584/761/597 585/768/604 657/767/603
f 663/777/613 591/755/591 592/758/594 664/780/614
f 658/770/606 586/769/605 587/773/609 659/774/610
f 664/780/614 592/758/594 593/763/599 665/781/615
f 603/756/592 615/782/616 616/783/617 604/757/593
f 604/757/593 616/783/617 617/784/618 605/764/600
f 605/764/600 617/784/618 618/785/619 606/765/601
f 610/786/620 622/787/621 623/788/622 611/789/623
f 623/788/622 624/790/624 612/791/625 611/789/623
f 624/790/624 625/792/626 613/793/627 612/791/625
f 625/794/626 626/795/628 614/796/629 613/797/627
f 626/795/628 627/798/630 615/782/616 614/796/629
f 606/765/601 618/785/619 607/799/631 595/800/632
f 608/801/633 620/802/634 621/803/635 609/804/636
f 609/804/636 621/803/635 622/787/621 610/786/620
f 607/799/631 619/805/637 620/802/634 608/801/633
f 615/782/616 627/798/630 628/806/638 616/783/617
f 616/783/617 628/806/638 629/807/639 617/784/618
f 617/784/618 629/807/639 630/808/640 618/785/619
f 634/809/641 646/810/642 647/811/643 635/812/644
f 647/811/643 648/694/547 636/813/645 635/812/644
f 648/694/547 649/693/546 637/814/646 636/813/645
f 649/815/546 650/816/647 638/817/648 637/818/646
f 650/816/647 651/819/649 639/820/650 638/817/648
f 618/785/619 630/808/640 619/805/637 607/799/631
f 632/821/651 644/822/652 645/823/653 633/824/654
f 633/824/654 645/823/653 646/810/642 634/809/641
f 631/825/655 643/826/656 644/822/652 632/821/651
f 639/820/650 651/819/649 652/827/657 640/828/658
f 640/828/658 652/827/657 653/829/659 641/830/660
f 641/830/660 653/829/659 654/831/661 642/832/662
f 659/774/610 660/691/544 648/694/547 647/811/643
f 662/775/611 663/777/613 651/819/649 650/816/647
f 661/779/545 662/775/611 650/816/647 649/815/546
f 652/827/657 664/780/614 665/781/615 653/829/659
f 642/832/662 654/831/661 643/826/656 631/825/655
f 644/822/652 656/762/598 657/767/603 645/823/653
f 645/823/653 657/767/603 658/770/606 646/810/642
f 643/826/656 655/759/595 656/762/598 644/822/652
f 651/819/649 663/777/613 664/780/614 652/827/657
f 646/810/642 658/770/606 659/774/610 647/811/643
f 653/829/659 665/781/615 666/833/663 654/831/661
f 585/768/604 597/834/664 598/835/665 586/769/605
f 600/836/666 601/837/667 589/772/608 588/771/607
f 599/838/668 600/836/666 588/771/607 587/773/609
f 602/839/669 603/756/592 591/755/591 590/776/612
f 601/840/667 602/839/669 590/776/612 589/778/608
f 654/831/661 666/833/663 655/759/595 643/826/656
f 583/760/596 595/800/632 596/841/670 584/761/597
f 586/769/605 598/835/665 599/838/668 587/773/609
f 584/761/597 596/841/670 597/834/664 585/768/604
f 592/758/594 604/757/593 605/764/600 593/763/599
f 594/766/602 606/765/601 595/800/632 583/760/596
f 665/781/615 593/763/599 594/766/602 666/833/663
f 597/834/664 609/804/636 610/786/620 598/835/665
f 612/791/625 613/793/627 601/837/667 600/836/666
f 611/789/623 612/791/625 600/836/666 599/838/668
f 614/796/629 615/782/616 603/756/592 602/839/669
f 613/797/627 614/796/629 602/839/669 601/840/667
f 666/833/663 594/766/602 583/760/596 655/759/595
f 595/800/632 607/799/631 608/801/633 596/841/670
f 598/835/665 610/786/620 611/789/623 599/838/668
f 596/841/670 608/801/633 609/804/636 597/834/664
f 619/805/637 630/808/640 510/654/510 499/669/523
f 630/808/640 629/807/639 509/652/508 510/654/510
f 629/807/639 628/806/638 508/650/506 509/652/508
f 628/806/638 627/798/630 507/647/503 508/650/506
f 627/798/630 626/795/628 506/697/550 507/647/503
f 626/795/628 625/794/626 505/698/548 506/697/550
f 625/792/626 624/790/624 504/696/549 505/695/548
f 624/790/624 623/788/622 503/702/554 504/696/549
f 623/788/622 622/787/621 502/701/553 503/702/554
f 622/787/621 621/803/635 501/700/552 502/701/553
f 621/803/635 620/802/634 500/699/551 501/700/552
f 620/802/634 619/805/637 499/669/523 500/699/551
f 632/821/651 633/824/654 573/742/586 572/741/585
f 633/824/654 634/809/641 574/734/579 573/742/586
f 634/809/641 635/812/644 575/735/580 574/734/579
f 635/812/644 636/813/645 576/736/581 575/735/580
f 636/813/645 637/814/646 577/737/582 576/736/581
f 637/818/646 638/817/648 578/739/583 577/738/582
f 638/817/648 639/820/650 579/740/584 578/739/583
f 639/820/650 640/828/658 580/744/588 579/740/584
f 640/828/658 641/830/660 581/745/589 580/744/588
f 641/830/660 642/832/662 582/746/590 581/745/589
f 642/832/662 631/825/655 571/743/587 582/746/590
f 631/825/655 632/821/651 572/741/585 571/743/587
f 551/714/562 552/716/564 540/748/534 539/754/533
f 515/658/514 516/660/516 504/696/549 503/702/554
f 675/647/671 687/648/672 688/649/673 676/650/674
f 676/650/674 688/649/673 689/651/675 677/652/676
f 677/652/676 689/651/675 690/653/677 678/654/678
f 682/655/679 694/656/680 695/657/681 683/658/682
f 695/657/681 696/659/683 684/660/684 683/658/682
f 696/659/683 697/661/685 685/662/686 684/660/684
f 697/663/685 698/664/687 686/665/688 685/666/686
f 698/664/687 699/667/689 687/648/672 686/665/688
f 678/654/678 690/653/677 679/668/690 667/669/691
f 680/670/692 692/671/693 693/672/694 681/673/695
f 681/673/695 693/672/694 694/656/680 682/655/679
f 679/668/690 691/674/696 692/671/693 680/670/692
f 687/648/672 699/667/689 700/675/697 688/649/673
f 688/649/673 700/675/697 701/676/698 689/651/675
f 689/651/675 701/676/698 702/677/699 690/653/677
f 694/656/680 706/678/700 707/679/701 695/657/681
f 707/679/701 708/680/702 696/659/683 695/657/681
f 708/680/702 709/681/703 697/661/685 696/659/683
f 709/682/703 710/683/704 698/664/687 697/663/685
f 710/683/704 711/684/705 699/667/689 698/664/687
f 690/653/677 702/677/699 691/674/696 679/668/690
f 692/671/693 704/685/706 705/686/707 693/672/694
f 693/672/694 705/686/707 706/678/700 694/656/680
f 691/674/696 703/687/708 704/685/706 692/671/693
f 699/667/689 711/684/705 712/688/709 700/675/697
f 700/675/697 712/688/709 713/689/710 701/676/698
f 701/676/698 713/689/710 714/690/711 702/677/699
f 828/691/712 829/692/713 817/693/714 816/694/715
f 684/660/684 685/662/686 673/695/716 672/696/717
f 685/666/686 686/665/688 674/697/718 673/698/716
f 686/665/688 687/648/672 675/647/671 674/697/718
f 667/669/691 679/668/690 680/670/692 668/699/719
f 702/677/699 714/690/711 703/687/708 691/674/696
f 669/700/720 681/673/695 682/655/679 670/701/721
f 670/701/721 682/655/679 683/658/682 671/702/722
f 668/699/719 680/670/692 681/673/695 669/700/720
f 711/703/705 723/704/723 724/705/724 712/706/709
f 712/706/709 724/705/724 725/707/725 713/708/710
f 713/708/710 725/707/725 726/709/726 714/710/711
f 718/711/727 730/712/728 731/713/729 719/714/730
f 731/713/729 732/715/731 720/716/732 719/714/730
f 732/715/731 733/717/733 721/718/734 720/716/732
f 733/719/733 734/720/735 722/721/736 721/722/734
f 734/720/735 735/723/737 723/704/723 722/721/736
f 714/710/711 726/709/726 715/724/738 703/725/708
f 716/726/739 728/727/740 729/728/741 717/729/742
f 717/729/742 729/728/741 730/712/728 718/711/727
f 715/724/738 727/730/743 728/727/740 716/726/739
f 723/704/723 735/723/737 736/731/744 724/705/724
f 724/705/724 736/731/744 737/732/745 725/707/725
f 725/707/725 737/732/745 738/733/746 726/709/726
f 730/712/728 742/734/747 743/735/748 731/713/729
f 743/735/748 744/736/749 732/715/731 731/713/729
f 744/736/749 745/737/750 733/717/733 732/715/731
f 745/738/750 746/739/751 734/720/735 733/719/733
f 746/739/751 747/740/752 735/723/737 734/720/735
f 726/709/726 738/733/746 727/730/743 715/724/738
f 728/727/740 740/741/753 741/742/754 729/728/741
f 729/728/741 741/742/754 742/734/747 730/712/728
f 727/730/743 739/743/755 740/741/753 728/727/740
f 735/723/737 747/740/752 748/744/756 736/731/744
f 736/731/744 748/744/756 749/745/757 737/732/745
f 737/732/745 749/745/757 750/746/758 738/733/746
f 720/716/732 721/718/734 709/747/703 708/748/702
f 721/722/734 722/721/736 710/749/704 709/750/703
f 722/721/736 723/704/723 711/703/705 710/749/704
f 703/725/708 715/724/738 716/726/739 704/751/706
f 738/733/746 750/746/758 739/743/755 727/730/743
f 705/752/707 717/729/742 718/711/727 706/753/700
f 706/753/700 718/711/727 719/714/730 707/754/701
f 704/751/706 716/726/739 717/729/742 705/752/707
f 759/755/759 771/756/760 772/757/761 760/758/762
f 823/759/763 751/760/764 752/761/765 824/762/766
f 761/763/767 773/764/768 774/765/769 762/766/770
f 825/767/771 753/768/772 754/769/773 826/770/774
f 828/691/712 756/771/775 757/772/776 829/692/713
f 755/773/777 756/771/775 828/691/712 827/774/778
f 830/775/779 758/776/780 759/755/759 831/777/781
f 757/778/776 758/776/780 830/775/779 829/779/713
f 824/762/766 752/761/765 753/768/772 825/767/771
f 831/777/781 759/755/759 760/758/762 832/780/782
f 826/770/774 754/769/773 755/773/777 827/774/778
f 832/780/782 760/758/762 761/763/767 833/781/783
f 771/756/760 783/782/784 784/783/785 772/757/761
f 772/757/761 784/783/785 785/784/786 773/764/768
f 773/764/768 785/784/786 786/785/787 774/765/769
f 778/786/788 790/787/789 791/788/790 779/789/791
f 791/788/790 792/790/792 780/791/793 779/789/791
f 792/790/792 793/792/794 781/793/795 780/791/793
f 793/794/794 794/795/796 782/796/797 781/797/795
f 794/795/796 795/798/798 783/782/784 782/796/797
f 774/765/769 786/785/787 775/799/799 763/800/800
f 776/801/801 788/802/802 789/803/803 777/804/804
f 777/804/804 789/803/803 790/787/789 778/786/788
f 775/799/799 787/805/805 788/802/802 776/801/801
f 783/782/784 795/798/798 796/806/806 784/783/785
f 784/783/785 796/806/806 797/807/807 785/784/786
f 785/784/786 797/807/807 798/808/808 786/785/787
f 802/809/809 814/810/810 815/811/811 803/812/812
f 815/811/811 816/694/715 804/813/813 803/812/812
f 816/694/715 817/693/714 805/814/814 804/813/813
f 817/815/714 818/816/815 806/817/816 805/818/814
f 818/816/815 819/819/817 807/820/818 806/817/816
f 786/785/787 798/808/808 787/805/805 775/799/799
f 800/821/819 812/822/820 813/823/821 801/824/822
f 801/824/822 813/823/821 814/810/810 802/809/809
f 799/825/823 811/826/824 812/822/820 800/821/819
f 807/820/818 819/819/817 820/827/825 808/828/826
f 808/828/826 820/827/825 821/829/827 809/830/828
f 809/830/828 821/829/827 822/831/829 810/832/830
f 827/774/778 828/691/712 816/694/715 815/811/811
f 830/775/779 831/777/781 819/819/817 818/816/815
f 829/779/713 830/775/779 818/816/815 817/815/714
f 820/827/825 832/780/782 833/781/783 821/829/827
f 810/832/830 822/831/829 811/826/824 799/825/823
f 812/822/820 824/762/766 825/767/771 813/823/821
f 813/823/821 825/767/771 826/770/774 814/810/810
f 811/826/824 823/759/763 824/762/766 812/822/820
f 819/819/817 831/777/781 832/780/782 820/827/825
f 814/810/810 826/770/774 827/774/778 815/811/811
f 821/829/827 833/781/783 834/833/831 822/831/829
f 753/768/772 765/834/832 766/835/833 754/769/773
f 768/836/834 769/837/835 757/772/776 756/771/775
f 767/838/836 768/836/834 756/771/775 755/773/777
f 770/839/837 771/756/760 759/755/759 758/776/780
f 769/840/835 770/839/837 758/776/780 757/778/776
f 822/831/829 834/833/831 823/759/763 811/826/824
f 751/760/764 763/800/800 764/841/838 752/761/765
f 754/769/773 766/835/833 767/838/836 755/773/777
f 752/761/765 764/841/838 765/834/832 753/768/772
f 760/758/762 772/757/761 773/764/768 761/763/767
f 762/766/770 774/765/769 763/800/800 751/760/764
f 833/781/783 761/763/767 762/766/770 834/833/831
f 765/834/832 777/804/804 778/786/788 766/835/833
f 780/791/793 781/793/795 769/837/835 768/836/834
f 779/789/791 780/791/793 768/836/834 767/838/836
f 782/796/797 783/782/784 771/756/760 770/839/837
f 781/797/795 782/796/797 770/839/837 769/840/835
f 834/833/831 762/766/770 751/760/764 823/759/763
f 763/800/800 775/799/799 776/801/801 764/841/838
f 766/835/833 778/786/788 779/789/791 767/838/836
f 764/841/838 776/801/801 777/804/804 765/834/832
f 787/805/805 798/808/808 678/654/678 667/669/691
f 798/808/808 797/807/807 677/652/676 678/654/678
f 797/807/807 796/806/806 676/650/674 677/652/676
f 796/806/806 795/798/798 675/647/671 676/650/674
f 795/798/798 794/795/796 674/697/718 675/647/671
f 794/795/796 793/794/794 673/698/716 674/697/718
f 793/792/794 792/790/792 672/696/717 673/695/716
f 792/790/792 791/788/790 671/702/722 672/696/717
f 791/788/790 790/787/789 670/701/721 671/702/722
f 790/787/789 789/803/803 669/700/720 670/701/721
f 789/803/803 788/802/802 668/699/719 669/700/720
f 788/802/802 787/805/805 667/669/691 668/699/719
f 800/821/819 801/824/822 741/742/754 740/741/753
f 801/824/822 802/809/809 742/734/747 741/742/754
f 802/809/809 803/812/812 743/735/748 742/734/747
f 803/812/812 804/813/813 744/736/749 743/735/748
f 804/813/813 805/814/814 745/737/750 744/736/749
f 805/818/814 806/817/816 746/739/751 745/738/750
f 806/817/816 807/820/818 747/740/752 746/739/751
f 807/820/818 808/828/826 748/744/756 747/740/752
f 808/828/826 809/830/828 749/745/757 748/744/756
f 809/830/828 810/832/830 750/746/758 749/745/757
f 810/832/830 799/825/823 739/743/755 750/746/758
f 799/825/823 800/821/819 740/741/753 739/743/755
f 719/714/730 720/716/732 708/748/702 707/754/701
f 683/658/682 684/660/684 672/696/717 671/702/722
f 843/647/839 855/648/840 856/649/841 844/650/842
f 844/650/842 856/649/841 857/651/843 845/652/844
f 845/652/844 857/651/843 858/653/845 846/654/846
f 850/655/847 862/656/848 863/657/849 851/658/850
f 863/657/849 864/659/851 852/660/852 851/658/850
f 864/659/851 865/661/853 853/662/854 852/660/852
f 865/663/853 866/664/855 854/665/856 853/666/854
f 866/664/855 867/667/857 855/648/840 854/665/856
f 846/654/846 858/653/845 847/668/858 835/669/859
f 848/670/860 860/671/861 861/672/862 849/673/863
f 849/673/863 861/672/862 862/656/848 850/655/847
f 847/668/858 859/674/864 860/671/861 848/670/860
f 855/648/840 867/667/857 868/675/865 856/649/841
f 856/649/841 868/675/865 869/676/866 857/651/843
f 857/651/843 869/676/866 870/677/867 858/653/845
f 862/656/848 874/678/868 875/679/869 863/657/849
f 875/679/869 876/680/870 864/659/851 863/657/849
f 876/680/870 877/681/871 865/661/853 864/659/851
f 877/682/871 878/683/872 866/664/855 865/663/853
f 878/683/872 879/684/873 867/667/857 866/664/855
f 858/653/845 870/677/867 859/674/864 847/668/858
f 860/671/861 872/685/874 873/686/875 861/672/862
f 861/672/862 873/686/875 874/678/868 862/656/848
f 859/674/864 871/687/876 872/685/874 860/671/861
f 867/667/857 879/684/873 880/688/877 868/675/865
f 868/675/865 880/688/877 881/689/878 869/676/866
f 869/676/866 881/689/878 882/690/879 870/677/867
f 996/691/880 997/692/881 985/693/882 984/694/883
f 852/660/852 853/662/854 841/695/884 840/696/885
f 853/666/854 854/665/856 842/697/886 841/698/884
f 854/665/856 855/648/840 843/647/839 842/697/886
f 835/669/859 847/668/858 848/670/860 836/699/887
f 870/677/867 882/690/879 871/687/876 859/674/864
f 837/700/888 849/673/863 850/655/847 838/701/889
f 838/701/889 850/655/847 851/658/850 839/702/890
f 836/699/887 848/670/860 849/673/863 837/700/888
f 879/703/873 891/704/891 892/705/892 880/706/877
f 880/706/877 892/705/892 893/707/893 881/708/878
f 881/708/878 893/707/893 894/709/894 882/710/879
f 886/711/895 898/712/896 899/713/897 887/714/898
f 899/713/897 900/715/899 888/716/900 887/714/898
f 900/715/899 901/717/901 889/718/902 888/716/900
f 901/719/901 902/720/903 890/721/904 889/722/902
f 902/720/903 903/723/905 891/704/891 890/721/904
f 882/710/879 894/709/894 883/724/906 871/725/876
f 884/726/907 896/727/908 897/728/909 885/729/910
f 885/729/910 897/728/909 898/712/896 886/711/895
f 883/724/906 895/730/911 896/727/908 884/726/907
f 891/704/891 903/723/905 904/731/912 892/705/892
f 892/705/892 904/731/912 905/732/913 893/707/893
f 893/707/893 905/732/913 906/733/914 894/709/894
f 898/712/896 910/734/915 911/735/916 899/713/897
f 911/735/916 912/736/917 900/715/899 899/713/897
f 912/736/917 913/737/918 901/717/901 900/715/899
f 913/738/918 914/739/919 902/720/903 901/719/901
f 914/739/919 915/740/920 903/723/905 902/720/903
f 894/709/894 906/733/914 895/730/911 883/724/906
f 896/727/908 908/741/921 909/742/922 897/728/909
f 897/728/909 909/742/922 910/734/915 898/712/896
f 895/730/911 907/743/923 908/741/921 896/727/908
f 903/723/905 915/740/920 916/744/924 904/731/912
f 904/731/912 916/744/924 917/745/925 905/732/913
f 905/732/913 917/745/925 918/746/926 906/733/914
f 888/716/900 889/718/902 877/747/871 876/748/870
f 889/722/902 890/721/904 878/749/872 877/750/871
f 890/721/904 891/704/891 879/703/873 878/749/872
f 871/725/876 883/724/906 884/726/907 872/751/874
f 906/733/914 918/746/926 907/743/923 895/730/911
f 873/752/875 885/729/910 886/711/895 874/753/868
f 874/753/868 886/711/895 887/714/898 875/754/869
f 872/751/874 884/726/907 885/729/910 873/752/875
f 927/755/927 939/756/928 940/757/929 928/758/930
f 991/759/931 919/760/932 920/761/933 992/762/934
f 929/763/935 941/764/936 942/765/937 930/766/938
f 993/767/939 921/768/940 922/769/941 994/770/942
f 996/691/880 924/771/943 925/772/944 997/692/881
f 923/773/945 924/771/943 996/691/880 995/774/946
f 998/775/947 926/776/948 927/755/927 999/777/949
f 925/778/944 926/776/948 998/775/947 997/779/881
f 992/762/934 920/761/933 921/768/940 993/767/939
f 999/777/949 927/755/927 928/758/930 1000/780/950
f 994/770/942 922/769/941 923/773/945 995/774/946
f 1000/780/950 928/758/930 929/763/935 1001/781/951
f 939/756/928 951/782/952 952/783/953 940/757/929
f 940/757/929 952/783/953 953/784/954 941/764/936
f 941/764/936 953/784/954 954/785/955 942/765/937
f 946/786/956 958/787/957 959/788/958 947/789/959
f 959/788/958 960/790/960 948/791/961 947/789/959
f 960/790/960 961/792/962 949/793/963 948/791/961
f 961/794/962 962/795/964 950/796/965 949/797/963
f 962/795/964 963/798/966 951/782/952 950/796/965
f 942/765/937 954/785/955 943/799/967 931/800/968
f 944/801/969 956/802/970 957/803/971 945/804/972
f 945/804/972 957/803/971 958/787/957 946/786/956
f 943/799/967 955/805/973 956/802/970 944/801/969
f 951/782/952 963/798/966 964/806/974 952/783/953
f 952/783/953 964/806/974 965/807/975 953/784/954
f 953/784/954 965/807/975 966/808/976 954/785/955
f 970/809/977 982/810/978 983/811/979 971/812/980
f 983/811/979 984/694/883 972/813/981 971/812/980
f 984/694/883 985/693/882 973/814/982 972/813/981
f 985/815/882 986/816/983 974/817/984 973/818/982
f 986/816/983 987/819/985 975/820/986 974/817/984
f 954/785/955 966/808/976 955/805/973 943/799/967
f 968/821/987 980/822/988 981/823/989 969/824/990
f 969/824/990 981/823/989 982/810/978 970/809/977
f 967/825/991 979/826/992 980/822/988 968/821/987
f 975/820/986 987/819/985 988/827/993 976/828/994
f 976/828/994 988/827/993 989/829/995 977/830/996
f 977/830/996 989/829/995 990/831/997 978/832/998
f 995/774/946 996/691/880 984/694/883 983/811/979
f 998/775/947 999/777/949 987/819/985 986/816/983
f 997/779/881 998/775/947 986/816/983 985/815/882
f 988/827/993 1000/780/950 1001/781/951 989/829/995
f 978/832/998 990/831/997 979/826/992 967/825/991
f 980/822/988 992/762/934 993/767/939 981/823/989
f 981/823/989 993/767/939 994/770/942 982/810/978
f 979/826/992 991/759/931 992/762/934 980/822/988
f 987/819/985 999/777/949 1000/780/950 988/827/993
f 982/810/978 994/770/942 995/774/946 983/811/979
f 989/829/995 1001/781/951 1002/833/999 990/831/997
f 921/768/940 933/834/1000 934/835/1001 922/769/941
f 936/836/1002 937/837/1003 925/772/944 924/771/943
f 935/838/1004 936/836/1002 924/771/943 923/773/945
f 938/839/1005 939/756/928 927/755/927 926/776/948
f 937/840/1003 938/839/1005 926/776/948 925/778/944
f 990/831/997 1002/833/999 991/759/931 979/826/992
f 919/760/932 931/800/968 932/841/1006 920/761/933
f 922/769/941 934/835/1001 935/838/1004 923/773/945
f 920/761/933 932/841/1006 933/834/1000 921/768/940
f 928/758/930 940/757/929 941/764/936 929/763/935
f 930/766/938 942/765/937 931/800/968 919/760/932
f 1001/781/951 929/763/935 930/766/938 1002/833/999
f 933/834/1000 945/804/972 946/786/956 934/835/1001
f 948/791/961 949/793/963 937/837/1003 936/836/1002
f 947/789/959 948/791/961 936/836/1002 935/838/1004
f 950/796/965 951/782/952 939/756/928 938/839/1005
f 949/797/963 950/796/965 938/839/1005 937/840/1003
f 1002/833/999 930/766/938 919/760/932 991/759/931
f 931/800/968 943/799/967 944/801/969 932/841/1006
f 934/835/1001 946/786/956 947/789/959 935/838/1004
f 932/841/1006 944/801/969 945/804/972 933/834/1000
f 955/805/973 966/808/976 846/654/846 835/669/859
f 966/808/976 965/807/975 845/652/844 846/654/846
f 965/807/975 964/806/974 844/650/842 845/652/844
f 964/806/974 963/798/966 843/647/839 844/650/842
f 963/798/966 962/795/964 842/697/886 843/647/839
f 962/795/964 961/794/962 841/698/884 842/697/886
f 961/792/962 960/790/960 840/696/885 841/695/884
f 960/790/960 959/788/958 839/702/890 840/696/885
f 959/788/958 958/787/957 838/701/889 839/702/890
f 958/787/957 957/803/971 837/700/888 838/701/889
f 957/803/971 956/802/970 836/699/887 837/700/888
f 956/802/970 955/805/973 835/669/859 836/699/887
f 968/821/987 969/824/990 909/742/922 908/741/921
f 969/824/990 970/809/977 910/734/915 909/742/922
f 970/809/977 971/812/980 911/735/916 910/734/915
f 971/812/980 972/813/981 912/736/917 911/735/916
f 972/813/981 973/814/982 913/737/918 912/736/917
f 973/818/982 974/817/984 914/739/919 913/738/918
f 974/817/984 975/820/986 915/740/920 914/739/919
f 975/820/986 976/828/994 916/744/924 915/740/920
f 976/828/994 977/830/996 917/745/925 916/744/924
f 977/830/996 978/832/998 918/746/926 917/745/925
f 978/832/998 967/825/991 907/743/923 918/746/926
f 967/825/991 968/821/987 908/741/921 907/743/923
f 887/714/898 888/716/900 876/748/870 875/754/869
f 851/658/850 852/660/852 840/696/885 839/702/890
f 1011/647/1007 1023/648/1008 1024/649/1009 1012/650/1010
f 1012/650/1010 1024/649/1009 1025/651/1011 1013/652/1012
f 1013/652/1012 1025/651/1011 1026/653/1013 1014/654/1014
f 1018/655/1015 1030/656/1016 1031/657/1017 1019/658/1018
f 1031/657/1017 1032/659/1019 1020/660/1020 1019/658/1018
f 1032/659/1019 1033/661/1021 1021/662/1022 1020/660/1020
f 1033/663/1021 1034/664/1023 1022/665/1024 1021/666/1022
f 1034/664/1023 1035/667/1025 1023/648/1008 1022/665/1024
f 1014/654/1014 1026/653/1013 1015/668/1026 1003/669/1027
f 1016/670/1028 1028/671/1029 1029/672/1030 1017/673/1031
f 1017/673/1031 1029/672/1030 1030/656/1016 1018/655/1015
f 1015/668/1026 1027/674/1032 1028/671/1029 1016/670/1028
f 1023/648/1008 1035/667/1025 1036/675/1033 1024/649/1009
f 1024/649/1009 1036/675/1033 1037/676/1034 1025/651/1011
f 1025/651/1011 1037/676/1034 1038/677/1035 1026/653/1013
f 1030/656/1016 1042/678/1036 1043/679/1037 1031/657/1017
f 1043/679/1037 1044/680/1038 1032/659/1019 1031/657/1017
f 1044/680/1038 1045/681/1039 1033/661/1021 1032/659/1019
f 1045/682/1039 1046/683/1040 1034/664/1023 1033/663/1021
f 1046/683/1040 1047/684/1041 1035/667/1025 1034/664/1023
f 1026/653/1013 1038/677/1035 1027/674/1032 1015/668/1026
f 1028/671/1029 1040/685/1042 1041/686/1043 1029/672/1030
f 1029/672/1030 1041/686/1043 1042/678/1036 1030/656/1016
f 1027/674/1032 1039/687/1044 1040/685/1042 1028/671/1029
f 1035/667/1025 1047/684/1041 1048/688/1045 1036/675/1033
f 1036/675/1033 1048/688/1045 1049/689/1046 1037/676/1034
f 1037/676/1034 1049/689/1046 1050/690/1047 1038/677/1035
f 1164/691/1048 1165/692/1049 1153/693/1050 1152/694/1051
f 1020/660/1020 1021/662/1022 1009/695/1052 1008/696/1053
f 1021/666/1022 1022/665/1024 1010/697/1054 1009/698/1052
f 1022/665/1024 1023/648/1008 1011/647/1007 1010/697/1054
f 1003/669/1027 1015/668/1026 1016/670/1028 1004/699/1055
f 1038/677/1035 1050/690/1047 1039/687/1044 1027/674/1032
f 1005/700/1056 1017/673/1031 1018/655/1015 1006/701/1057
f 1006/701/1057 1018/655/1015 1019/658/1018 1007/702/1058
f 1004/699/1055 1016/670/1028 1017/673/1031 1005/700/1056
f 1047/703/1041 1059/704/1059 1060/705/1060 1048/706/1045
f 1048/706/1045 1060/705/1060 1061/707/1061 1049/708/1046
f 1049/708/1046 1061/707/1061 1062/709/1062 1050/710/1047
f 1054/711/1063 1066/712/1064 1067/713/1065 1055/714/1066
f 1067/713/1065 1068/715/1067 1056/716/1068 1055/714/1066
f 1068/715/1067 1069/717/1069 1057/718/1070 1056/716/1068
f 1069/719/1069 1070/720/1071 1058/721/1072 1057/722/1070
f 1070/720/1071 1071/723/1073 1059/704/1059 1058/721/1072
f 1050/710/1047 1062/709/1062 1051/724/1074 1039/725/1044
f 1052/726/1075 1064/727/1076 1065/728/1077 1053/729/1078
f 1053/729/1078 1065/728/1077 1066/712/1064 1054/711/1063
f 1051/724/1074 1063/730/1079 1064/727/1076 1052/726/1075
f 1059/704/1059 1071/723/1073 1072/731/1080 1060/705/1060
f 1060/705/1060 1072/731/1080 1073/732/1081 1061/707/1061
f 1061/707/1061 1073/732/1081 1074/733/1082 1062/709/1062
f 1066/712/1064 1078/734/1083 1079/735/1084 1067/713/1065
f 1079/735/1084 1080/736/1085 1068/715/1067 1067/713/1065
f 1080/736/1085 1081/737/1086 1069/717/1069 1068/715/1067
f 1081/738/1086 1082/739/1087 1070/720/1071 1069/719/1069
f 1082/739/1087 1083/740/1088 1071/723/1073 1070/720/1071
f 1062/709/1062 1074/733/1082 1063/730/1079 1051/724/1074
f 1064/727/1076 1076/741/1089 1077/742/1090 1065/728/1077
f 1065/728/1077 1077/742/1090 1078/734/1083 1066/712/1064
f 1063/730/1079 1075/743/1091 1076/741/1089 1064/727/1076
f 1071/723/1073 1083/740/1088 1084/744/1092 1072/731/1080
f 1072/731/1080 1084/744/1092 1085/745/1093 1073/732/1081
f 1073/732/1081 1085/745/1093 1086/746/1094 1074/733/1082
f 1056/716/1068 1057/718/1070 1045/747/1039 1044/748/1038
f 1057/722/1070 1058/721/1072 1046/749/1040 1045/750/1039
f 1058/721/1072 1059/704/1059 1047/703/1041 1046/749/1040
f 1039/725/1044 1051/724/1074 1052/726/1075 1040/751/1042
f 1074/733/1082 1086/746/1094 1075/743/1091 1063/730/1079
f 1041/752/1043 1053/729/1078 1054/711/1063 1042/753/1036
f 1042/753/1036 1054/711/1063 1055/714/1066 1043/754/1037
f 1040/751/1042 1052/726/1075 1053/729/1078 1041/752/1043
f 1095/755/1095 1107/756/1096 1108/757/1097 1096/758/1098
f 1159/759/1099 1087/760/1100 1088/761/1101 1160/762/1102
f 1097/763/1103 1109/764/1104 1110/765/1105 1098/766/1106
f 1161/767/1107 1089/768/1108 1090/769/1109 1162/770/1110
f 1164/691/1048 1092/771/1111 1093/772/1112 1165/692/1049
f 1091/773/1113 1092/771/1111 1164/691/1048 1163/774/1114
f 1166/775/1115 1094/776/1116 1095/755/1095 1167/777/1117
f 1093/778/1112 1094/776/1116 1166/775/1115 1165/779/1049
f 1160/762/1102 1088/761/1101 1089/768/1108 1161/767/1107
f 1167/777/1117 1095/755/1095 1096/758/1098 1168/780/1118
f 1162/770/1110 1090/769/1109 1091/773/1113 1163/774/1114
f 1168/780/1118 1096/758/1098 1097/763/1103 1169/781/1119
f 1107/756/1096 1119/782/1120 1120/783/1121 1108/757/1097
f 1108/757/1097 1120/783/1121 1121/784/1122 1109/764/1104
f 1109/764/1104 1121/784/1122 1122/785/1123 1110/765/1105
f 1114/786/1124 1126/787/1125 1127/788/1126 1115/789/1127
f 1127/788/1126 1128/790/1128 1116/791/1129 1115/789/1127
f 1128/790/1128 1129/792/1130 1117/793/1131 1116/791/1129
f 1129/794/1130 1130/795/1132 1118/796/1133 1117/797/1131
f 1130/795/1132 1131/798/1134 1119/782/1120 1118/796/1133
f 1110/765/1105 1122/785/1123 1111/799/1135 1099/800/1136
f 1112/801/1137 1124/802/1138 1125/803/1139 1113/804/1140
f 1113/804/1140 1125/803/1139 1126/787/1125 1114/786/1124
f 1111/799/1135 1123/805/1141 1124/802/1138 1112/801/1137
f 1119/782/1120 1131/798/1134 1132/806/1142 1120/783/1121
f 1120/783/1121 1132/806/1142 1133/807/1143 1121/784/1122
f 1121/784/1122 1133/807/1143 1134/808/1144 1122/785/1123
f 1138/809/1145 1150/810/1146 1151/811/1147 1139/812/1148
f 1151/811/1147 1152/694/1051 1140/813/1149 1139/812/1148
f 1152/694/1051 1153/693/1050 1141/814/1150 1140/813/1149
f 1153/815/1050 1154/816/1151 1142/817/1152 1141/818/1150
f 1154/816/1151 1155/819/1153 1143/820/1154 1142/817/1152
f 1122/785/1123 1134/808/1144 1123/805/1141 1111/799/1135
f 1136/821/1155 1148/822/1156 1149/823/1157 1137/824/1158
f 1137/824/1158 1149/823/1157 1150/810/1146 1138/809/1145
f 1135/825/1159 1147/826/1160 1148/822/1156 1136/821/1155
f 1143/820/1154 1155/819/1153 1156/827/1161 1144/828/1162
f 1144/828/1162 1156/827/1161 1157/829/1163 1145/830/1164
f 1145/830/1164 1157/829/1163 1158/831/1165 1146/832/1166
f 1163/774/1114 1164/691/1048 1152/694/1051 1151/811/1147
f 1166/775/1115 1167/777/1117 1155/819/1153 1154/816/1151
f 1165/779/1049 1166/775/1115 1154/816/1151 1153/815/1050
f 1156/827/1161 1168/780/1118 1169/781/1119 1157/829/1163
f 1146/832/1166 1158/831/1165 1147/826/1160 1135/825/1159
f 1148/822/1156 1160/762/1102 1161/767/1107 1149/823/1157
f 1149/823/1157 1161/767/1107 1162/770/1110 1150/810/1146
f 1147/826/1160 1159/759/1099 1160/762/1102 1148/822/1156
f 1155/819/1153 1167/777/1117 1168/780/1118 1156/827/1161
f 1150/810/1146 1162/770/1110 1163/774/1114 1151/811/1147
f 1157/829/1163 1169/781/1119 1170/833/1167 1158/831/1165
f 1089/768/1108 1101/834/1168 1102/835/1169 1090/769/1109
f 1104/836/1170 1105/837/1171 1093/772/1112 1092/771/1111
f 1103/838/1172 1104/836/1170 1092/771/1111 1091/773/1113
f 1106/839/1173 1107/756/1096 1095/755/1095 1094/776/1116
f 1105/840/1171 1106/839/1173 1094/776/1116 1093/778/1112
f 1158/831/1165 1170/833/1167 1159/759/1099 1147/826/1160
f 1087/760/1100 1099/800/1136 1100/841/1174 1088/761/1101
f 1090/769/1109 1102/835/1169 1103/838/1172 1091/773/1113
f 1088/761/1101 1100/841/1174 1101/834/1168 1089/768/1108
f 1096/758/1098 1108/757/1097 1109/764/1104 1097/763/1103
f 1098/766/1106 1110/765/1105 1099/800/1136 1087/760/1100
f 1169/781/1119 1097/763/1103 1098/766/1106 1170/833/1167
f 1101/834/1168 1113/804/1140 1114/786/1124 1102/835/1169
f 1116/791/1129 1117/793/1131 1105/837/1171 1104/836/1170
f 1115/789/1127 1116/791/1129 1104/836/1170 1103/838/1172
f 1118/796/1133 1119/782/1120 1107/756/1096 1106/839/1173
f 1117/797/1131 1118/796/1133 1106/839/1173 1105/840/1171
f 1170/833/1167 1098/766/1106 1087/760/1100 1159/759/1099
f 1099/800/1136 1111/799/1135 1112/801/1137 1100/841/1174
f 1102/835/1169 1114/786/1124 1115/789/1127 1103/838/1172
f 1100/841/1174 1112/801/1137 1113/804/1140 1101/834/1168
f 1123/805/1141 1134/808/1144 1014/654/1014 1003/669/1027
f 1134/808/1144 1133/807/1143 1013/652/1012 1014/654/1014
f 1133/807/1143 1132/806/1142 1012/650/1010 1013/652/1012
f 1132/806/1142 1131/798/1134 1011/647/1007 1012/650/1010
f 1131/798/1134 1130/795/1132 1010/697/1054 1011/647/1007
f 1130/795/1132 1129/794/1130 1009/698/1052 1010/697/1054
f 1129/792/1130 1128/790/1128 1008/696/1053 1009/695/1052
f 1128/790/1128 1127/788/1126 1007/702/1058 1008/696/1053
f 1127/788/1126 1126/787/1125 1006/701/1057 1007/702/1058
f 1126/787/1125 1125/803/1139 1005/700/1056 1006/701/1057
f 1125/803/1139 1124/802/1138 1004/699/1055 1005/700/1056
f 1124/802/1138 1123/805/1141 1003/669/1027 1004/699/1055
f 1136/821/1155 1137/824/1158 1077/742/1090 1076/741/1089
f 1137/824/1158 1138/809/1145 1078/734/1083 1077/742/1090
f 1138/809/1145 1139/812/1148 1079/735/1084 1078/734/1083
f 1139/812/1148 1140/813/1149 1080/736/1085 1079/735/1084
f 1140/813/1149 1141/814/1150 1081/737/1086 1080/736/1085
f 1141/818/1150 1142/817/1152 1082/739/1087 1081/738/1086
f 1142/817/1152 1143/820/1154 1083/740/1088 1082/739/1087
f 1143/820/1154 1144/828/1162 1084/744/1092 1083/740/1088
f 1144/828/1162 1145/830/1164 1085/745/1093 1084/744/1092
f 1145/830/1164 1146/832/1166 1086/746/1094 1085/745/1093
f 1146/832/1166 1135/825/1159 1075/743/1091 1086/746/1094
f 1135/825/1159 1136/821/1155 1076/741/1089 1075/743/1091
f 1055/714/1066 1056/716/1068 1044/748/1038 1043/754/1037
f 1019/658/1018 1020/660/1020 1008/696/1053 1007/702/1058
f 1179/647/1175 1191/648/1176 1192/649/1177 1180/650/1178
f 1180/650/1178 1192/649/1177 1193/651/1179 1181/652/1180
f 1181/652/1180 1193/651/1179 1194/653/1181 1182/654/1182
f 1186/655/1183 1198/656/1184 1199/657/1185 1187/658/1186
f 1199/657/1185 1200/659/1187 1188/660/1188 1187/658/1186
f 1200/659/1187 1201/661/1189 1189/662/1190 1188/660/1188
f 1201/663/1189 1202/664/1191 1190/665/1192 1189/666/1190
f 1202/664/1191 1203/667/1193 1191/648/1176 1190/665/1192
f 1182/654/1182 1194/653/1181 1183/668/1194 1171/669/1195
f 1184/670/1196 1196/671/1197 1197/672/1198 1185/673/1199
f 1185/673/1199 1197/672/1198 1198/656/1184 1186/655/1183
f 1183/668/1194 1195/674/1200 1196/671/1197 1184/670/1196
f 1191/648/1176 1203/667/1193 1204/675/1201 1192/649/1177
f 1192/649/1177 1204/675/1201 1205/676/1202 1193/651/1179
f 1193/651/1179 1205/676/1202 1206/677/1203 1194/653/1181
f 1198/656/1184 1210/678/1204 1211/679/1205 1199/657/1185
f 1211/679/1205 1212/680/1206 1200/659/1187 1199/657/1185
f 1212/680/1206 1213/681/1207 1201/661/1189 1200/659/1187
f 1213/682/1207 1214/683/1208 1202/664/1191 1201/663/1189
f 1214/683/1208 1215/684/1209 1203/667/1193 1202/664/1191
f 1194/653/1181 1206/677/1203 1195/674/1200 1183/668/1194
f 1196/671/1197 1208/685/1210 1209/686/1211 1197/672/1198
f 1197/672/1198 1209/686/1211 1210/678/1204 1198/656/1184
f 1195/674/1200 1207/687/1212 1208/685/1210 1196/671/1197
f 1203/667/1193 1215/684/1209 1216/688/1213 1204/675/1201
f 1204/675/1201 1216/688/1213 1217/689/1214 1205/676/1202
f 1205/676/1202 1217/689/1214 1218/690/1215 1206/677/1203
f 1332/691/1216 1333/692/1217 1321/693/1218 1320/694/1219
f 1188/660/1188 1189/662/1190 1177/695/1220 1176/696/1221
f 1189/666/1190 1190/665/1192 1178/697/1222 1177/698/1220
f 1190/665/1192 1191/648/1176 1179/647/1175 1178/697/1222
f 1171/669/1195 1183/668/1194 1184/670/1196 1172/699/1223
f 1206/677/1203 1218/690/1215 1207/687/1212 1195/674/1200
f 1173/700/1224 1185/673/1199 1186/655/1183 1174/701/1225
f 1174/701/1225 1186/655/1183 1187/658/1186 1175/702/1226
f 1172/699/1223 1184/670/1196 1185/673/1199 1173/700/1224
f 1215/703/1209 1227/704/1227 1228/705/1228 1216/706/1213
f 1216/706/1213 1228/705/1228 1229/707/1229 1217/708/1214
f 1217/708/1214 1229/707/1229 1230/709/1230 1218/710/1215
f 1222/711/1231 1234/712/1232 1235/713/1233 1223/714/1234
f 1235/713/1233 1236/715/1235 1224/716/1236 1223/714/1234
f 1236/715/1235 1237/717/1237 1225/718/1238 1224/716/1236
f 1237/719/1237 1238/720/1239 1226/721/1240 1225/722/1238
f 1238/720/1239 1239/723/1241 1227/704/1227 1226/721/1240
f 1218/710/1215 1230/709/1230 1219/724/1242 1207/725/1212
f 1220/726/1243 1232/727/1244 1233/728/1245 1221/729/1246
f 1221/729/1246 1233/728/1245 1234/712/1232 1222/711/1231
f 1219/724/1242 1231/730/1247 1232/727/1244 1220/726/1243
f 1227/704/1227 1239/723/1241 1240/731/1248 1228/705/1228
f 1228/705/1228 1240/731/1248 1241/732/1249 1229/707/1229
f 1229/707/1229 1241/732/1249 1242/733/1250 1230/709/1230
f 1234/712/1232 1246/734/1251 1247/735/1252 1235/713/1233
f 1247/735/1252 1248/736/1253 1236/715/1235 1235/713/1233
f 1248/736/1253 1249/737/1254 1237/717/1237 1236/715/1235
f 1249/738/1254 1250/739/1255 1238/720/1239 1237/719/1237
f 1250/739/1255 1251/740/1256 1239/723/1241 1238/720/1239
f 1230/709/1230 1242/733/1250 1231/730/1247 1219/724/1242
f 1232/727/1244 1244/741/1257 1245/742/1258 1233/728/1245
f 1233/728/1245 1245/742/1258 1246/734/1251 1234/712/1232
f 1231/730/1247 1243/743/1259 1244/741/1257 1232/727/1244
f 1239/723/1241 1251/740/1256 1252/744/1260 1240/731/1248
f 1240/731/1248 1252/744/1260 1253/745/1261 1241/732/1249
f 1241/732/1249 1253/745/1261 1254/746/1262 1242/733/1250
f 1224/716/1236 1225/718/1238 1213/747/1207 1212/748/1206
f 1225/722/1238 1226/721/1240 1214/749/1208 1213/750/1207
f 1226/721/1240 1227/704/1227 1215/703/1209 1214/749/1208
f 1207/725/1212 1219/724/1242 1220/726/1243 1208/751/1210
f 1242/733/1250 1254/746/1262 1243/743/1259 1231/730/1247
f 1209/752/1211 1221/729/1246 1222/711/1231 1210/753/1204
f 1210/753/1204 1222/711/1231 1223/714/1234 1211/754/1205
f 1208/751/1210 1220/726/1243 1221/729/1246 1209/752/1211
f 1263/755/1263 1275/756/1264 1276/757/1265 1264/758/1266
f 1327/759/1267 1255/760/1268 1256/761/1269 1328/762/1270
f 1265/763/1271 1277/764/1272 1278/765/1273 1266/766/1274
f 1329/767/1275 1257/768/1276 1258/769/1277 1330/770/1278
f 1332/691/1216 1260/771/1279 1261/772/1280 1333/692/1217
f 1259/773/1281 1260/771/1279 1332/691/1216 1331/774/1282
f 1334/775/1283 1262/776/1284 1263/755/1263 1335/777/1285
f 1261/778/1280 1262/776/1284 1334/775/1283 1333/779/1217
f 1328/762/1270 1256/761/1269 1257/768/1276 1329/767/1275
f 1335/777/1285 1263/755/1263 1264/758/1266 1336/780/1286
f 1330/770/1278 1258/769/1277 1259/773/1281 1331/774/1282
f 1336/780/1286 1264/758/1266 1265/763/1271 1337/781/1287
f 1275/756/1264 1287/782/1288 1288/783/1289 1276/757/1265
f 1276/757/1265 1288/783/1289 1289/784/1290 1277/764/1272
f 1277/764/1272 1289/784/1290 1290/785/1291 1278/765/1273
f 1282/786/1292 1294/787/1293 1295/788/1294 1283/789/1295
f 1295/788/1294 1296/790/1296 1284/791/1297 1283/789/1295
f 1296/790/1296 1297/792/1298 1285/793/1299 1284/791/1297
f 1297/794/1298 1298/795/1300 1286/796/1301 1285/797/1299
f 1298/795/1300 1299/798/1302 1287/782/1288 1286/796/1301
f 1278/765/1273 1290/785/1291 1279/799/1303 1267/800/1304
f 1280/801/1305 1292/802/1306 1293/803/1307 1281/804/1308
f 1281/804/1308 1293/803/1307 1294/787/1293 1282/786/1292
f 1279/799/1303 1291/805/1309 1292/802/1306 1280/801/1305
f 1287/782/1288 1299/798/1302 1300/806/1310 1288/783/1289
f 1288/783/1289 1300/806/1310 1301/807/1311 1289/784/1290
f 1289/784/1290 1301/807/1311 1302/808/1312 1290/785/1291
f 1306/809/1313 1318/810/1314 1319/811/1315 1307/812/1316
f 1319/811/1315 1320/694/1219 1308/813/1317 1307/812/1316
f 1320/694/1219 1321/693/1218 1309/814/1318 1308/813/1317
f 1321/815/1218 1322/816/1319 1310/817/1320 1309/818/1318
f 1322/816/1319 1323/819/1321 1311/820/1322 1310/817/1320
f 1290/785/1291 1302/808/1312 1291/805/1309 1279/799/1303
f 1304/821/1323 1316/822/1324 1317/823/1325 1305/824/1326
f 1305/824/1326 1317/823/1325 1318/810/1314 1306/809/1313
f 1303/825/1327 1315/826/1328 1316/822/1324 1304/821/1323
f 1311/820/1322 1323/819/1321 1324/827/1329 1312/828/1330
f 1312/828/1330 1324/827/1329 1325/829/1331 1313/830/1332
f 1313/830/1332 1325/829/1331 1326/831/1333 1314/832/1334
f 1331/774/1282 1332/691/1216 1320/694/1219 1319/811/1315
f 1334/775/1283 1335/777/1285 1323/819/1321 1322/816/1319
f 1333/779/1217 1334/775/1283 1322/816/1319 1321/815/1218
f 1324/827/1329 1336/780/1286 1337/781/1287 1325/829/1331
f 1314/832/1334 1326/831/1333 1315/826/1328 1303/825/1327
f 1316/822/1324 1328/762/1270 1329/767/1275 1317/823/1325
f 1317/823/1325 1329/767/1275 1330/770/1278 1318/810/1314
f 1315/826/1328 1327/759/1267 1328/762/1270 1316/822/1324
f 1323/819/1321 1335/777/1285 1336/780/1286 1324/827/1329
f 1318/810/1314 1330/770/1278 1331/774/1282 1319/811/1315
f 1325/829/1331 1337/781/1287 1338/833/1335 1326/831/1333
f 1257/768/1276 1269/834/1336 1270/835/1337 1258/769/1277
f 1272/836/1338 1273/837/1339 1261/772/1280 1260/771/1279
f 1271/838/1340 1272/836/1338 1260/771/1279 1259/773/1281
f 1274/839/1341 1275/756/1264 1263/755/1263 1262/776/1284
f 1273/840/1339 1274/839/1341 1262/776/1284 1261/778/1280
f 1326/831/1333 1338/833/1335 1327/759/1267 1315/826/1328
f 1255/760/1268 1267/800/1304 1268/841/1342 1256/761/1269
f 1258/769/1277 1270/835/1337 1271/838/1340 1259/773/1281
f 1256/761/1269 1268/841/1342 1269/834/1336 1257/768/1276
f 1264/758/1266 1276/757/1265 1277/764/1272 1265/763/1271
f 1266/766/1274 1278/765/1273 1267/800/1304 1255/760/1268
f 1337/781/1287 1265/763/1271 1266/766/1274 1338/833/1335
f 1269/834/1336 1281/804/1308 1282/786/1292 1270/835/1337
f 1284/791/1297 1285/793/1299 1273/837/1339 1272/836/1338
f 1283/789/1295 1284/791/1297 1272/836/1338 1271/838/1340
f 1286/796/1301 1287/782/1288 1275/756/1264 1274/839/1341
f 1285/797/1299 1286/796/1301 1274/839/1341 1273/840/1339
f 1338/833/1335 1266/766/1274 1255/760/1268 1327/759/1267
f 1267/800/1304 1279/799/1303 1280/801/1305 1268/841/1342
f 1270/835/1337 1282/786/1292 1283/789/1295 1271/838/1340
f 1268/841/1342 1280/801/1305 1281/804/1308 1269/834/1336
f 1291/805/1309 1302/808/1312 1182/654/1182 1171/669/1195
f 1302/808/1312 1301/807/1311 1181/652/1180 1182/654/1182
f 1301/807/1311 1300/806/1310 1180/650/1178 1181/652/1180
f 1300/806/1310 1299/798/1302 1179/647/1175 1180/650/1178
f 1299/798/1302 1298/795/1300 1178/697/1222 1179/647/1175
f 1298/795/1300 1297/794/1298 1177/698/1220 1178/697/1222
f 1297/792/1298 1296/790/1296 1176/696/1221 1177/695/1220
f 1296/790/1296 1295/788/1294 1175/702/1226 1176/696/1221
f 1295/788/1294 1294/787/1293 1174/701/1225 1175/702/1226
f 1294/787/1293 1293/803/1307 1173/700/1224 1174/701/1225
f 1293/803/1307 1292/802/1306 1172/699/1223 1173/700/1224
f 1292/802/1306 1291/805/1309 1171/669/1195 1172/699/1223
f 1304/821/1323 1305/824/1326 1245/742/1258 1244/741/1257
f 1305/824/1326 1306/809/1313 1246/734/1251 1245/742/1258
f 1306/809/1313 1307/812/1316 1247/735/1252 1246/734/1251
f 1307/812/1316 1308/813/1317 1248/736/1253 1247/735/1252
f 1308/813/1317 1309/814/1318 1249/737/1254 1248/736/1253
f 1309/818/1318 1310/817/1320 1250/739/1255 1249/738/1254
f 1310/817/1320 1311/820/1322 1251/740/1256 1250/739/1255
f 1311/820/1322 1312/828/1330 1252/744/1260 1251/740/1256
f 1312/828/1330 1313/830/1332 1253/745/1261 1252/744/1260
f 1313/830/1332 1314/832/1334 1254/746/1262 1253/745/1261
f 1314/832/1334 1303/825/1327 1243/743/1259 1254/746/1262
f 1303/825/1327 1304/821/1323 1244/741/1257 1243/743/1259
f 1223/714/1234 1224/716/1236 1212/748/1206 1211/754/1205
f 1187/658/1186 1188/660/1188 1176/696/1221 1175/702/1226
f 1347/647/1343 1359/648/1344 1360/649/1345 1348/650/1346
f 1348/650/1346 1360/649/1345 1361/651/1347 1349/652/1348
f 1349/652/1348 1361/651/1347 1362/653/1349 1350/654/1350
f 1354/655/1351 1366/656/1352 1367/657/1353 1355/658/1354
f 1367/657/1353 1368/659/1355 1356/660/1356 1355/658/1354
f 1368/659/1355 1369/661/1357 1357/662/1358 1356/660/1356
f 1369/663/1357 1370/664/1359 1358/665/1360 1357/666/1358
f 1370/664/1359 1371/667/1361 1359/648/1344 1358/665/1360
f 1350/654/1350 1362/653/1349 1351/668/1362 1339/669/1363
f 1352/670/1364 1364/671/1365 1365/672/1366 1353/673/1367
f 1353/673/1367 1365/672/1366 1366/656/1352 1354/655/1351
f 1351/668/1362 1363/674/1368 1364/671/1365 1352/670/1364
f 1359/648/1344 1371/667/1361 1372/675/1369 1360/649/1345
f 1360/649/1345 1372/675/1369 1373/676/1370 1361/651/1347
f 1361/651/1347 1373/676/1370 1374/677/1371 1362/653/1349
f 1366/656/1352 1378/678/1372 1379/679/1373 1367/657/1353
f 1379/679/1373 1380/680/1374 1368/659/1355 1367/657/1353
f 1380/680/1374 1381/681/1375 1369/661/1357 1368/659/1355
f 1381/682/1375 1382/683/1376 1370/664/1359 1369/663/1357
f 1382/683/1376 1383/684/1377 1371/667/1361 1370/664/1359
f 1362/653/1349 1374/677/1371 1363/674/1368 1351/668/1362
f 1364/671/1365 1376/685/1378 1377/686/1379 1365/672/1366
f 1365/672/1366 1377/686/1379 1378/678/1372 1366/656/1352
f 1363/674/1368 1375/687/1380 1376/685/1378 1364/671/1365
f 1371/667/1361 1383/684/1377 1384/688/1381 1372/675/1369
f 1372/675/1369 1384/688/1381 1385/689/1382 1373/676/1370
f 1373/676/1370 1385/689/1382 1386/690/1383 1374/677/1371
f 1500/691/1384 1501/692/1385 1489/693/1386 1488/694/1387
f 1356/660/1356 1357/662/1358 1345/695/1388 1344/696/1389
f 1357/666/1358 1358/665/1360 1346/697/1390 1345/698/1388
f 1358/665/1360 1359/648/1344 1347/647/1343 1346/697/1390
f 1339/669/1363 1351/668/1362 1352/670/1364 1340/699/1391
f 1374/677/1371 1386/690/1383 1375/687/1380 1363/674/1368
f 1341/700/1392 1353/673/1367 1354/655/1351 1342/701/1393
f 1342/701/1393 1354/655/1351 1355/658/1354 1343/702/1394
f 1340/699/1391 1352/670/1364 1353/673/1367 1341/700/1392
f 1383/703/1377 1395/704/1395 1396/705/1396 1384/706/1381
f 1384/706/1381 1396/705/1396 1397/707/1397 1385/708/1382
f 1385/708/1382 1397/707/1397 1398/709/1398 1386/710/1383
f 1390/711/1399 1402/712/1400 1403/713/1401 1391/714/1402
f 1403/713/1401 1404/715/1403 1392/716/1404 1391/714/1402
f 1404/715/1403 1405/717/1405 1393/718/1406 1392/716/1404
f 1405/719/1405 1406/720/1407 1394/721/1408 1393/722/1406
f 1406/720/1407 1407/723/1409 1395/704/1395 1394/721/1408
f 1386/710/1383 1398/709/1398 1387/724/1410 1375/725/1380
f 1388/726/1411 1400/727/1412 1401/728/1413 1389/729/1414
f 1389/729/1414 1401/728/1413 1402/712/1400 1390/711/1399
f 1387/724/1410 1399/730/1415 1400/727/1412 1388/726/1411
f 1395/704/1395 1407/723/1409 1408/731/1416 1396/705/1396
f 1396/705/1396 1408/731/1416 1409/732/1417 1397/707/1397
f 1397/707/1397 1409/732/1417 1410/733/1418 1398/709/1398
f 1402/712/1400 1414/734/1419 1415/735/1420 1403/713/1401
f 1415/735/1420 1416/736/1421 1404/715/1403 1403/713/1401
f 1416/736/1421 1417/737/1422 1405/717/1405 1404/715/1403
f 1417/738/1422 1418/739/1423 1406/720/1407 1405/719/1405
f 1418/739/1423 1419/740/1424 1407/723/1409 1406/720/1407
f 1398/709/1398 1410/733/1418 1399/730/1415 1387/724/1410
f 1400/727/1412 1412/741/1425 1413/742/1426 1401/728/1413
f 1401/728/1413 1413/742/1426 1414/734/1419 1402/712/1400
f 1399/730/1415 1411/743/1427 1412/741/1425 1400/727/1412
f 1407/723/1409 1419/740/1424 1420/744/1428 1408/731/1416
f 1408/731/1416 1420/744/1428 1421/745/1429 1409/732/1417
f 1409/732/1417 1421/745/1429 1422/746/1430 1410/733/1418
f 1392/716/1404 1393/718/1406 1381/747/1375 1380/748/1374
f 1393/722/1406 1394/721/1408 1382/749/1376 1381/750/1375
f 1394/721/1408 1395/704/1395 1383/703/1377 1382/749/1376
f 1375/725/1380 1387/724/1410 1388/726/1411 1376/751/1378
f 1410/733/1418 1422/746/1430 1411/743/1427 1399/730/1415
f 1377/752/1379 1389/729/1414 1390/711/1399 1378/753/1372
f 1378/753/1372 1390/711/1399 1391/714/1402 1379/754/1373
f 1376/751/1378 1388/726/1411 1389/729/1414 1377/752/1379
f 1431/755/1431 1443/756/1432 1444/757/1433 1432/758/1434
f 1495/759/1435 1423/760/1436 1424/761/1437 1496/762/1438
f 1433/763/1439 1445/764/1440 1446/765/1441 1434/766/1442
f 1497/767/1443 1425/768/1444 1426/769/1445 1498/770/1446
f 1500/691/1384 1428/771/1447 1429/772/1448 1501/692/1385
f 1427/773/1449 1428/771/1447 1500/691/1384 1499/774/1450
f 1502/775/1451 1430/776/1452 1431/755/1431 1503/777/1453
f 1429/778/1448 1430/776/1452 1502/775/1451 1501/779/1385
f 1496/762/1438 1424/761/1437 1425/768/1444 1497/767/1443
f 1503/777/1453 1431/755/1431 1432/758/1434 1504/780/1454
f 1498/770/1446 1426/769/1445 1427/773/1449 1499/774/1450
f 1504/780/1454 1432/758/1434 1433/763/1439 1505/781/1455
f 1443/756/1432 1455/782/1456 1456/783/1457 1444/757/1433
f 1444/757/1433 1456/783/1457 1457/784/1458 1445/764/1440
f 1445/764/1440 1457/784/1458 1458/785/1459 1446/765/1441
f 1450/786/1460 1462/787/1461 1463/788/1462 1451/789/1463
f 1463/788/1462 1464/790/1464 1452/791/1465 1451/789/1463
f 1464/790/1464 1465/792/1466 1453/793/1467 1452/791/1465
f 1465/794/1466 1466/795/1468 1454/796/1469 1453/797/1467
f 1466/795/1468 1467/798/1470 1455/782/1456 1454/796/1469
f 1446/765/1441 1458/785/1459 1447/799/1471 1435/800/1472
f 1448/801/1473 1460/802/1474 1461/803/1475 1449/804/1476
f 1449/804/1476 1461/803/1475 1462/787/1461 1450/786/1460
f 1447/799/1471 1459/805/1477 1460/802/1474 1448/801/1473
f 1455/782/1456 1467/798/1470 1468/806/1478 1456/783/1457
f 1456/783/1457 1468/806/1478 1469/807/1479 1457/784/1458
f 1457/784/1458 1469/807/1479 1470/808/1480 1458/785/1459
f 1474/809/1481 1486/810/1482 1487/811/1483 1475/812/1484
f 1487/811/1483 1488/694/1387 1476/813/1485 1475/812/1484
f 1488/694/1387 1489/693/1386 1477/814/1486 1476/813/1485
f 1489/815/1386 1490/816/1487 1478/817/1488 1477/818/1486
f 1490/816/1487 1491/819/1489 1479/820/1490 1478/817/1488
f 1458/785/1459 1470/808/1480 1459/805/1477 1447/799/1471
f 1472/821/1491 1484/822/1492 1485/823/1493 1473/824/1494
f 1473/824/1494 1485/823/1493 1486/810/1482 1474/809/1481
f 1471/825/1495 1483/826/1496 1484/822/1492 1472/821/1491
f 1479/820/1490 1491/819/1489 1492/827/1497 1480/828/1498
f 1480/828/1498 1492/827/1497 1493/829/1499 1481/830/1500
f 1481/830/1500 1493/829/1499 1494/831/1501 1482/832/1502
f 1499/774/1450 1500/691/1384 1488/694/1387 1487/811/1483
f 1502/775/1451 1503/777/1453 1491/819/1489 1490/816/1487
f 1501/779/1385 1502/775/1451 1490/816/1487 1489/815/1386
f 1492/827/1497 1504/780/1454 1505/781/1455 1493/829/1499
f 1482/832/1502 1494/831/1501 1483/826/1496 1471/825/1495
f 1484/822/1492 1496/762/1438 1497/767/1443 1485/823/1493
f 1485/823/1493 1497/767/1443 1498/770/1446 1486/810/1482
f 1483/826/1496 1495/759/1435 1496/762/1438 1484/822/1492
f 1491/819/1489 1503/777/1453 1504/780/1454 1492/827/1497
f 1486/810/1482 1498/770/1446 1499/774/1450 1487/811/1483
f 1493/829/1499 1505/781/1455 1506/833/1503 1494/831/1501
f 1425/768/1444 1437/834/1504 1438/835/1505 1426/769/1445
f 1440/836/1506 1441/837/1507 1429/772/1448 1428/771/1447
f 1439/838/1508 1440/836/1506 1428/771/1447 1427/773/1449
f 1442/839/1509 1443/756/1432 1431/755/1431 1430/776/1452
f 1441/840/1507 1442/839/1509 1430/776/1452 1429/778/1448
f 1494/831/1501 1506/833/1503 1495/759/1435 1483/826/1496
f 1423/760/1436 1435/800/1472 1436/841/1510 1424/761/1437
f 1426/769/1445 1438/835/1505 1439/838/1508 1427/773/1449
f 1424/761/1437 1436/841/1510 1437/834/1504 1425/768/1444
f 1432/758/1434 1444/757/1433 1445/764/1440 1433/763/1439
f 1434/766/1442 1446/765/1441 1435/800/1472 1423/760/1436
f 1505/781/1455 1433/763/1439 1434/766/1442 1506/833/1503
f 1437/834/1504 1449/804/1476 1450/786/1460 1438/835/1505
f 1452/791/1465 1453/793/1467 1441/837/1507 1440/836/1506
f 1451/789/1463 1452/791/1465 1440/836/1506 1439/838/1508
f 1454/796/1469 1455/782/1456 1443/756/1432 1442/839/1509
f 1453/797/1467 1454/796/1469 1442/839/1509 1441/840/1507
f 1506/833/1503 1434/766/1442 1423/760/1436 1495/759/1435
f 1435/800/1472 1447/799/1471 1448/801/1473 1436/841/1510
f 1438/835/1505 1450/786/1460 1451/789/1463 1439/838/1508
f 1436/841/1510 1448/801/1473 1449/804/1476 1437/834/1504
f 1459/805/1477 1470/808/1480 1350/654/1350 1339/669/1363
f 1470/808/1480 1469/807/1479 1349/652/1348 1350/654/1350
f 1469/807/1479 1468/806/1478 1348/650/1346 1349/652/1348
f 1468/806/1478 1467/798/1470 1347/647/1343 1348/650/1346
f 1467/798/1470 1466/795/1468 1346/697/1390 1347/647/1343
f 1466/795/1468 1465/794/1466 1345/698/1388 1346/697/1390
f 1465/792/1466 1464/790/1464 1344/696/1389 1345/695/1388
f 1464/790/1464 1463/788/1462 1343/702/1394 1344/696/1389
f 1463/788/1462 1462/787/1461 1342/701/1393 1343/702/1394
f 1462/787/1461 1461/803/1475 1341/700/1392 1342/701/1393
f 1461/803/1475 1460/802/1474 1340/699/1391 1341/700/1392
f 1460/802/1474 1459/805/1477 1339/669/1363 1340/699/1391
f 1472/821/1491 1473/824/1494 1413/742/1426 1412/741/1425
f 1473/824/1494 1474/809/1481 1414/734/1419 1413/742/1426
f 1474/809/1481 1475/812/1484 1415/735/1420 1414/734/1419
f 1475/812/1484 1476/813/1485 1416/736/1421 1415/735/1420
f 1476/813/1485 1477/814/1486 1417/737/1422 1416/736/1421
f 1477/818/1486 1478/817/1488 1418/739/1423 1417/738/1422
f 1478/817/1488 1479/820/1490 1419/740/1424 1418/739/1423
f 1479/820/1490 1480/828/1498 1420/744/1428 1419/740/1424
f 1480/828/1498 1481/830/1500 1421/745/1429 1420/744/1428
f 1481/830/1500 1482/832/1502 1422/746/1430 1421/745/1429
f 1482/832/1502 1471/825/1495 1411/743/1427 1422/746/1430
f 1471/825/1495 1472/821/1491 1412/741/1425 1411/743/1427
f 1391/714/1402 1392/716/1404 1380/748/1374 1379/754/1373
f 1355/658/1354 1356/660/1356 1344/696/1389 1343/702/1394
f 1515/647/1511 1527/648/1512 1528/649/1513 1516/650/1514
f 1516/650/1514 1528/649/1513 1529/651/1515 1517/652/1516
f 1517/652/1516 1529/651/1515 1530/653/1517 1518/654/1518
f 1522/655/1519 1534/656/1520 1535/657/1521 1523/658/1522
f 1535/657/1521 1536/659/1523 1524/660/1524 1523/658/1522
f 1536/659/1523 1537/661/1525 1525/662/1526 1524/660/1524
f 1537/663/1525 1538/664/1527 1526/665/1528 1525/666/1526
f 1538/664/1527 1539/667/1529 1527/648/1512 1526/665/1528
f 1518/654/1518 1530/653/1517 1519/668/1530 1507/669/1531
f 1520/670/1532 1532/671/1533 1533/672/1534 1521/673/1535
f 1521/673/1535 1533/672/1534 1534/656/1520 1522/655/1519
f 1519/668/1530 1531/674/1536 1532/671/1533 1520/670/1532
f 1527/648/1512 1539/667/1529 1540/675/1537 1528/649/1513
f 1528/649/1513 1540/675/1537 1541/676/1538 1529/651/1515
f 1529/651/1515 1541/676/1538 1542/677/1539 1530/653/1517
f 1534/656/1520 1546/678/1540 1547/679/1541 1535/657/1521
f 1547/679/1541 1548/680/1542 1536/659/1523 1535/657/1521
f 1548/680/1542 1549/681/1543 1537/661/1525 1536/659/1523
f 1549/682/1543 1550/683/1544 1538/664/1527 1537/663/1525
f 1550/683/1544 1551/684/1545 1539/667/1529 1538/664/1527
f 1530/653/1517 1542/677/1539 1531/674/1536 1519/668/1530
f 1532/671/1533 1544/685/1546 1545/686/1547 1533/672/1534
f 1533/672/1534 1545/686/1547 1546/678/1540 1534/656/1520
f 1531/674/1536 1543/687/1548 1544/685/1546 1532/671/1533
f 1539/667/1529 1551/684/1545 1552/688/1549 1540/675/1537
f 1540/675/1537 1552/688/1549 1553/689/1550 1541/676/1538
f 1541/676/1538 1553/689/1550 1554/690/1551 1542/677/1539
f 1668/691/1552 1669/692/1553 1657/693/1554 1656/694/1555
f 1524/660/1524 1525/662/1526 1513/695/1556 1512/696/1557
f 1525/666/1526 1526/665/1528 1514/697/1558 1513/698/1556
f 1526/665/1528 1527/648/1512 1515/647/1511 1514/697/1558
f 1507/669/1531 1519/668/1530 1520/670/1532 1508/699/1559
f 1542/677/1539 1554/690/1551 1543/687/1548 1531/674/1536
f 1509/700/1560 1521/673/1535 1522/655/1519 1510/701/1561
f 1510/701/1561 1522/655/1519 1523/658/1522 1511/702/1562
f 1508/699/1559 1520/670/1532 1521/673/1535 1509/700/1560
f 1551/703/1545 1563/704/1563 1564/705/1564 1552/706/1549
f 1552/706/1549 1564/705/1564 1565/707/1565 1553/708/1550
f 1553/708/1550 1565/707/1565 1566/709/1566 1554/710/1551
f 1558/711/1567 1570/712/1568 1571/713/1569 1559/714/1570
f 1571/713/1569 1572/715/1571 1560/716/1572 1559/714/1570
f 1572/715/1571 1573/717/1573 1561/718/1574 1560/716/1572
f 1573/719/1573 1574/720/1575 1562/721/1576 1561/722/1574
f 1574/720/1575 1575/723/1577 1563/704/1563 1562/721/1576
f 1554/710/1551 1566/709/1566 1555/724/1578 1543/725/1548
f 1556/726/1579 1568/727/1580 1569/728/1581 1557/729/1582
f 1557/729/1582 1569/728/1581 1570/712/1568 1558/711/1567
f 1555/724/1578 1567/730/1583 1568/727/1580 1556/726/1579
f 1563/704/1563 1575/723/1577 1576/731/1584 1564/705/1564
f 1564/705/1564 1576/731/1584 1577/732/1585 1565/707/1565
f 1565/707/1565 1577/732/1585 1578/733/1586 1566/709/1566
f 1570/712/1568 1582/734/1587 1583/735/1588 1571/713/1569
f 1583/735/1588 1584/736/1589 1572/715/1571 1571/713/1569
f 1584/736/1589 1585/737/1590 1573/717/1573 1572/715/1571
f 1585/738/1590 1586/739/1591 1574/720/1575 1573/719/1573
f 1586/739/1591 1587/740/1592 1575/723/1577 1574/720/1575
f 1566/709/1566 1578/733/1586 1567/730/1583 1555/724/1578
f 1568/727/1580 1580/741/1593 1581/742/1594 1569/728/1581
f 1569/728/1581 1581/742/1594 1582/734/1587 1570/712/1568
f 1567/730/1583 1579/743/1595 1580/741/1593 1568/727/1580
f 1575/723/1577 1587/740/1592 1588/744/1596 1576/731/1584
f 1576/731/1584 1588/744/1596 1589/745/1597 1577/732/1585
f 1577/732/1585 1589/745/1597 1590/746/1598 1578/733/1586
f 1560/716/1572 1561/718/1574 1549/747/1543 1548/748/1542
f 1561/722/1574 1562/721/1576 1550/749/1544 1549/750/1543
f 1562/721/1576 1563/704/1563 1551/703/1545 1550/749/1544
f 1543/725/1548 1555/724/1578 1556/726/1579 1544/751/1546
f 1578/733/1586 1590/746/1598 1579/743/1595 1567/730/1583
f 1545/752/1547 1557/729/1582 1558/711/1567 1546/753/1540
f 1546/753/1540 1558/711/1567 1559/714/1570 1547/754/1541
f 1544/751/1546 1556/726/1579 1557/729/1582 1545/752/1547
f 1599/755/1599 1611/756/1600 1612/757/1601 1600/758/1602
f 1663/759/1603 1591/760/1604 1592/761/1605 1664/762/1606
f 1601/763/1607 1613/764/1608 1614/765/1609 1602/766/1610
f 1665/767/1611 1593/768/1612 1594/769/1613 1666/770/1614
f 1668/691/1552 1596/771/1615 1597/772/1616 1669/692/1553
f 1595/773/1617 1596/771/1615 1668/691/1552 1667/774/1618
f 1670/775/1619 1598/776/1620 1599/755/1599 1671/777/1621
f 1597/778/1616 1598/776/1620 1670/775/1619 1669/779/1553
f 1664/762/1606 1592/761/1605 1593/768/1612 1665/767/1611
f 1671/777/1621 1599/755/1599 1600/758/1602 1672/780/1622
f 1666/770/1614 1594/769/1613 1595/773/1617 1667/774/1618
f 1672/780/1622 1600/758/1602 1601/763/1607 1673/781/1623
f 1611/756/1600 1623/782/1624 1624/783/1625 1612/757/1601
f 1612/757/1601 1624/783/1625 1625/784/1626 1613/764/1608
f 1613/764/1608 1625/784/1626 1626/785/1627 1614/765/1609
f 1618/786/1628 1630/787/1629 1631/788/1630 1619/789/1631
f 1631/788/1630 1632/790/1632 1620/791/1633 1619/789/1631
f 1632/790/1632 1633/792/1634 1621/793/1635 1620/791/1633
f 1633/794/1634 1634/795/1636 1622/796/1637 1621/797/1635
f 1634/795/1636 1635/798/1638 1623/782/1624 1622/796/1637
f 1614/765/1609 1626/785/1627 1615/799/1639 1603/800/1640
f 1616/801/1641 1628/802/1642 1629/803/1643 1617/804/1644
f 1617/804/1644 1629/803/1643 1630/787/1629 1618/786/1628
f 1615/799/1639 1627/805/1645 1628/802/1642 1616/801/1641
f 1623/782/1624 1635/798/1638 1636/806/1646 1624/783/1625
f 1624/783/1625 1636/806/1646 1637/807/1647 1625/784/1626
f 1625/784/1626 1637/807/1647 1638/808/1648 1626/785/1627
f 1642/809/1649 1654/810/1650 1655/811/1651 1643/812/1652
f 1655/811/1651 1656/694/1555 1644/813/1653 1643/812/1652
f 1656/694/1555 1657/693/1554 1645/814/1654 1644/813/1653
f 1657/815/1554 1658/816/1655 1646/817/1656 1645/818/1654
f 1658/816/1655 1659/819/1657 1647/820/1658 1646/817/1656
f 1626/785/1627 1638/808/1648 1627/805/1645 1615/799/1639
f 1640/821/1659 1652/822/1660 1653/823/1661 1641/824/1662
f 1641/824/1662 1653/823/1661 1654/810/1650 1642/809/1649
f 1639/825/1663 1651/826/1664 1652/822/1660 1640/821/1659
f 1647/820/1658 1659/819/1657 1660/827/1665 1648/828/1666
f 1648/828/1666 1660/827/1665 1661/829/1667 1649/830/1668
f 1649/830/1668 1661/829/1667 1662/831/1669 1650/832/1670
f 1667/774/1618 1668/691/1552 1656/694/1555 1655/811/1651
f 1670/775/1619 1671/777/1621 1659/819/1657 1658/816/1655
f 1669/779/1553 1670/775/1619 1658/816/1655 1657/815/1554
f 1660/827/1665 1672/780/1622 1673/781/1623 1661/829/1667
f 1650/832/1670 1662/831/1669 1651/826/1664 1639/825/1663
f 1652/822/1660 1664/762/1606 1665/767/1611 1653/823/1661
f 1653/823/1661 1665/767/1611 1666/770/1614 1654/810/1650
f 1651/826/1664 1663/759/1603 1664/762/1606 1652/822/1660
f 1659/819/1657 1671/777/1621 1672/780/1622 1660/827/1665
f 1654/810/1650 1666/770/1614 1667/774/1618 1655/811/1651
f 1661/829/1667 1673/781/1623 1674/833/1671 1662/831/1669
f 1593/768/1612 1605/834/1672 1606/835/1673 1594/769/1613
f 1608/836/1674 1609/837/1675 1597/772/1616 1596/771/1615
f 1607/838/1676 1608/836/1674 1596/771/1615 1595/773/1617
f 1610/839/1677 1611/756/1600 1599/755/1599 1598/776/1620
f 1609/840/1675 1610/839/1677 1598/776/1620 1597/778/1616
f 1662/831/1669 1674/833/1671 1663/759/1603 1651/826/1664
f 1591/760/1604 1603/800/1640 1604/841/1678 1592/761/1605
f 1594/769/1613 1606/835/1673 1607/838/1676 1595/773/1617
f 1592/761/1605 1604/841/1678 1605/834/1672 1593/768/1612
f 1600/758/1602 1612/757/1601 1613/764/1608 1601/763/1607
f 1602/766/1610 1614/765/1609 1603/800/1640 1591/760/1604
f 1673/781/1623 1601/763/1607 1602/766/1610 1674/833/1671
f 1605/834/1672 1617/804/1644 1618/786/1628 1606/835/1673
f 1620/791/1633 1621/793/1635 1609/837/1675 1608/836/1674
f 1619/789/1631 1620/791/1633 1608/836/1674 1607/838/1676
f 1622/796/1637 1623/782/1624 1611/756/1600 1610/839/1677
f 1621/797/1635 1622/796/1637 1610/839/1677 1609/840/1675
f 1674/833/1671 1602/766/1610 1591/760/1604 1663/759/1603
f 1603/800/1640 1615/799/1639 1616/801/1641 1604/841/1678
f 1606/835/1673 1618/786/1628 1619/789/1631 1607/838/1676
f 1604/841/1678 1616/801/1641 1617/804/1644 1605/834/1672
f 1627/805/1645 1638/808/1648 1518/654/1518 1507/669/1531
f 1638/808/1648 1637/807/1647 1517/652/1516 1518/654/1518
f 1637/807/1647 1636/806/1646 1516/650/1514 1517/652/1516
f 1636/806/1646 1635/798/1638 1515/647/1511 1516/650/1514
f 1635/798/1638 1634/795/1636 1514/697/1558 1515/647/1511
f 1634/795/1636 1633/794/1634 1513/698/1556 1514/697/1558
f 1633/792/1634 1632/790/1632 1512/696/1557 1513/695/1556
f 1632/790/1632 1631/788/1630 1511/702/1562 1512/696/1557
f 1631/788/1630 1630/787/1629 1510/701/1561 1511/702/1562
f 1630/787/1629 1629/803/1643 1509/700/1560 1510/701/1561
f 1629/803/1643 1628/802/1642 1508/699/1559 1509/700/1560
f 1628/802/1642 1627/805/1645 1507/669/1531 1508/699/1559
f 1640/821/1659 1641/824/1662 1581/742/1594 1580/741/1593
f 1641/824/1662 1642/809/1649 1582/734/1587 1581/742/1594
f 1642/809/1649 1643/812/1652 1583/735/1588 1582/734/1587
f 1643/812/1652 1644/813/1653 1584/736/1589 1583/735/1588
f 1644/813/1653 1645/814/1654 1585/737/1590 1584/736/1589
f 1645/818/1654 1646/817/1656 1586/739/1591 1585/738/1590
f 1646/817/1656 1647/820/1658 1587/740/1592 1586/739/1591
f 1647/820/1658 1648/828/1666 1588/744/1596 1587/740/1592
f 1648/828/1666 1649/830/1668 1589/745/1597 1588/744/1596
f 1649/830/1668 1650/832/1670 1590/746/1598 1589/745/1597
f 1650/832/1670 1639/825/1663 1579/743/1595 1590/746/1598
f 1639/825/1663 1640/821/1659 1580/741/1593 1579/743/1595
f 1559/714/1570 1560/716/1572 1548/748/1542 1547/754/1541
f 1523/658/1522 1524/660/1524 1512/696/1557 1511/702/1562
f 1683/647/1679 1695/648/1680 1696/649/1681 1684/650/1682
f 1684/650/1682 1696/649/1681 1697/651/1683 1685/652/1684
f 1685/652/1684 1697/651/1683 1698/653/1685 1686/654/1686
f 1690/655/1687 1702/656/1688 1703/657/1689 1691/658/1690
f 1703/657/1689 1704/659/1691 1692/660/1692 1691/658/1690
f 1704/659/1691 1705/661/1693 1693/662/1694 1692/660/1692
f 1705/663/1693 1706/664/1695 1694/665/1696 1693/666/1694
f 1706/664/1695 1707/667/1697 1695/648/1680 1694/665/1696
f 1686/654/1686 1698/653/1685 1687/668/1698 1675/669/1699
f 1688/670/1700 1700/671/1701 1701/672/1702 1689/673/1703
f 1689/673/1703 1701/672/1702 1702/656/1688 1690/655/1687
f 1687/668/1698 1699/674/1704 1700/671/1701 1688/670/1700
f 1695/648/1680 1707/667/1697 1708/675/1705 1696/649/1681
f 1696/649/1681 1708/675/1705 1709/676/1706 1697/651/1683
f 1697/651/1683 1709/676/1706 1710/677/1707 1698/653/1685
f 1702/656/1688 1714/678/1708 1715/679/1709 1703/657/1689
f 1715/679/1709 1716/680/1710 1704/659/1691 1703/657/1689
f 1716/680/1710 1717/681/1711 1705/661/1693 1704/659/1691
f 1717/682/1711 1718/683/1712 1706/664/1695 1705/663/1693
f 1718/683/1712 1719/684/1713 1707/667/1697 1706/664/1695
f 1698/653/1685 1710/677/1707 1699/674/1704 1687/668/1698
f 1700/671/1701 1712/685/1714 1713/686/1715 1701/672/1702
f 1701/672/1702 1713/686/1715 1714/678/1708 1702/656/1688
f 1699/674/1704 1711/687/1716 1712/685/1714 1700/671/1701
f 1707/667/1697 1719/684/1713 1720/688/1717 1708/675/1705
f 1708/675/1705 1720/688/1717 1721/689/1718 1709/676/1706
f 1709/676/1706 1721/689/1718 1722/690/1719 1710/677/1707
f 1836/691/1720 1837/692/1721 1825/693/1722 1824/694/1723
f 1692/660/1692 1693/662/1694 1681/695/1724 1680/696/1725
f 1693/666/1694 1694/665/1696 1682/697/1726 1681/698/1724
f 1694/665/1696 1695/648/1680 1683/647/1679 1682/697/1726
f 1675/669/1699 1687/668/1698 1688/670/1700 1676/699/1727
f 1710/677/1707 1722/690/1719 1711/687/1716 1699/674/1704
f 1677/700/1728 1689/673/1703 1690/655/1687 1678/701/1729
f 1678/701/1729 1690/655/1687 1691/658/1690 1679/702/1730
f 1676/699/1727 1688/670/1700 1689/673/1703 1677/700/1728
f 1719/703/1713 1731/704/1731 1732/705/1732 1720/706/1717
f 1720/706/1717 1732/705/1732 1733/707/1733 1721/708/1718
f 1721/708/1718 1733/707/1733 1734/709/1734 1722/710/1719
f 1726/711/1735 1738/712/1736 1739/713/1737 1727/714/1738
f 1739/713/1737 1740/715/1739 1728/716/1740 1727/714/1738
f 1740/715/1739 1741/717/1741 1729/718/1742 1728/716/1740
f 1741/719/1741 1742/720/1743 1730/721/1744 1729/722/1742
f 1742/720/1743 1743/723/1745 1731/704/1731 1730/721/1744
f 1722/710/1719 1734/709/1734 1723/724/1746 1711/725/1716
f 1724/726/1747 1736/727/1748 1737/728/1749 1725/729/1750
f 1725/729/1750 1737/728/1749 1738/712/1736 1726/711/1735
f 1723/724/1746 1735/730/1751 1736/727/1748 1724/726/1747
f 1731/704/1731 1743/723/1745 1744/731/1752 1732/705/1732
f 1732/705/1732 1744/731/1752 1745/732/1753 1733/707/1733
f 1733/707/1733 1745/732/1753 1746/733/1754 1734/709/1734
f 1738/712/1736 1750/734/1755 1751/735/1756 1739/713/1737
f 1751/735/1756 1752/736/1757 1740/715/1739 1739/713/1737
f 1752/736/1757 1753/737/1758 1741/717/1741 1740/715/1739
f 1753/738/1758 1754/739/1759 1742/720/1743 1741/719/1741
f 1754/739/1759 1755/740/1760 1743/723/1745 1742/720/1743
f 1734/709/1734 1746/733/1754 1735/730/1751 1723/724/1746
f 1736/727/1748 1748/741/1761 1749/742/1762 1737/728/1749
f 1737/728/1749 1749/742/1762 1750/734/1755 1738/712/1736
f 1735/730/1751 1747/743/1763 1748/741/1761 1736/727/1748
f 1743/723/1745 1755/740/1760 1756/744/1764 1744/731/1752
f 1744/731/1752 1756/744/1764 1757/745/1765 1745/732/1753
f 1745/732/1753 1757/745/1765 1758/746/1766 1746/733/1754
f 1728/716/1740 1729/718/1742 1717/747/1711 1716/748/1710
f 1729/722/1742 1730/721/1744 1718/749/1712 1717/750/1711
f 1730/721/1744 1731/704/1731 1719/703/1713 1718/749/1712
f 1711/725/1716 1723/724/1746 1724/726/1747 1712/751/1714
f 1746/733/1754 1758/746/1766 1747/743/1763 1735/730/1751
f 1713/752/1715 1725/729/1750 1726/711/1735 1714/753/1708
f 1714/753/1708 1726/711/1735 1727/714/1738 1715/754/1709
f 1712/751/1714 1724/726/1747 1725/729/1750 1713/752/1715
f 1767/755/1767 1779/756/1768 1780/757/1769 1768/758/1770
f 1831/759/1771 1759/760/1772 1760/761/1773 1832/762/1774
f 1769/763/1775 1781/764/1776 1782/765/1777 1770/766/1778
f 1833/767/1779 1761/768/1780 1762/769/1781 1834/770/1782
f 1836/691/1720 1764/771/1783 1765/772/1784 1837/692/1721
f 1763/773/1785 1764/771/1783 1836/691/1720 1835/774/1786
f 1838/775/1787 1766/776/1788 1767/755/1767 1839/777/1789
f 1765/778/1784 1766/776/1788 1838/775/1787 1837/779/1721
f 1832/762/1774 1760/761/1773 1761/768/1780 1833/767/1779
f 1839/777/1789 1767/755/1767 1768/758/1770 1840/780/1790
f 1834/770/1782 1762/769/1781 1763/773/1785 1835/774/1786
f 1840/780/1790 1768/758/1770 1769/763/1775 1841/781/1791
f 1779/756/1768 1791/782/1792 1792/783/1793 1780/757/1769
f 1780/757/1769 1792/783/1793 1793/784/1794 1781/764/1776
f 1781/764/1776 1793/784/1794 1794/785/1795 1782/765/1777
f 1786/786/1796 1798/787/1797 1799/788/1798 1787/789/1799
f 1799/788/1798 1800/790/1800 1788/791/1801 1787/789/1799
f 1800/790/1800 1801/792/1802 1789/793/1803 1788/791/1801
f 1801/794/1802 1802/795/1804 1790/796/1805 1789/797/1803
f 1802/795/1804 1803/798/1806 1791/782/1792 1790/796/1805
f 1782/765/1777 1794/785/1795 1783/799/1807 1771/800/1808
f 1784/801/1809 1796/802/1810 1797/803/1811 1785/804/1812
f 1785/804/1812 1797/803/1811 1798/787/1797 1786/786/1796
f 1783/799/1807 1795/805/1813 1796/802/1810 1784/801/1809
f 1791/782/1792 1803/798/1806 1804/806/1814 1792/783/1793
f 1792/783/1793 1804/806/1814 1805/807/1815 1793/784/1794
f 1793/784/1794 1805/807/1815 1806/808/1816 1794/785/1795
f 1810/809/1817 1822/810/1818 1823/811/1819 1811/812/1820
f 1823/811/1819 1824/694/1723 1812/813/1821 1811/812/1820
f 1824/694/1723 1825/693/1722 1813/814/1822 1812/813/1821
f 1825/815/1722 1826/816/1823 1814/817/1824 1813/818/1822
f 1826/816/1823 1827/819/1825 1815/820/1826 1814/817/1824
f 1794/785/1795 1806/808/1816 1795/805/1813 1783/799/1807
f 1808/821/1827 1820/822/1828 1821/823/1829 1809/824/1830
f 1809/824/1830 1821/823/1829 1822/810/1818 1810/809/1817
f 1807/825/1831 1819/826/1832 1820/822/1828 1808/821/1827
f 1815/820/1826 1827/819/1825 1828/827/1833 1816/828/1834
f 1816/828/1834 1828/827/1833 1829/829/1835 1817/830/1836
f 1817/830/1836 1829/829/1835 1830/831/1837 1818/832/1838
f 1835/774/1786 1836/691/1720 1824/694/1723 1823/811/1819
f 1838/775/1787 1839/777/1789 1827/819/1825 1826/816/1823
f 1837/779/1721 1838/775/1787 1826/816/1823 1825/815/1722
f 1828/827/1833 1840/780/1790 1841/781/1791 1829/829/1835
f 1818/832/1838 1830/831/1837 1819/826/1832 1807/825/1831
f 1820/822/1828 1832/762/1774 1833/767/1779 1821/823/1829
f 1821/823/1829 1833/767/1779 1834/770/1782 1822/810/1818
f 1819/826/1832 1831/759/1771 1832/762/1774 1820/822/1828
f 1827/819/1825 1839/777/1789 1840/780/1790 1828/827/1833
f 1822/810/1818 1834/770/1782 1835/774/1786 1823/811/1819
f 1829/829/1835 1841/781/1791 1842/833/1839 1830/831/1837
f 1761/768/1780 1773/834/1840 1774/835/1841 1762/769/1781
f 1776/836/1842 1777/837/1843 1765/772/1784 1764/771/1783
f 1775/838/1844 1776/836/1842 1764/771/1783 1763/773/1785
f 1778/839/1845 1779/756/1768 1767/755/1767 1766/776/1788
f 1777/840/1843 1778/839/1845 1766/776/1788 1765/778/1784
f 1830/831/1837 1842/833/1839 1831/759/1771 1819/826/1832
f 1759/760/1772 1771/800/1808 1772/841/1846 1760/761/1773
f 1762/769/1781 1774/835/1841 1775/838/1844 1763/773/1785
f 1760/761/1773 1772/841/1846 1773/834/1840 1761/768/1780
f 1768/758/1770 1780/757/1769 1781/764/1776 1769/763/1775
f 1770/766/1778 1782/765/1777 1771/800/1808 1759/760/1772
f 1841/781/1791 1769/763/1775 1770/766/1778 1842/833/1839
f 1773/834/1840 1785/804/1812 1786/786/1796 1774/835/1841
f 1788/791/1801 1789/793/1803 1777/837/1843 1776/836/1842
f 1787/789/1799 1788/791/1801 1776/836/1842 1775/838/1844
f 1790/796/1805 1791/782/1792 1779/756/1768 1778/839/1845
f 1789/797/1803 1790/796/1805 1778/839/1845 1777/840/1843
f 1842/833/1839 1770/766/1778 1759/760/1772 1831/759/1771
f 1771/800/1808 1783/799/1807 1784/801/1809 1772/841/1846
f 1774/835/1841 1786/786/1796 1787/789/1799 1775/838/1844
f 1772/841/1846 1784/801/1809 1785/804/1812 1773/834/1840
f 1795/805/1813 1806/808/1816 1686/654/1686 1675/669/1699
f 1806/808/1816 1805/807/1815 1685/652/1684 1686/654/1686
f 1805/807/1815 1804/806/1814 1684/650/1682 1685/652/1684
f 1804/806/1814 1803/798/1806 1683/647/1679 1684/650/1682
f 1803/798/1806 1802/795/1804 1682/697/1726 1683/647/1679
f 1802/795/1804 1801/794/1802 1681/698/1724 1682/697/1726
f 1801/792/1802 1800/790/1800 1680/696/1725 1681/695/1724
f 1800/790/1800 1799/788/1798 1679/702/1730 1680/696/1725
f 1799/788/1798 1798/787/1797 1678/701/1729 1679/702/1730
f 1798/787/1797 1797/803/1811 1677/700/1728 1678/701/1729
f 1797/803/1811 1796/802/1810 1676/699/1727 1677/700/1728
f 1796/802/1810 1795/805/1813 1675/669/1699 1676/699/1727
f 1808/821/1827 1809/824/1830 1749/742/1762 1748/741/1761
f 1809/824/1830 1810/809/1817 1750/734/1755 1749/742/1762
f 1810/809/1817 1811/812/1820 1751/735/1756 1750/734/1755
f 1811/812/1820 1812/813/1821 1752/736/1757 1751/735/1756
f 1812/813/1821 1813/814/1822 1753/737/1758 1752/736/1757
f 1813/818/1822 1814/817/1824 1754/739/1759 1753/738/1758
f 1814/817/1824 1815/820/1826 1755/740/1760 1754/739/1759
f 1815/820/1826 1816/828/1834 1756/744/1764 1755/740/1760
f 1816/828/1834 1817/830/1836 1757/745/1765 1756/744/1764
f 1817/830/1836 1818/832/1838 1758/746/1766 1757/745/1765
f 1818/832/1838 1807/825/1831 1747/743/1763 1758/746/1766
f 1807/825/1831 1808/821/1827 1748/741/1761 1747/743/1763
f 1727/714/1738 1728/716/1740 1716/748/1710 1715/754/1709
f 1691/658/1690 1692/660/1692 1680/696/1725 1679/702/1730
f 1851/647/1847 1863/648/1848 1864/649/1849 1852/650/1850
f 1852/650/1850 1864/649/1849 1865/651/1851 1853/652/1852
f 1853/652/1852 1865/651/1851 1866/653/1853 1854/654/1854
f 1858/655/1855 1870/656/1856 1871/657/1857 1859/658/1858
f 1871/657/1857 1872/659/1859 1860/660/1860 1859/658/1858
f 1872/659/1859 1873/661/1861 1861/662/1862 1860/660/1860
f 1873/663/1861 1874/664/1863 1862/665/1864 1861/666/1862
f 1874/664/1863 1875/667/1865 1863/648/1848 1862/665/1864
f 1854/654/1854 1866/653/1853 1855/668/1866 1843/669/1867
f 1856/670/1868 1868/671/1869 1869/672/1870 1857/673/1871
f 1857/673/1871 1869/672/1870 1870/656/1856 1858/655/1855
f 1855/668/1866 1867/674/1872 1868/671/1869 1856/670/1868
f 1863/648/1848 1875/667/1865 1876/675/1873 1864/649/1849
f 1864/649/1849 1876/675/1873 1877/676/1874 1865/651/1851
f 1865/651/1851 1877/676/1874 1878/677/1875 1866/653/1853
f 1870/656/1856 1882/678/1876 1883/679/1877 1871/657/1857
f 1883/679/1877 1884/680/1878 1872/659/1859 1871/657/1857
f 1884/680/1878 1885/681/1879 1873/661/1861 1872/659/1859
f 1885/682/1879 1886/683/1880 1874/664/1863 1873/663/1861
f 1886/683/1880 1887/684/1881 1875/667/1865 1874/664/1863
f 1866/653/1853 1878/677/1875 1867/674/1872 1855/668/1866
f 1868/671/1869 1880/685/1882 1881/686/1883 1869/672/1870
f 1869/672/1870 1881/686/1883 1882/678/1876 1870/656/1856
f 1867/674/1872 1879/687/1884 1880/685/1882 1868/671/1869
f 1875/667/1865 1887/684/1881 1888/688/1885 1876/675/1873
f 1876/675/1873 1888/688/1885 1889/689/1886 1877/676/1874
f 1877/676/1874 1889/689/1886 1890/690/1887 1878/677/1875
f 2004/691/1888 2005/692/1889 1993/693/1890 1992/694/1891
f 1860/660/1860 1861/662/1862 1849/695/1892 1848/696/1893
f 1861/666/1862 1862/665/1864 1850/697/1894 1849/698/1892
f 1862/665/1864 1863/648/1848 1851/647/1847 1850/697/1894
f 1843/669/1867 1855/668/1866 1856/670/1868 1844/699/1895
f 1878/677/1875 1890/690/1887 1879/687/1884 1867/674/1872
f 1845/700/1896 1857/673/1871 1858/655/1855 1846/701/1897
f 1846/701/1897 1858/655/1855 1859/658/1858 1847/702/1898
f 1844/699/1895 1856/670/1868 1857/673/1871 1845/700/1896
f 1887/703/1881 1899/704/1899 1900/705/1900 1888/706/1885
f 1888/706/1885 1900/705/1900 1901/707/1901 1889/708/1886
f 1889/708/1886 1901/707/1901 1902/709/1902 1890/710/1887
f 1894/711/1903 1906/712/1904 1907/713/1905 1895/714/1906
f 1907/713/1905 1908/715/1907 1896/716/1908 1895/714/1906
f 1908/715/1907 1909/717/1909 1897/718/1910 1896/716/1908
f 1909/719/1909 1910/720/1911 1898/721/1912 1897/722/1910
f 1910/720/1911 1911/723/1913 1899/704/1899 1898/721/1912
f 1890/710/1887 1902/709/1902 1891/724/1914 1879/725/1884
f 1892/726/1915 1904/727/1916 1905/728/1917 1893/729/1918
f 1893/729/1918 1905/728/1917 1906/712/1904 1894/711/1903
f 1891/724/1914 1903/730/1919 1904/727/1916 1892/726/1915
f 1899/704/1899 1911/723/1913 1912/731/1920 1900/705/1900
f 1900/705/1900 1912/731/1920 1913/732/1921 1901/707/1901
f 1901/707/1901 1913/732/1921 1914/733/1922 1902/709/1902
f 1906/712/1904 1918/734/1923 1919/735/1924 1907/713/1905
f 1919/735/1924 1920/736/1925 1908/715/1907 1907/713/1905
f 1920/736/1925 1921/737/1926 1909/717/1909 1908/715/1907
f 1921/738/1926 1922/739/1927 1910/720/1911 1909/719/1909
f 1922/739/1927 1923/740/1928 1911/723/1913 1910/720/1911
f 1902/709/1902 1914/733/1922 1903/730/1919 1891/724/1914
f 1904/727/1916 1916/741/1929 1917/742/1930 1905/728/1917
f 1905/728/1917 1917/742/1930 1918/734/1923 1906/712/1904
f 1903/730/1919 1915/743/1931 1916/741/1929 1904/727/1916
f 1911/723/1913 1923/740/1928 1924/744/1932 1912/731/1920
f 1912/731/1920 1924/744/1932 1925/745/1933 1913/732/1921
f 1913/732/1921 1925/745/1933 1926/746/1934 1914/733/1922
f 1896/716/1908 1897/718/1910 1885/747/1879 1884/748/1878
f 1897/722/1910 1898/721/1912 1886/749/1880 1885/750/1879
f 1898/721/1912 1899/704/1899 1887/703/1881 1886/749/1880
f 1879/725/1884 1891/724/1914 1892/726/1915 1880/751/1882
f 1914/733/1922 1926/746/1934 1915/743/1931 1903/730/1919
f 1881/752/1883 1893/729/1918 1894/711/1903 1882/753/1876
f 1882/753/1876 1894/711/1903 1895/714/1906 1883/754/1877
f 1880/751/1882 1892/726/1915 1893/729/1918 1881/752/1883
f 1935/755/1935 1947/756/1936 1948/757/1937 1936/758/1938
f 1999/759/1939 1927/760/1940 1928/761/1941 2000/762/1942
f 1937/763/1943 1949/764/1944 1950/765/1945 1938/766/1946
f 2001/767/1947 1929/768/1948 1930/769/1949 2002/770/1950
f 2004/691/1888 1932/771/1951 1933/772/1952 2005/692/1889
f 1931/773/1953 1932/771/1951 2004/691/1888 2003/774/1954
f 2006/775/1955 1934/776/1956 1935/755/1935 2007/777/1957
f 1933/778/1952 1934/776/1956 2006/775/1955 2005/779/1889
f 2000/762/1942 1928/761/1941 1929/768/1948 2001/767/1947
f 2007/777/1957 1935/755/1935 1936/758/1938 2008/780/1958
f 2002/770/1950 1930/769/1949 1931/773/1953 2003/774/1954
f 2008/780/1958 1936/758/1938 1937/763/1943 2009/781/1959
f 1947/756/1936 1959/782/1960 1960/783/1961 1948/757/1937
f 1948/757/1937 1960/783/1961 1961/784/1962 1949/764/1944
f 1949/764/1944 1961/784/1962 1962/785/1963 1950/765/1945
f 1954/786/1964 1966/787/1965 1967/788/1966 1955/789/1967
f 1967/788/1966 1968/790/1968 1956/791/1969 1955/789/1967
f 1968/790/1968 1969/792/1970 1957/793/1971 1956/791/1969
f 1969/794/1970 1970/795/1972 1958/796/1973 1957/797/1971
f 1970/795/1972 1971/798/1974 1959/782/1960 1958/796/1973
f 1950/765/1945 1962/785/1963 1951/799/1975 1939/800/1976
f 1952/801/1977 1964/802/1978 1965/803/1979 1953/804/1980
f 1953/804/1980 1965/803/1979 1966/787/1965 1954/786/1964
f 1951/799/1975 1963/805/1981 1964/802/1978 1952/801/1977
f 1959/782/1960 1971/798/1974 1972/806/1982 1960/783/1961
f 1960/783/1961 1972/806/1982 1973/807/1983 1961/784/1962
f 1961/784/1962 1973/807/1983 1974/808/1984 1962/785/1963
f 1978/809/1985 1990/810/1986 1991/811/1987 1979/812/1988
f 1991/811/1987 1992/694/1891 1980/813/1989 1979/812/1988
f 1992/694/1891 1993/693/1890 1981/814/1990 1980/813/1989
f 1993/815/1890 1994/816/1991 1982/817/1992 1981/818/1990
f 1994/816/1991 1995/819/1993 1983/820/1994 1982/817/1992
f 1962/785/1963 1974/808/1984 1963/805/1981 1951/799/1975
f 1976/821/1995 1988/822/1996 1989/823/1997 1977/824/1998
f 1977/824/1998 1989/823/1997 1990/810/1986 1978/809/1985
f 1975/825/1999 1987/826/2000 1988/822/1996 1976/821/1995
f 1983/820/1994 1995/819/1993 1996/827/2001 1984/828/2002
f 1984/828/2002 1996/827/2001 1997/829/2003 1985/830/2004
f 1985/830/2004 1997/829/2003 1998/831/2005 1986/832/2006
f 2003/774/1954 2004/691/1888 1992/694/1891 1991/811/1987
f 2006/775/1955 2007/777/1957 1995/819/1993 1994/816/1991
f 2005/779/1889 2006/775/1955 1994/816/1991 1993/815/1890
f 1996/827/2001 2008/780/1958 2009/781/1959 1997/829/2003
f 1986/832/2006 1998/831/2005 1987/826/2000 1975/825/1999
f 1988/822/1996 2000/762/1942 2001/767/1947 1989/823/1997
f 1989/823/1997 2001/767/1947 2002/770/1950 1990/810/1986
f 1987/826/2000 1999/759/1939 2000/762/1942 1988/822/1996
f 1995/819/1993 2007/777/1957 2008/780/1958 1996/827/2001
f 1990/810/1986 2002/770/1950 2003/774/1954 1991/811/1987
f 1997/829/2003 2009/781/1959 2010/833/2007 1998/831/2005
f 1929/768/1948 1941/834/2008 1942/835/2009 1930/769/1949
f 1944/836/2010 1945/837/2011 1933/772/1952 1932/771/1951
f 1943/838/2012 1944/836/2010 1932/771/1951 1931/773/1953
f 1946/839/2013 1947/756/1936 1935/755/1935 1934/776/1956
f 1945/840/2011 1946/839/2013 1934/776/1956 1933/778/1952
f 1998/831/2005 2010/833/2007 1999/759/1939 1987/826/2000
f 1927/760/1940 1939/800/1976 1940/841/2014 1928/761/1941
f 1930/769/1949 1942/835/2009 1943/838/2012 1931/773/1953
f 1928/761/1941 1940/841/2014 1941/834/2008 1929/768/1948
f 1936/758/1938 1948/757/1937 1949/764/1944 1937/763/1943
f 1938/766/1946 1950/765/1945 1939/800/1976 1927/760/1940
f 2009/781/1959 1937/763/1943 1938/766/1946 2010/833/2007
f 1941/834/2008 1953/804/1980 1954/786/1964 1942/835/2009
f 1956/791/1969 1957/793/1971 1945/837/2011 1944/836/2010
f 1955/789/1967 1956/791/1969 1944/836/2010 1943/838/2012
f 1958/796/1973 1959/782/1960 1947/756/1936 1946/839/2013
f 1957/797/1971 1958/796/1973 1946/839/2013 1945/840/2011
f 2010/833/2007 1938/766/1946 1927/760/1940 1999/759/1939
f 1939/800/1976 1951/799/1975 1952/801/1977 1940/841/2014
f 1942/835/2009 1954/786/1964 1955/789/1967 1943/838/2012
f 1940/841/2014 1952/801/1977 1953/804/1980 1941/834/2008
f 1963/805/1981 1974/808/1984 1854/654/1854 1843/669/1867
f 1974/808/1984 1973/807/1983 1853/652/1852 1854/654/1854
f 1973/807/1983 1972/806/1982 1852/650/1850 1853/652/1852
f 1972/806/1982 1971/798/1974 1851/647/1847 1852/650/1850
f 1971/798/1974 1970/795/1972 1850/697/1894 1851/647/1847
f 1970/795/1972 1969/794/1970 1849/698/1892 1850/697/1894
f 1969/792/1970 1968/790/1968 1848/696/1893 1849/695/1892
f 1968/790/1968 1967/788/1966 1847/702/1898 1848/696/1893
f 1967/788/1966 1966/787/1965 1846/701/1897 1847/702/1898
f 1966/787/1965 1965/803/1979 1845/700/1896 1846/701/1897
f 1965/803/1979 1964/802/1978 1844/699/1895 1845/700/1896
f 1964/802/1978 1963/805/1981 1843/669/1867 1844/699/1895
f 1976/821/1995 1977/824/1998 1917/742/1930 1916/741/1929
f 1977/824/1998 1978/809/1985 1918/734/1923 1917/742/1930
f 1978/809/1985 1979/812/1988 1919/735/1924 1918/734/1923
f 1979/812/1988 1980/813/1989 1920/736/1925 1919/735/1924
f 1980/813/1989 1981/814/1990 1921/737/1926 1920/736/1925
f 1981/818/1990 1982/817/1992 1922/739/1927 1921/738/1926
f 1982/817/1992 1983/820/1994 1923/740/1928 1922/739/1927
f 1983/820/1994 1984/828/2002 1924/744/1932 1923/740/1928
f 1984/828/2002 1985/830/2004 1925/745/1933 1924/744/1932
f 1985/830/2004 1986/832/2006 1926/746/1934 1925/745/1933
f 1986/832/2006 1975/825/1999 1915/743/1931 1926/746/1934
f 1975/825/1999 1976/821/1995 1916/741/1929 1915/743/1931
f 1895/714/1906 1896/716/1908 1884/748/1878 1883/754/1877
f 1859/658/1858 1860/660/1860 1848/696/1893 1847/702/1898
f 2019/647/2015 2031/648/2016 2032/649/2017 2020/650/2018
f 2020/650/2018 2032/649/2017 2033/651/2019 2021/652/2020
f 2021/652/2020 2033/651/2019 2034/653/2021 2022/654/2022
f 2026/655/2023 2038/656/2024 2039/657/2025 2027/658/2026
f 2039/657/2025 2040/659/2027 2028/660/2028 2027/658/2026
f 2040/659/2027 2041/661/2029 2029/662/2030 2028/660/2028
f 2041/663/2029 2042/664/2031 2030/665/2032 2029/666/2030
f 2042/664/2031 2043/667/2033 2031/648/2016 2030/665/2032
f 2022/654/2022 2034/653/2021 2023/668/2034 2011/669/2035
f 2024/670/2036 2036/671/2037 2037/672/2038 2025/673/2039
f 2025/673/2039 2037/672/2038 2038/656/2024 2026/655/2023
f 2023/668/2034 2035/674/2040 2036/671/2037 2024/670/2036
f 2031/648/2016 2043/667/2033 2044/675/2041 2032/649/2017
f 2032/649/2017 2044/675/2041 2045/676/2042 2033/651/2019
f 2033/651/2019 2045/676/2042 2046/677/2043 2034/653/2021
f 2038/656/2024 2050/678/2044 2051/679/2045 2039/657/2025
f 2051/679/2045 2052/680/2046 2040/659/2027 2039/657/2025
f 2052/680/2046 2053/681/2047 2041/661/2029 2040/659/2027
f 2053/682/2047 2054/683/2048 2042/664/2031 2041/663/2029
f 2054/683/2048 2055/684/2049 2043/667/2033 2042/664/2031
f 2034/653/2021 2046/677/2043 2035/674/2040 2023/668/2034
f 2036/671/2037 2048/685/2050 2049/686/2051 2037/672/2038
f 2037/672/2038 2049/686/2051 2050/678/2044 2038/656/2024
f 2035/674/2040 2047/687/2052 2048/685/2050 2036/671/2037
f 2043/667/2033 2055/684/2049 2056/688/2053 2044/675/2041
f 2044/675/2041 2056/688/2053 2057/689/2054 2045/676/2042
f 2045/676/2042 2057/689/2054 2058/690/2055 2046/677/2043
f 2172/691/2056 2173/692/2057 2161/693/2058 2160/694/2059
f 2028/660/2028 2029/662/2030 2017/695/2060 2016/696/2061
f 2029/666/2030 2030/665/2032 2018/697/2062 2017/698/2060
f 2030/665/2032 2031/648/2016 2019/647/2015 2018/697/2062
f 2011/669/2035 2023/668/2034 2024/670/2036 2012/699/2063
f 2046/677/2043 2058/690/2055 2047/687/2052 2035/674/2040
f 2013/700/2064 2025/673/2039 2026/655/2023 2014/701/2065
f 2014/701/2065 2026/655/2023 2027/658/2026 2015/702/2066
f 2012/699/2063 2024/670/2036 2025/673/2039 2013/700/2064
f 2055/703/2049 2067/704/2067 2068/705/2068 2056/706/2053
f 2056/706/2053 2068/705/2068 2069/707/2069 2057/708/2054
f 2057/708/2054 2069/707/2069 2070/709/2070 2058/710/2055
f 2062/711/2071 2074/712/2072 2075/713/2073 2063/714/2074
f 2075/713/2073 2076/715/2075 2064/716/2076 2063/714/2074
f 2076/715/2075 2077/717/2077 2065/718/2078 2064/716/2076
f 2077/719/2077 2078/720/2079 2066/721/2080 2065/722/2078
f 2078/720/2079 2079/723/2081 2067/704/2067 2066/721/2080
f 2058/710/2055 2070/709/2070 2059/724/2082 2047/725/2052
f 2060/726/2083 2072/727/2084 2073/728/2085 2061/729/2086
f 2061/729/2086 2073/728/2085 2074/712/2072 2062/711/2071
f 2059/724/2082 2071/730/2087 2072/727/2084 2060/726/2083
f 2067/704/2067 2079/723/2081 2080/731/2088 2068/705/2068
f 2068/705/2068 2080/731/2088 2081/732/2089 2069/707/2069
f 2069/707/2069 2081/732/2089 2082/733/2090 2070/709/2070
f 2074/712/2072 2086/734/2091 2087/735/2092 2075/713/2073
f 2087/735/2092 2088/736/2093 2076/715/2075 2075/713/2073
f 2088/736/2093 2089/737/2094 2077/717/2077 2076/715/2075
f 2089/738/2094 2090/739/2095 2078/720/2079 2077/719/2077
f 2090/739/2095 2091/740/2096 2079/723/2081 2078/720/2079
f 2070/709/2070 2082/733/2090 2071/730/2087 2059/724/2082
f 2072/727/2084 2084/741/2097 2085/742/2098 2073/728/2085
f 2073/728/2085 2085/742/2098 2086/734/2091 2074/712/2072
f 2071/730/2087 2083/743/2099 2084/741/2097 2072/727/2084
f 2079/723/2081 2091/740/2096 2092/744/2100 2080/731/2088
f 2080/731/2088 2092/744/2100 2093/745/2101 2081/732/2089
f 2081/732/2089 2093/745/2101 2094/746/2102 2082/733/2090
f 2064/716/2076 2065/718/2078 2053/747/2047 2052/748/2046
f 2065/722/2078 2066/721/2080 2054/749/2048 2053/750/2047
f 2066/721/2080 2067/704/2067 2055/703/2049 2054/749/2048
f 2047/725/2052 2059/724/2082 2060/726/2083 2048/751/2050
f 2082/733/2090 2094/746/2102 2083/743/2099 2071/730/2087
f 2049/752/2051 2061/729/2086 2062/711/2071 2050/753/2044
f 2050/753/2044 2062/711/2071 2063/714/2074 2051/754/2045
f 2048/751/2050 2060/726/2083 2061/729/2086 2049/752/2051
f 2103/755/2103 2115/756/2104 2116/757/2105 2104/758/2106
f 2167/759/2107 2095/760/2108 2096/761/2109 2168/762/2110
f 2105/763/2111 2117/764/2112 2118/765/2113 2106/766/2114
f 2169/767/2115 2097/768/2116 2098/769/2117 2170/770/2118
f 2172/691/2056 2100/771/2119 2101/772/2120 2173/692/2057
f 2099/773/2121 2100/771/2119 2172/691/2056 2171/774/2122
f 2174/775/2123 2102/776/2124 2103/755/2103 2175/777/2125
f 2101/778/2120 2102/776/2124 2174/775/2123 2173/779/2057
f 2168/762/2110 2096/761/2109 2097/768/2116 2169/767/2115
f 2175/777/2125 2103/755/2103 2104/758/2106 2176/780/2126
f 2170/770/2118 2098/769/2117 2099/773/2121 2171/774/2122
f 2176/780/2126 2104/758/2106 2105/763/2111 2177/781/2127
f 2115/756/2104 2127/782/2128 2128/783/2129 2116/757/2105
f 2116/757/2105 2128/783/2129 2129/784/2130 2117/764/2112
f 2117/764/2112 2129/784/2130 2130/785/2131 2118/765/2113
f 2122/786/2132 2134/787/2133 2135/788/2134 2123/789/2135
f 2135/788/2134 2136/790/2136 2124/791/2137 2123/789/2135
f 2136/790/2136 2137/792/2138 2125/793/2139 2124/791/2137
f 2137/794/2138 2138/795/2140 2126/796/2141 2125/797/2139
f 2138/795/2140 2139/798/2142 2127/782/2128 2126/796/2141
f 2118/765/2113 2130/785/2131 2119/799/2143 2107/800/2144
f 2120/801/2145 2132/802/2146 2133/803/2147 2121/804/2148
f 2121/804/2148 2133/803/2147 2134/787/2133 2122/786/2132
f 2119/799/2143 2131/805/2149 2132/802/2146 2120/801/2145
f 2127/782/2128 2139/798/2142 2140/806/2150 2128/783/2129
f 2128/783/2129 2140/806/2150 2141/807/2151 2129/784/2130
f 2129/784/2130 2141/807/2151 2142/808/2152 2130/785/2131
f 2146/809/2153 2158/810/2154 2159/811/2155 2147/812/2156
f 2159/811/2155 2160/694/2059 2148/813/2157 2147/812/2156
f 2160/694/2059 2161/693/2058 2149/814/2158 2148/813/2157
f 2161/815/2058 2162/816/2159 2150/817/2160 2149/818/2158
f 2162/816/2159 2163/819/2161 2151/820/2162 2150/817/2160
f 2130/785/2131 2142/808/2152 2131/805/2149 2119/799/2143
f 2144/821/2163 2156/822/2164 2157/823/2165 2145/824/2166
f 2145/824/2166 2157/823/2165 2158/810/2154 2146/809/2153
f 2143/825/2167 2155/826/2168 2156/822/2164 2144/821/2163
f 2151/820/2162 2163/819/2161 2164/827/2169 2152/828/2170
f 2152/828/2170 2164/827/2169 2165/829/2171 2153/830/2172
f 2153/830/2172 2165/829/2171 2166/831/2173 2154/832/2174
f 2171/774/2122 2172/691/2056 2160/694/2059 2159/811/2155
f 2174/775/2123 2175/777/2125 2163/819/2161 2162/816/2159
f 2173/779/2057 2174/775/2123 2162/816/2159 2161/815/2058
f 2164/827/2169 2176/780/2126 2177/781/2127 2165/829/2171
f 2154/832/2174 2166/831/2173 2155/826/2168 2143/825/2167
f 2156/822/2164 2168/762/2110 2169/767/2115 2157/823/2165
f 2157/823/2165 2169/767/2115 2170/770/2118 2158/810/2154
f 2155/826/2168 2167/759/2107 2168/762/2110 2156/822/2164
f 2163/819/2161 2175/777/2125 2176/780/2126 2164/827/2169
f 2158/810/2154 2170/770/2118 2171/774/2122 2159/811/2155
f 2165/829/2171 2177/781/2127 2178/833/2175 2166/831/2173
f 2097/768/2116 2109/834/2176 2110/835/2177 2098/769/2117
f 2112/836/2178 2113/837/2179 2101/772/2120 2100/771/2119
f 2111/838/2180 2112/836/2178 2100/771/2119 2099/773/2121
f 2114/839/2181 2115/756/2104 2103/755/2103 2102/776/2124
f 2113/840/2179 2114/839/2181 2102/776/2124 2101/778/2120
f 2166/831/2173 2178/833/2175 2167/759/2107 2155/826/2168
f 2095/760/2108 2107/800/2144 2108/841/2182 2096/761/2109
f 2098/769/2117 2110/835/2177 2111/838/2180 2099/773/2121
f 2096/761/2109 2108/841/2182 2109/834/2176 2097/768/2116
f 2104/758/2106 2116/757/2105 2117/764/2112 2105/763/2111
f 2106/766/2114 2118/765/2113 2107/800/2144 2095/760/2108
f 2177/781/2127 2105/763/2111 2106/766/2114 2178/833/2175
f 2109/834/2176 2121/804/2148 2122/786/2132 2110/835/2177
f 2124/791/2137 2125/793/2139 2113/837/2179 2112/836/2178
f 2123/789/2135 2124/791/2137 2112/836/2178 2111/838/2180
f 2126/796/2141 2127/782/2128 2115/756/2104 2114/839/2181
f 2125/797/2139 2126/796/2141 2114/839/2181 2113/840/2179
f 2178/833/2175 2106/766/2114 2095/760/2108 2167/759/2107
f 2107/800/2144 2119/799/2143 2120/801/2145 2108/841/2182
f 2110/835/2177 2122/786/2132 2123/789/2135 2111/838/2180
f 2108/841/2182 2120/801/2145 2121/804/2148 2109/834/2176
f 2131/805/2149 2142/808/2152 2022/654/2022 2011/669/2035
f 2142/808/2152 2141/807/2151 2021/652/2020 2022/654/2022
f 2141/807/2151 2140/806/2150 2020/650/2018 2021/652/2020
f 2140/806/2150 2139/798/2142 2019/647/2015 2020/650/2018
f 2139/798/2142 2138/795/2140 2018/697/2062 2019/647/2015
f 2138/795/2140 2137/794/2138 2017/698/2060 2018/697/2062
f 2137/792/2138 2136/790/2136 2016/696/2061 2017/695/2060
f 2136/790/2136 2135/788/2134 2015/702/2066 2016/696/2061
f 2135/788/2134 2134/787/2133 2014/701/2065 2015/702/2066
f 2134/787/2133 2133/803/2147 2013/700/2064 2014/701/2065
f 2133/803/2147 2132/802/2146 2012/699/2063 2013/700/2064
f 2132/802/2146 2131/805/2149 2011/669/2035 2012/699/2063
f 2144/821/2163 2145/824/2166 2085/742/2098 2084/741/2097
f 2145/824/2166 2146/809/2153 2086/734/2091 2085/742/2098
f 2146/809/2153 2147/812/2156 2087/735/2092 2086/734/2091
f 2147/812/2156 2148/813/2157 2088/736/2093 2087/735/2092
f 2148/813/2157 2149/814/2158 2089/737/2094 2088/736/2093
f 2149/818/2158 2150/817/2160 2090/739/2095 2089/738/2094
f 2150/817/2160 2151/820/2162 2091/740/2096 2090/739/2095
f 2151/820/2162 2152/828/2170 2092/744/2100 2091/740/2096
f 2152/828/2170 2153/830/2172 2093/745/2101 2092/744/2100
f 2153/830/2172 2154/832/2174 2094/746/2102 2093/745/2101
f 2154/832/2174 2143/825/2167 2083/743/2099 2094/746/2102
f 2143/825/2167 2144/821/2163 2084/741/2097 2083/743/2099
f 2063/714/2074 2064/716/2076 2052/748/2046 2051/754/2045
f 2027/658/2026 2028/660/2028 2016/696/2061 2015/702/2066
f 2187/647/2183 2199/648/2184 2200/649/2185 2188/650/2186
f 2188/650/2186 2200/649/2185 2201/651/2187 2189/652/2188
f 2189/652/2188 2201/651/2187 2202/653/2189 2190/654/2190
f 2194/655/2191 2206/656/2192 2207/657/2193 2195/658/2194
f 2207/657/2193 2208/659/2195 2196/660/2196 2195/658/2194
f 2208/659/2195 2209/661/2197 2197/662/2198 2196/660/2196
f 2209/663/2197 2210/664/2199 2198/665/2200 2197/666/2198
f 2210/664/2199 2211/667/2201 2199/648/2184 2198/665/2200
f 2190/654/2190 2202/653/2189 2191/668/2202 2179/669/2203
f 2192/670/2204 2204/671/2205 2205/672/2206 2193/673/2207
f 2193/673/2207 2205/672/2206 2206/656/2192 2194/655/2191
f 2191/668/2202 2203/674/2208 2204/671/2205 2192/670/2204
f 2199/648/2184 2211/667/2201 2212/675/2209 2200/649/2185
f 2200/649/2185 2212/675/2209 2213/676/2210 2201/651/2187
f 2201/651/2187 2213/676/2210 2214/677/2211 2202/653/2189
f 2206/656/2192 2218/678/2212 2219/679/2213 2207/657/2193
f 2219/679/2213 2220/680/2214 2208/659/2195 2207/657/2193
f 2220/680/2214 2221/681/2215 2209/661/2197 2208/659/2195
f 2221/682/2215 2222/683/2216 2210/664/2199 2209/663/2197
f 2222/683/2216 2223/684/2217 2211/667/2201 2210/664/2199
f 2202/653/2189 2214/677/2211 2203/674/2208 2191/668/2202
f 2204/671/2205 2216/685/2218 2217/686/2219 2205/672/2206
f 2205/672/2206 2217/686/2219 2218/678/2212 2206/656/2192
f 2203/674/2208 2215/687/2220 2216/685/2218 2204/671/2205
f 2211/667/2201 2223/684/2217 2224/688/2221 2212/675/2209
f 2212/675/2209 2224/688/2221 2225/689/2222 2213/676/2210
f 2213/676/2210 2225/689/2222 2226/690/2223 2214/677/2211
f 2340/691/2224 2341/692/2225 2329/693/2226 2328/694/2227
f 2196/660/2196 2197/662/2198 2185/695/2228 2184/696/2229
f 2197/666/2198 2198/665/2200 2186/697/2230 2185/698/2228
f 2198/665/2200 2199/648/2184 2187/647/2183 2186/697/2230
f 2179/669/2203 2191/668/2202 2192/670/2204 2180/699/2231
f 2214/677/2211 2226/690/2223 2215/687/2220 2203/674/2208
f 2181/700/2232 2193/673/2207 2194/655/2191 2182/701/2233
f 2182/701/2233 2194/655/2191 2195/658/2194 2183/702/2234
f 2180/699/2231 2192/670/2204 2193/673/2207 2181/700/2232
f 2223/703/2217 2235/704/2235 2236/705/2236 2224/706/2221
f 2224/706/2221 2236/705/2236 2237/707/2237 2225/708/2222
f 2225/708/2222 2237/707/2237 2238/709/2238 2226/710/2223
f 2230/711/2239 2242/712/2240 2243/713/2241 2231/714/2242
f 2243/713/2241 2244/715/2243 2232/716/2244 2231/714/2242
f 2244/715/2243 2245/717/2245 2233/718/2246 2232/716/2244
f 2245/719/2245 2246/720/2247 2234/721/2248 2233/722/2246
f 2246/720/2247 2247/723/2249 2235/704/2235 2234/721/2248
f 2226/710/2223 2238/709/2238 2227/724/2250 2215/725/2220
f 2228/726/2251 2240/727/2252 2241/728/2253 2229/729/2254
f 2229/729/2254 2241/728/2253 2242/712/2240 2230/711/2239
f 2227/724/2250 2239/730/2255 2240/727/2252 2228/726/2251
f 2235/704/2235 2247/723/2249 2248/731/2256 2236/705/2236
f 2236/705/2236 2248/731/2256 2249/732/2257 2237/707/2237
f 2237/707/2237 2249/732/2257 2250/733/2258 2238/709/2238
f 2242/712/2240 2254/734/2259 2255/735/2260 2243/713/2241
f 2255/735/2260 2256/736/2261 2244/715/2243 2243/713/2241
f 2256/736/2261 2257/737/2262 2245/717/2245 2244/715/2243
f 2257/738/2262 2258/739/2263 2246/720/2247 2245/719/2245
f 2258/739/2263 2259/740/2264 2247/723/2249 2246/720/2247
f 2238/709/2238 2250/733/2258 2239/730/2255 2227/724/2250
f 2240/727/2252 2252/741/2265 2253/742/2266 2241/728/2253
f 2241/728/2253 2253/742/2266 2254/734/2259 2242/712/2240
f 2239/730/2255 2251/743/2267 2252/741/2265 2240/727/2252
f 2247/723/2249 2259/740/2264 2260/744/2268 2248/731/2256
f 2248/731/2256 2260/744/2268 2261/745/2269 2249/732/2257
f 2249/732/2257 2261/745/2269 2262/746/2270 2250/733/2258
f 2232/716/2244 2233/718/2246 2221/747/2215 2220/748/2214
f 2233/722/2246 2234/721/2248 2222/749/2216 2221/750/2215
f 2234/721/2248 2235/704/2235 2223/703/2217 2222/749/2216
f 2215/725/2220 2227/724/2250 2228/726/2251 2216/751/2218
f 2250/733/2258 2262/746/2270 2251/743/2267 2239/730/2255
f 2217/752/2219 2229/729/2254 2230/711/2239 2218/753/2212
f 2218/753/2212 2230/711/2239 2231/714/2242 2219/754/2213
f 2216/751/2218 2228/726/2251 2229/729/2254 2217/752/2219
f 2271/755/2271 2283/756/2272 2284/757/2273 2272/758/2274
f 2335/759/2275 2263/760/2276 2264/761/2277 2336/762/2278
f 2273/763/2279 2285/764/2280 2286/765/2281 2274/766/2282
f 2337/767/2283 2265/768/2284 2266/769/2285 2338/770/2286
f 2340/691/2224 2268/771/2287 2269/772/2288 2341/692/2225
f 2267/773/2289 2268/771/2287 2340/691/2224 2339/774/2290
f 2342/775/2291 2270/776/2292 2271/755/2271 2343/777/2293
f 2269/778/2288 2270/776/2292 2342/775/2291 2341/779/2225
f 2336/762/2278 2264/761/2277 2265/768/2284 2337/767/2283
f 2343/777/2293 2271/755/2271 2272/758/2274 2344/780/2294
f 2338/770/2286 2266/769/2285 2267/773/2289 2339/774/2290
f 2344/780/2294 2272/758/2274 2273/763/2279 2345/781/2295
f 2283/756/2272 2295/782/2296 2296/783/2297 2284/757/2273
f 2284/757/2273 2296/783/2297 2297/784/2298 2285/764/2280
f 2285/764/2280 2297/784/2298 2298/785/2299 2286/765/2281
f 2290/786/2300 2302/787/2301 2303/788/2302 2291/789/2303
f 2303/788/2302 2304/790/2304 2292/791/2305 2291/789/2303
f 2304/790/2304 2305/792/2306 2293/793/2307 2292/791/2305
f 2305/794/2306 2306/795/2308 2294/796/2309 2293/797/2307
f 2306/795/2308 2307/798/2310 2295/782/2296 2294/796/2309
f 2286/765/2281 2298/785/2299 2287/799/2311 2275/800/2312
f 2288/801/2313 2300/802/2314 2301/803/2315 2289/804/2316
f 2289/804/2316 2301/803/2315 2302/787/2301 2290/786/2300
f 2287/799/2311 2299/805/2317 2300/802/2314 2288/801/2313
f 2295/782/2296 2307/798/2310 2308/806/2318 2296/783/2297
f 2296/783/2297 2308/806/2318 2309/807/2319 2297/784/2298
f 2297/784/2298 2309/807/2319 2310/808/2320 2298/785/2299
f 2314/809/2321 2326/810/2322 2327/811/2323 2315/812/2324
f 2327/811/2323 2328/694/2227 2316/813/2325 2315/812/2324
f 2328/694/2227 2329/693/2226 2317/814/2326 2316/813/2325
f 2329/815/2226 2330/816/2327 2318/817/2328 2317/818/2326
f 2330/816/2327 2331/819/2329 2319/820/2330 2318/817/2328
f 2298/785/2299 2310/808/2320 2299/805/2317 2287/799/2311
f 2312/821/2331 2324/822/2332 2325/823/2333 2313/824/2334
f 2313/824/2334 2325/823/2333 2326/810/2322 2314/809/2321
f 2311/825/2335 2323/826/2336 2324/822/2332 2312/821/2331
f 2319/820/2330 2331/819/2329 2332/827/2337 2320/828/2338
f 2320/828/2338 2332/827/2337 2333/829/2339 2321/830/2340
f 2321/830/2340 2333/829/2339 2334/831/2341 2322/832/2342
f 2339/774/2290 2340/691/2224 2328/694/2227 2327/811/2323
f 2342/775/2291 2343/777/2293 2331/819/2329 2330/816/2327
f 2341/779/2225 2342/775/2291 2330/816/2327 2329/815/2226
f 2332/827/2337 2344/780/2294 2345/781/2295 2333/829/2339
f 2322/832/2342 2334/831/2341 2323/826/2336 2311/825/2335
f 2324/822/2332 2336/762/2278 2337/767/2283 2325/823/2333
f 2325/823/2333 2337/767/2283 2338/770/2286 2326/810/2322
f 2323/826/2336 2335/759/2275 2336/762/2278 2324/822/2332
f 2331/819/2329 2343/777/2293 2344/780/2294 2332/827/2337
f 2326/810/2322 2338/770/2286 2339/774/2290 2327/811/2323
f 2333/829/2339 2345/781/2295 2346/833/2343 2334/831/2341
f 2265/768/2284 2277/834/2344 2278/835/2345 2266/769/2285
f 2280/836/2346 2281/837/2347 2269/772/2288 2268/771/2287
f 2279/838/2348 2280/836/2346 2268/771/2287 2267/773/2289
f 2282/839/2349 2283/756/2272 2271/755/2271 2270/776/2292
f 2281/840/2347 2282/839/2349 2270/776/2292 2269/778/2288
f 2334/831/2341 2346/833/2343 2335/759/2275 2323/826/2336
f 2263/760/2276 2275/800/2312 2276/841/2350 2264/761/2277
f 2266/769/2285 2278/835/2345 2279/838/2348 2267/773/2289
f 2264/761/2277 2276/841/2350 2277/834/2344 2265/768/2284
f 2272/758/2274 2284/757/2273 2285/764/2280 2273/763/2279
f 2274/766/2282 2286/765/2281 2275/800/2312 2263/760/2276
f 2345/781/2295 2273/763/2279 2274/766/2282 2346/833/2343
f 2277/834/2344 2289/804/2316 2290/786/2300 2278/835/2345
f 2292/791/2305 2293/793/2307 2281/837/2347 2280/836/2346
f 2291/789/2303 2292/791/2305 2280/836/2346 2279/838/2348
f 2294/796/2309 2295/782/2296 2283/756/2272 2282/839/2349
f 2293/797/2307 2294/796/2309 2282/839/2349 2281/840/2347
f 2346/833/2343 2274/766/2282 2263/760/2276 2335/759/2275
f 2275/800/2312 2287/799/2311 2288/801/2313 2276/841/2350
f 2278/835/2345 2290/786/2300 2291/789/2303 2279/838/2348
f 2276/841/2350 2288/801/2313 2289/804/2316 2277/834/2344
f 2299/805/2317 2310/808/2320 2190/654/2190 2179/669/2203
f 2310/808/2320 2309/807/2319 2189/652/2188 2190/654/2190
f 2309/807/2319 2308/806/2318 2188/650/2186 2189/652/2188
f 2308/806/2318 2307/798/2310 2187/647/2183 2188/650/2186
f 2307/798/2310 2306/795/2308 2186/697/2230 2187/647/2183
f 2306/795/2308 2305/794/2306 2185/698/2228 2186/697/2230
f 2305/792/2306 2304/790/2304 2184/696/2229 2185/695/2228
f 2304/790/2304 2303/788/2302 2183/702/2234 2184/696/2229
f 2303/788/2302 2302/787/2301 2182/701/2233 2183/702/2234
f 2302/787/2301 2301/803/2315 2181/700/2232 2182/701/2233
f 2301/803/2315 2300/802/2314 2180/699/2231 2181/700/2232
f 2300/802/2314 2299/805/2317 2179/669/2203 2180/699/2231
f 2312/821/2331 2313/824/2334 2253/742/2266 2252/741/2265
f 2313/824/2334 2314/809/2321 2254/734/2259 2253/742/2266
f 2314/809/2321 2315/812/2324 2255/735/2260 2254/734/2259
f 2315/812/2324 2316/813/2325 2256/736/2261 2255/735/2260
f 2316/813/2325 2317/814/2326 2257/737/2262 2256/736/2261
f 2317/818/2326 2318/817/2328 2258/739/2263 2257/738/2262
f 2318/817/2328 2319/820/2330 2259/740/2264 2258/739/2263
f 2319/820/2330 2320/828/2338 2260/744/2268 2259/740/2264
f 2320/828/2338 2321/830/2340 2261/745/2269 2260/744/2268
f 2321/830/2340 2322/832/2342 2262/746/2270 2261/745/2269
f 2322/832/2342 2311/825/2335 2251/743/2267 2262/746/2270
f 2311/825/2335 2312/821/2331 2252/741/2265 2251/743/2267
f 2231/714/2242 2232/716/2244 2220/748/2214 2219/754/2213
f 2195/658/2194 2196/660/2196 2184/696/2229 2183/702/2234
f 2355/647/2351 2367/648/2352 2368/649/2353 2356/650/2354
f 2356/650/2354 2368/649/2353 2369/651/2355 2357/652/2356
f 2357/652/2356 2369/651/2355 2370/653/2357 2358/654/2358
f 2362/655/2359 2374/656/2360 2375/657/2361 2363/658/2362
f 2375/657/2361 2376/659/2363 2364/660/2364 2363/658/2362
f 2376/659/2363 2377/661/2365 2365/662/2366 2364/660/2364
f 2377/663/2365 2378/664/2367 2366/665/2368 2365/666/2366
f 2378/664/2367 2379/667/2369 2367/648/2352 2366/665/2368
f 2358/654/2358 2370/653/2357 2359/668/2370 2347/669/2371
f 2360/670/2372 2372/671/2373 2373/672/2374 2361/673/2375
f 2361/673/2375 2373/672/2374 2374/656/2360 2362/655/2359
f 2359/668/2370 2371/674/2376 2372/671/2373 2360/670/2372
f 2367/648/2352 2379/667/2369 2380/675/2377 2368/649/2353
f 2368/649/2353 2380/675/2377 2381/676/2378 2369/651/2355
f 2369/651/2355 2381/676/2378 2382/677/2379 2370/653/2357
f 2374/656/2360 2386/678/2380 2387/679/2381 2375/657/2361
f 2387/679/2381 2388/680/2382 2376/659/2363 2375/657/2361
f 2388/680/2382 2389/681/2383 2377/661/2365 2376/659/2363
f 2389/682/2383 2390/683/2384 2378/664/2367 2377/663/2365
f 2390/683/2384 2391/684/2385 2379/667/2369 2378/664/2367
f 2370/653/2357 2382/677/2379 2371/674/2376 2359/668/2370
f 2372/671/2373 2384/685/2386 2385/686/2387 2373/672/2374
f 2373/672/2374 2385/686/2387 2386/678/2380 2374/656/2360
f 2371/674/2376 2383/687/2388 2384/685/2386 2372/671/2373
f 2379/667/2369 2391/684/2385 2392/688/2389 2380/675/2377
f 2380/675/2377 2392/688/2389 2393/689/2390 2381/676/2378
f 2381/676/2378 2393/689/2390 2394/690/2391 2382/677/2379
f 2508/691/2392 2509/692/2393 2497/693/2394 2496/694/2395
f 2364/660/2364 2365/662/2366 2353/695/2396 2352/696/2397
f 2365/666/2366 2366/665/2368 2354/697/2398 2353/698/2396
f 2366/665/2368 2367/648/2352 2355/647/2351 2354/697/2398
f 2347/669/2371 2359/668/2370 2360/670/2372 2348/699/2399
f 2382/677/2379 2394/690/2391 2383/687/2388 2371/674/2376
f 2349/700/2400 2361/673/2375 2362/655/2359 2350/701/2401
f 2350/701/2401 2362/655/2359 2363/658/2362 2351/702/2402
f 2348/699/2399 2360/670/2372 2361/673/2375 2349/700/2400
f 2391/703/2385 2403/704/2403 2404/705/2404 2392/706/2389
f 2392/706/2389 2404/705/2404 2405/707/2405 2393/708/2390
f 2393/708/2390 2405/707/2405 2406/709/2406 2394/710/2391
f 2398/711/2407 2410/712/2408 2411/713/2409 2399/714/2410
f 2411/713/2409 2412/715/2411 2400/716/2412 2399/714/2410
f 2412/715/2411 2413/717/2413 2401/718/2414 2400/716/2412
f 2413/719/2413 2414/720/2415 2402/721/2416 2401/722/2414
f 2414/720/2415 2415/723/2417 2403/704/2403 2402/721/2416
f 2394/710/2391 2406/709/2406 2395/724/2418 2383/725/2388
f 2396/726/2419 2408/727/2420 2409/728/2421 2397/729/2422
f 2397/729/2422 2409/728/2421 2410/712/2408 2398/711/2407
f 2395/724/2418 2407/730/2423 2408/727/2420 2396/726/2419
f 2403/704/2403 2415/723/2417 2416/731/2424 2404/705/2404
f 2404/705/2404 2416/731/2424 2417/732/2425 2405/707/2405
f 2405/707/2405 2417/732/2425 2418/733/2426 2406/709/2406
f 2410/712/2408 2422/734/2427 2423/735/2428 2411/713/2409
f 2423/735/2428 2424/736/2429 2412/715/2411 2411/713/2409
f 2424/736/2429 2425/737/2430 2413/717/2413 2412/715/2411
f 2425/738/2430 2426/739/2431 2414/720/2415 2413/719/2413
f 2426/739/2431 2427/740/2432 2415/723/2417 2414/720/2415
f 2406/709/2406 2418/733/2426 2407/730/2423 2395/724/2418
f 2408/727/2420 2420/741/2433 2421/742/2434 2409/728/2421
f 2409/728/2421 2421/742/2434 2422/734/2427 2410/712/2408
f 2407/730/2423 2419/743/2435 2420/741/2433 2408/727/2420
f 2415/723/2417 2427/740/2432 2428/744/2436 2416/731/2424
f 2416/731/2424 2428/744/2436 2429/745/2437 2417/732/2425
f 2417/732/2425 2429/745/2437 2430/746/2438 2418/733/2426
f 2400/716/2412 2401/718/2414 2389/747/2383 2388/748/2382
f 2401/722/2414 2402/721/2416 2390/749/2384 2389/750/2383
f 2402/721/2416 2403/704/2403 2391/703/2385 2390/749/2384
f 2383/725/2388 2395/724/2418 2396/726/2419 2384/751/2386
f 2418/733/2426 2430/746/2438 2419/743/2435 2407/730/2423
f 2385/752/2387 2397/729/2422 2398/711/2407 2386/753/2380
f 2386/753/2380 2398/711/2407 2399/714/2410 2387/754/2381
f 2384/751/2386 2396/726/2419 2397/729/2422 2385/752/2387
f 2439/755/2439 2451/756/2440 2452/757/2441 2440/758/2442
f 2503/759/2443 2431/760/2444 2432/761/2445 2504/762/2446
f 2441/763/2447 2453/764/2448 2454/765/2449 2442/766/2450
f 2505/767/2451 2433/768/2452 2434/769/2453 2506/770/2454
f 2508/691/2392 2436/771/2455 2437/772/2456 2509/692/2393
f 2435/773/2457 2436/771/2455 2508/691/2392 2507/774/2458
f 2510/775/2459 2438/776/2460 2439/755/2439 2511/777/2461
f 2437/778/2456 2438/776/2460 2510/775/2459 2509/779/2393
f 2504/762/2446 2432/761/2445 2433/768/2452 2505/767/2451
f 2511/777/2461 2439/755/2439 2440/758/2442 2512/780/2462
f 2506/770/2454 2434/769/2453 2435/773/2457 2507/774/2458
f 2512/780/2462 2440/758/2442 2441/763/2447 2513/781/2463
f 2451/756/2440 2463/782/2464 2464/783/2465 2452/757/2441
f 2452/757/2441 2464/783/2465 2465/784/2466 2453/764/2448
f 2453/764/2448 2465/784/2466 2466/785/2467 2454/765/2449
f 2458/786/2468 2470/787/2469 2471/788/2470 2459/789/2471
f 2471/788/2470 2472/790/2472 2460/791/2473 2459/789/2471
f 2472/790/2472 2473/792/2474 2461/793/2475 2460/791/2473
f 2473/794/2474 2474/795/2476 2462/796/2477 2461/797/2475
f 2474/795/2476 2475/798/2478 2463/782/2464 2462/796/2477
f 2454/765/2449 2466/785/2467 2455/799/2479 2443/800/2480
f 2456/801/2481 2468/802/2482 2469/803/2483 2457/804/2484
f 2457/804/2484 2469/803/2483 2470/787/2469 2458/786/2468
f 2455/799/2479 2467/805/2485 2468/802/2482 2456/801/2481
f 2463/782/2464 2475/798/2478 2476/806/2486 2464/783/2465
f 2464/783/2465 2476/806/2486 2477/807/2487 2465/784/2466
f 2465/784/2466 2477/807/2487 2478/808/2488 2466/785/2467
f 2482/809/2489 2494/810/2490 2495/811/2491 2483/812/2492
f 2495/811/2491 2496/694/2395 2484/813/2493 2483/812/2492
f 2496/694/2395 2497/693/2394 2485/814/2494 2484/813/2493
f 2497/815/2394 2498/816/2495 2486/817/2496 2485/818/2494
f 2498/816/2495 2499/819/2497 2487/820/2498 2486/817/2496
f 2466/785/2467 2478/808/2488 2467/805/2485 2455/799/2479
f 2480/821/2499 2492/822/2500 2493/823/2501 2481/824/2502
f 2481/824/2502 2493/823/2501 2494/810/2490 2482/809/2489
f 2479/825/2503 2491/826/2504 2492/822/2500 2480/821/2499
f 2487/820/2498 2499/819/2497 2500/827/2505 2488/828/2506
f 2488/828/2506 2500/827/2505 2501/829/2507 2489/830/2508
f 2489/830/2508 2501/829/2507 2502/831/2509 2490/832/2510
f 2507/774/2458 2508/691/2392 2496/694/2395 2495/811/2491
f 2510/775/2459 2511/777/2461 2499/819/2497 2498/816/2495
f 2509/779/2393 2510/775/2459 2498/816/2495 2497/815/2394
f 2500/827/2505 2512/780/2462 2513/781/2463 2501/829/2507
f 2490/832/2510 2502/831/2509 2491/826/2504 2479/825/2503
f 2492/822/2500 2504/762/2446 2505/767/2451 2493/823/2501
f 2493/823/2501 2505/767/2451 2506/770/2454 2494/810/2490
f 2491/826/2504 2503/759/2443 2504/762/2446 2492/822/2500
f 2499/819/2497 2511/777/2461 2512/780/2462 2500/827/2505
f 2494/810/2490 2506/770/2454 2507/774/2458 2495/811/2491
f 2501/829/2507 2513/781/2463 2514/833/2511 2502/831/2509
f 2433/768/2452 2445/834/2512 2446/835/2513 2434/769/2453
f 2448/836/2514 2449/837/2515 2437/772/2456 2436/771/2455
f 2447/838/2516 2448/836/2514 2436/771/2455 2435/773/2457
f 2450/839/2517 2451/756/2440 2439/755/2439 2438/776/2460
f 2449/840/2515 2450/839/2517 2438/776/2460 2437/778/2456
f 2502/831/2509 2514/833/2511 2503/759/2443 2491/826/2504
f 2431/760/2444 2443/800/2480 2444/841/2518 2432/761/2445
f 2434/769/2453 2446/835/2513 2447/838/2516 2435/773/2457
f 2432/761/2445 2444/841/2518 2445/834/2512 2433/768/2452
f 2440/758/2442 2452/757/2441 2453/764/2448 2441/763/2447
f 2442/766/2450 2454/765/2449 2443/800/2480 2431/760/2444
f 2513/781/2463 2441/763/2447 2442/766/2450 2514/833/2511
f 2445/834/2512 2457/804/2484 2458/786/2468 2446/835/2513
f 2460/791/2473 2461/793/2475 2449/837/2515 2448/836/2514
f 2459/789/2471 2460/791/2473 2448/836/2514 2447/838/2516
f 2462/796/2477 2463/782/2464 2451/756/2440 2450/839/2517
f 2461/797/2475 2462/796/2477 2450/839/2517 2449/840/2515
f 2514/833/2511 2442/766/2450 2431/760/2444 2503/759/2443
f 2443/800/2480 2455/799/2479 2456/801/2481 2444/841/2518
f 2446/835/2513 2458/786/2468 2459/789/2471 2447/838/2516
f 2444/841/2518 2456/801/2481 2457/804/2484 2445/834/2512
f 2467/805/2485 2478/808/2488 2358/654/2358 2347/669/2371
f 2478/808/2488 2477/807/2487 2357/652/2356 2358/654/2358
f 2477/807/2487 2476/806/2486 2356/650/2354 2357/652/2356
f 2476/806/2486 2475/798/2478 2355/647/2351 2356/650/2354
f 2475/798/2478 2474/795/2476 2354/697/2398 2355/647/2351
f 2474/795/2476 2473/794/2474 2353/698/2396 2354/697/2398
f 2473/792/2474 2472/790/2472 2352/696/2397 2353/695/2396
f 2472/790/2472 2471/788/2470 2351/702/2402 2352/696/2397
f 2471/788/2470 2470/787/2469 2350/701/2401 2351/702/2402
f 2470/787/2469 2469/803/2483 2349/700/2400 2350/701/2401
f 2469/803/2483 2468/802/2482 2348/699/2399 2349/700/2400
f 2468/802/2482 2467/805/2485 2347/669/2371 2348/699/2399
f 2480/821/2499 2481/824/2502 2421/742/2434 2420/741/2433
f 2481/824/2502 2482/809/2489 2422/734/2427 2421/742/2434
f 2482/809/2489 2483/812/2492 2423/735/2428 2422/734/2427
f 2483/812/2492 2484/813/2493 2424/736/2429 2423/735/2428
f 2484/813/2493 2485/814/2494 2425/737/2430 2424/736/2429
f 2485/818/2494 2486/817/2496 2426/739/2431 2425/738/2430
f 2486/817/2496 2487/820/2498 2427/740/2432 2426/739/2431
f 2487/820/2498 2488/828/2506 2428/744/2436 2427/740/2432
f 2488/828/2506 2489/830/2508 2429/745/2437 2428/744/2436
f 2489/830/2508 2490/832/2510 2430/746/2438 2429/745/2437
f 2490/832/2510 2479/825/2503 2419/743/2435 2430/746/2438
f 2479/825/2503 2480/821/2499 2420/741/2433 2419/743/2435
f 2399/714/2410 2400/716/2412 2388/748/2382 2387/754/2381
f 2363/658/2362 2364/660/2364 2352/696/2397 2351/702/2402
f 2523/647/2519 2535/648/2520 2536/649/2521 2524/650/2522
f 2524/650/2522 2536/649/2521 2537/651/2523 2525/652/2524
f 2525/652/2524 2537/651/2523 2538/653/2525 2526/654/2526
f 2530/655/2527 2542/656/2528 2543/657/2529 2531/658/2530
f 2543/657/2529 2544/659/2531 2532/660/2532 2531/658/2530
f 2544/659/2531 2545/661/2533 2533/662/2534 2532/660/2532
f 2545/663/2533 2546/664/2535 2534/665/2536 2533/666/2534
f 2546/664/2535 2547/667/2537 2535/648/2520 2534/665/2536
f 2526/654/2526 2538/653/2525 2527/668/2538 2515/669/2539
f 2528/670/2540 2540/671/2541 2541/672/2542 2529/673/2543
f 2529/673/2543 2541/672/2542 2542/656/2528 2530/655/2527
f 2527/668/2538 2539/674/2544 2540/671/2541 2528/670/2540
f 2535/648/2520 2547/667/2537 2548/675/2545 2536/649/2521
f 2536/649/2521 2548/675/2545 2549/676/2546 2537/651/2523
f 2537/651/2523 2549/676/2546 2550/677/2547 2538/653/2525
f 2542/656/2528 2554/678/2548 2555/679/2549 2543/657/2529
f 2555/679/2549 2556/680/2550 2544/659/2531 2543/657/2529
f 2556/680/2550 2557/681/2551 2545/661/2533 2544/659/2531
f 2557/682/2551 2558/683/2552 2546/664/2535 2545/663/2533
f 2558/683/2552 2559/684/2553 2547/667/2537 2546/664/2535
f 2538/653/2525 2550/677/2547 2539/674/2544 2527/668/2538
f 2540/671/2541 2552/685/2554 2553/686/2555 2541/672/2542
f 2541/672/2542 2553/686/2555 2554/678/2548 2542/656/2528
f 2539/674/2544 2551/687/2556 2552/685/2554 2540/671/2541
f 2547/667/2537 2559/684/2553 2560/688/2557 2548/675/2545
f 2548/675/2545 2560/688/2557 2561/689/2558 2549/676/2546
f 2549/676/2546 2561/689/2558 2562/690/2559 2550/677/2547
f 2676/691/2560 2677/692/2561 2665/693/2562 2664/694/2563
f 2532/660/2532 2533/662/2534 2521/695/2564 2520/696/2565
f 2533/666/2534 2534/665/2536 2522/697/2566 2521/698/2564
f 2534/665/2536 2535/648/2520 2523/647/2519 2522/697/2566
f 2515/669/2539 2527/668/2538 2528/670/2540 2516/699/2567
f 2550/677/2547 2562/690/2559 2551/687/2556 2539/674/2544
f 2517/700/2568 2529/673/2543 2530/655/2527 2518/701/2569
f 2518/701/2569 2530/655/2527 2531/658/2530 2519/702/2570
f 2516/699/2567 2528/670/2540 2529/673/2543 2517/700/2568
f 2559/703/2553 2571/704/2571 2572/705/2572 2560/706/2557
f 2560/706/2557 2572/705/2572 2573/707/2573 2561/708/2558
f 2561/708/2558 2573/707/2573 2574/709/2574 2562/710/2559
f 2566/711/2575 2578/712/2576 2579/713/2577 2567/714/2578
f 2579/713/2577 2580/715/2579 2568/716/2580 2567/714/2578
f 2580/715/2579 2581/717/2581 2569/718/2582 2568/716/2580
f 2581/719/2581 2582/720/2583 2570/721/2584 2569/722/2582
f 2582/720/2583 2583/723/2585 2571/704/2571 2570/721/2584
f 2562/710/2559 2574/709/2574 2563/724/2586 2551/725/2556
f 2564/726/2587 2576/727/2588 2577/728/2589 2565/729/2590
f 2565/729/2590 2577/728/2589 2578/712/2576 2566/711/2575
f 2563/724/2586 2575/730/2591 2576/727/2588 2564/726/2587
f 2571/704/2571 2583/723/2585 2584/731/2592 2572/705/2572
f 2572/705/2572 2584/731/2592 2585/732/2593 2573/707/2573
f 2573/707/2573 2585/732/2593 2586/733/2594 2574/709/2574
f 2578/712/2576 2590/734/2595 2591/735/2596 2579/713/2577
f 2591/735/2596 2592/736/2597 2580/715/2579 2579/713/2577
f 2592/736/2597 2593/737/2598 2581/717/2581 2580/715/2579
f 2593/738/2598 2594/739/2599 2582/720/2583 2581/719/2581
f 2594/739/2599 2595/740/2600 2583/723/2585 2582/720/2583
f 2574/709/2574 2586/733/2594 2575/730/2591 2563/724/2586
f 2576/727/2588 2588/741/2601 2589/742/2602 2577/728/2589
f 2577/728/2589 2589/742/2602 2590/734/2595 2578/712/2576
f 2575/730/2591 2587/743/2603 2588/741/2601 2576/727/2588
f 2583/723/2585 2595/740/2600 2596/744/2604 2584/731/2592
f 2584/731/2592 2596/744/2604 2597/745/2605 2585/732/2593
f 2585/732/2593 2597/745/2605 2598/746/2606 2586/733/2594
f 2568/716/2580 2569/718/2582 2557/747/2551 2556/748/2550
f 2569/722/2582 2570/721/2584 2558/749/2552 2557/750/2551
f 2570/721/2584 2571/704/2571 2559/703/2553 2558/749/2552
f 2551/725/2556 2563/724/2586 2564/726/2587 2552/751/2554
f 2586/733/2594 2598/746/2606 2587/743/2603 2575/730/2591
f 2553/752/2555 2565/729/2590 2566/711/2575 2554/753/2548
f 2554/753/2548 2566/711/2575 2567/714/2578 2555/754/2549
f 2552/751/2554 2564/726/2587 2565/729/2590 2553/752/2555
f 2607/755/2607 2619/756/2608 2620/757/2609 2608/758/2610
f 2671/759/2611 2599/760/2612 2600/761/2613 2672/762/2614
f 2609/763/2615 2621/764/2616 2622/765/2617 2610/766/2618
f 2673/767/2619 2601/768/2620 2602/769/2621 2674/770/2622
f 2676/691/2560 2604/771/2623 2605/772/2624 2677/692/2561
f 2603/773/2625 2604/771/2623 2676/691/2560 2675/774/2626
f 2678/775/2627 2606/776/2628 2607/755/2607 2679/777/2629
f 2605/778/2624 2606/776/2628 2678/775/2627 2677/779/2561
f 2672/762/2614 2600/761/2613 2601/768/2620 2673/767/2619
f 2679/777/2629 2607/755/2607 2608/758/2610 2680/780/2630
f 2674/770/2622 2602/769/2621 2603/773/2625 2675/774/2626
f 2680/780/2630 2608/758/2610 2609/763/2615 2681/781/2631
f 2619/756/2608 2631/782/2632 2632/783/2633 2620/757/2609
f 2620/757/2609 2632/783/2633 2633/784/2634 2621/764/2616
f 2621/764/2616 2633/784/2634 2634/785/2635 2622/765/2617
f 2626/786/2636 2638/787/2637 2639/788/2638 2627/789/2639
f 2639/788/2638 2640/790/2640 2628/791/2641 2627/789/2639
f 2640/790/2640 2641/792/2642 2629/793/2643 2628/791/2641
f 2641/794/2642 2642/795/2644 2630/796/2645 2629/797/2643
f 2642/795/2644 2643/798/2646 2631/782/2632 2630/796/2645
f 2622/765/2617 2634/785/2635 2623/799/2647 2611/800/2648
f 2624/801/2649 2636/802/2650 2637/803/2651 2625/804/2652
f 2625/804/2652 2637/803/2651 2638/787/2637 2626/786/2636
f 2623/799/2647 2635/805/2653 2636/802/2650 2624/801/2649
f 2631/782/2632 2643/798/2646 2644/806/2654 2632/783/2633
f 2632/783/2633 2644/806/2654 2645/807/2655 2633/784/2634
f 2633/784/2634 2645/807/2655 2646/808/2656 2634/785/2635
f 2650/809/2657 2662/810/2658 2663/811/2659 2651/812/2660
f 2663/811/2659 2664/694/2563 2652/813/2661 2651/812/2660
f 2664/694/2563 2665/693/2562 2653/814/2662 2652/813/2661
f 2665/815/2562 2666/816/2663 2654/817/2664 2653/818/2662
f 2666/816/2663 2667/819/2665 2655/820/2666 2654/817/2664
f 2634/785/2635 2646/808/2656 2635/805/2653 2623/799/2647
f 2648/821/2667 2660/822/2668 2661/823/2669 2649/824/2670
f 2649/824/2670 2661/823/2669 2662/810/2658 2650/809/2657
f 2647/825/2671 2659/826/2672 2660/822/2668 2648/821/2667
f 2655/820/2666 2667/819/2665 2668/827/2673 2656/828/2674
f 2656/828/2674 2668/827/2673 2669/829/2675 2657/830/2676
f 2657/830/2676 2669/829/2675 2670/831/2677 2658/832/2678
f 2675/774/2626 2676/691/2560 2664/694/2563 2663/811/2659
f 2678/775/2627 2679/777/2629 2667/819/2665 2666/816/2663
f 2677/779/2561 2678/775/2627 2666/816/2663 2665/815/2562
f 2668/827/2673 2680/780/2630 2681/781/2631 2669/829/2675
f 2658/832/2678 2670/831/2677 2659/826/2672 2647/825/2671
f 2660/822/2668 2672/762/2614 2673/767/2619 2661/823/2669
f 2661/823/2669 2673/767/2619 2674/770/2622 2662/810/2658
f 2659/826/2672 2671/759/2611 2672/762/2614 2660/822/2668
f 2667/819/2665 2679/777/2629 2680/780/2630 2668/827/2673
f 2662/810/2658 2674/770/2622 2675/774/2626 2663/811/2659
f 2669/829/2675 2681/781/2631 2682/833/2679 2670/831/2677
f 2601/768/2620 2613/834/2680 2614/835/2681 2602/769/2621
f 2616/836/2682 2617/837/2683 2605/772/2624 2604/771/2623
f 2615/838/2684 2616/836/2682 2604/771/2623 2603/773/2625
f 2618/839/2685 2619/756/2608 2607/755/2607 2606/776/2628
f 2617/840/2683 2618/839/2685 2606/776/2628 2605/778/2624
f 2670/831/2677 2682/833/2679 2671/759/2611 2659/826/2672
f 2599/760/2612 2611/800/2648 2612/841/2686 2600/761/2613
f 2602/769/2621 2614/835/2681 2615/838/2684 2603/773/2625
f 2600/761/2613 2612/841/2686 2613/834/2680 2601/768/2620
f 2608/758/2610 2620/757/2609 2621/764/2616 2609/763/2615
f 2610/766/2618 2622/765/2617 2611/800/2648 2599/760/2612
f 2681/781/2631 2609/763/2615 2610/766/2618 2682/833/2679
f 2613/834/2680 2625/804/2652 2626/786/2636 2614/835/2681
f 2628/791/2641 2629/793/2643 2617/837/2683 2616/836/2682
f 2627/789/2639 2628/791/2641 2616/836/2682 2615/838/2684
f 2630/796/2645 2631/782/2632 2619/756/2608 2618/839/2685
f 2629/797/2643 2630/796/2645 2618/839/2685 2617/840/2683
f 2682/833/2679 2610/766/2618 2599/760/2612 2671/759/2611
f 2611/800/2648 2623/799/2647 2624/801/2649 2612/841/2686
f 2614/835/2681 2626/786/2636 2627/789/2639 2615/838/2684
f 2612/841/2686 2624/801/2649 2625/804/2652 2613/834/2680
f 2635/805/2653 2646/808/2656 2526/654/2526 2515/669/2539
f 2646/808/2656 2645/807/2655 2525/652/2524 2526/654/2526
f 2645/807/2655 2644/806/2654 2524/650/2522 2525/652/2524
f 2644/806/2654 2643/798/2646 2523/647/2519 2524/650/2522
f 2643/798/2646 2642/795/2644 2522/697/2566 2523/647/2519
f 2642/795/2644 2641/794/2642 2521/698/2564 2522/697/2566
f 2641/792/2642 2640/790/2640 2520/696/2565 2521/695/2564
f 2640/790/2640 2639/788/2638 2519/702/2570 2520/696/2565
f 2639/788/2638 2638/787/2637 2518/701/2569 2519/702/2570
f 2638/787/2637 2637/803/2651 2517/700/2568 2518/701/2569
f 2637/803/2651 2636/802/2650 2516/699/2567 2517/700/2568
f 2636/802/2650 2635/805/2653 2515/669/2539 2516/699/2567
f 2648/821/2667 2649/824/2670 2589/742/2602 2588/741/2601
f 2649/824/2670 2650/809/2657 2590/734/2595 2589/742/2602
f 2650/809/2657 2651/812/2660 2591/735/2596 2590/734/2595
f 2651/812/2660 2652/813/2661 2592/736/2597 2591/735/2596
f 2652/813/2661 2653/814/2662 2593/737/2598 2592/736/2597
f 2653/818/2662 2654/817/2664 2594/739/2599 2593/738/2598
f 2654/817/2664 2655/820/2666 2595/740/2600 2594/739/2599
f 2655/820/2666 2656/828/2674 2596/744/2604 2595/740/2600
f 2656/828/2674 2657/830/2676 2597/745/2605 2596/744/2604
f 2657/830/2676 2658/832/2678 2598/746/2606 2597/745/2605
f 2658/832/2678 2647/825/2671 2587/743/2603 2598/746/2606
f 2647/825/2671 2648/821/2667 2588/741/2601 2587/743/2603
f 2567/714/2578 2568/716/2580 2556/748/2550 2555/754/2549
f 2531/658/2530 2532/660/2532 2520/696/2565 2519/702/2570
f 2691/647/2687 2703/648/2688 2704/649/2689 2692/650/2690
f 2692/650/2690 2704/649/2689 2705/651/2691 2693/652/2692
f 2693/652/2692 2705/651/2691 2706/653/2693 2694/654/2694
f 2698/655/2695 2710/656/2696 2711/657/2697 2699/658/2698
f 2711/657/2697 2712/659/2699 2700/660/2700 2699/658/2698
f 2712/659/2699 2713/661/2701 2701/662/2702 2700/660/2700
f 2713/663/2701 2714/664/2703 2702/665/2704 2701/666/2702
f 2714/664/2703 2715/667/2705 2703/648/2688 2702/665/2704
f 2694/654/2694 2706/653/2693 2695/668/2706 2683/669/2707
f 2696/670/2708 2708/671/2709 2709/672/2710 2697/673/2711
f 2697/673/2711 2709/672/2710 2710/656/2696 2698/655/2695
f 2695/668/2706 2707/674/2712 2708/671/2709 2696/670/2708
f 2703/648/2688 2715/667/2705 2716/675/2713 2704/649/2689
f 2704/649/2689 2716/675/2713 2717/676/2714 2705/651/2691
f 2705/651/2691 2717/676/2714 2718/677/2715 2706/653/2693
f 2710/656/2696 2722/678/2716 2723/679/2717 2711/657/2697
f 2723/679/2717 2724/680/2718 2712/659/2699 2711/657/2697
f 2724/680/2718 2725/681/2719 2713/661/2701 2712/659/2699
f 2725/682/2719 2726/683/2720 2714/664/2703 2713/663/2701
f 2726/683/2720 2727/684/2721 2715/667/2705 2714/664/2703
f 2706/653/2693 2718/677/2715 2707/674/2712 2695/668/2706
f 2708/671/2709 2720/685/2722 2721/686/2723 2709/672/2710
f 2709/672/2710 2721/686/2723 2722/678/2716 2710/656/2696
f 2707/674/2712 2719/687/2724 2720/685/2722 2708/671/2709
f 2715/667/2705 2727/684/2721 2728/688/2725 2716/675/2713
f 2716/675/2713 2728/688/2725 2729/689/2726 2717/676/2714
f 2717/676/2714 2729/689/2726 2730/690/2727 2718/677/2715
f 2844/691/2728 2845/692/2729 2833/693/2730 2832/694/2731
f 2700/660/2700 2701/662/2702 2689/695/2732 2688/696/2733
f 2701/666/2702 2702/665/2704 2690/697/2734 2689/698/2732
f 2702/665/2704 2703/648/2688 2691/647/2687 2690/697/2734
f 2683/669/2707 2695/668/2706 2696/670/2708 2684/699/2735
f 2718/677/2715 2730/690/2727 2719/687/2724 2707/674/2712
f 2685/700/2736 2697/673/2711 2698/655/2695 2686/701/2737
f 2686/701/2737 2698/655/2695 2699/658/2698 2687/702/2738
f 2684/699/2735 2696/670/2708 2697/673/2711 2685/700/2736
f 2727/703/2721 2739/704/2739 2740/705/2740 2728/706/2725
f 2728/706/2725 2740/705/2740 2741/707/2741 2729/708/2726
f 2729/708/2726 2741/707/2741 2742/709/2742 2730/710/2727
f 2734/711/2743 2746/712/2744 2747/713/2745 2735/714/2746
f 2747/713/2745 2748/715/2747 2736/716/2748 2735/714/2746
f 2748/715/2747 2749/717/2749 2737/718/2750 2736/716/2748
f 2749/719/2749 2750/720/2751 2738/721/2752 2737/722/2750
f 2750/720/2751 2751/723/2753 2739/704/2739 2738/721/2752
f 2730/710/2727 2742/709/2742 2731/724/2754 2719/725/2724
f 2732/726/2755 2744/727/2756 2745/728/2757 2733/729/2758
f 2733/729/2758 2745/728/2757 2746/712/2744 2734/711/2743
f 2731/724/2754 2743/730/2759 2744/727/2756 2732/726/2755
f 2739/704/2739 2751/723/2753 2752/731/2760 2740/705/2740
f 2740/705/2740 2752/731/2760 2753/732/2761 2741/707/2741
f 2741/707/2741 2753/732/2761 2754/733/2762 2742/709/2742
f 2746/712/2744 2758/734/2763 2759/735/2764 2747/713/2745
f 2759/735/2764 2760/736/2765 2748/715/2747 2747/713/2745
f 2760/736/2765 2761/737/2766 2749/717/2749 2748/715/2747
f 2761/738/2766 2762/739/2767 2750/720/2751 2749/719/2749
f 2762/739/2767 2763/740/2768 2751/723/2753 2750/720/2751
f 2742/709/2742 2754/733/2762 2743/730/2759 2731/724/2754
f 2744/727/2756 2756/741/2769 2757/742/2770 2745/728/2757
f 2745/728/2757 2757/742/2770 2758/734/2763 2746/712/2744
f 2743/730/2759 2755/743/2771 2756/741/2769 2744/727/2756
f 2751/723/2753 2763/740/2768 2764/744/2772 2752/731/2760
f 2752/731/2760 2764/744/2772 2765/745/2773 2753/732/2761
f 2753/732/2761 2765/745/2773 2766/746/2774 2754/733/2762
f 2736/716/2748 2737/718/2750 2725/747/2719 2724/748/2718
f 2737/722/2750 2738/721/2752 2726/749/2720 2725/750/2719
f 2738/721/2752 2739/704/2739 2727/703/2721 2726/749/2720
f 2719/725/2724 2731/724/2754 2732/726/2755 2720/751/2722
f 2754/733/2762 2766/746/2774 2755/743/2771 2743/730/2759
f 2721/752/2723 2733/729/2758 2734/711/2743 2722/753/2716
f 2722/753/2716 2734/711/2743 2735/714/2746 2723/754/2717
f 2720/751/2722 2732/726/2755 2733/729/2758 2721/752/2723
f 2775/755/2775 2787/756/2776 2788/757/2777 2776/758/2778
f 2839/759/2779 2767/760/2780 2768/761/2781 2840/762/2782
f 2777/763/2783 2789/764/2784 2790/765/2785 2778/766/2786
f 2841/767/2787 2769/768/2788 2770/769/2789 2842/770/2790
f 2844/691/2728 2772/771/2791 2773/772/2792 2845/692/2729
f 2771/773/2793 2772/771/2791 2844/691/2728 2843/774/2794
f 2846/775/2795 2774/776/2796 2775/755/2775 2847/777/2797
f 2773/778/2792 2774/776/2796 2846/775/2795 2845/779/2729
f 2840/762/2782 2768/761/2781 2769/768/2788 2841/767/2787
f 2847/777/2797 2775/755/2775 2776/758/2778 2848/780/2798
f 2842/770/2790 2770/769/2789 2771/773/2793 2843/774/2794
f 2848/780/2798 2776/758/2778 2777/763/2783 2849/781/2799
f 2787/756/2776 2799/782/2800 2800/783/2801 2788/757/2777
f 2788/757/2777 2800/783/2801 2801/784/2802 2789/764/2784
f 2789/764/2784 2801/784/2802 2802/785/2803 2790/765/2785
f 2794/786/2804 2806/787/2805 2807/788/2806 2795/789/2807
f 2807/788/2806 2808/790/2808 2796/791/2809 2795/789/2807
f 2808/790/2808 2809/792/2810 2797/793/2811 2796/791/2809
f 2809/794/2810 2810/795/2812 2798/796/2813 2797/797/2811
f 2810/795/2812 2811/798/2814 2799/782/2800 2798/796/2813
f 2790/765/2785 2802/785/2803 2791/799/2815 2779/800/2816
f 2792/801/2817 2804/802/2818 2805/803/2819 2793/804/2820
f 2793/804/2820 2805/803/2819 2806/787/2805 2794/786/2804
f 2791/799/2815 2803/805/2821 2804/802/2818 2792/801/2817
f 2799/782/2800 2811/798/2814 2812/806/2822 2800/783/2801
f 2800/783/2801 2812/806/2822 2813/807/2823 2801/784/2802
f 2801/784/2802 2813/807/2823 2814/808/2824 2802/785/2803
f 2818/809/2825 2830/810/2826 2831/811/2827 2819/812/2828
f 2831/811/2827 2832/694/2731 2820/813/2829 2819/812/2828
f 2832/694/2731 2833/693/2730 2821/814/2830 2820/813/2829
f 2833/815/2730 2834/816/2831 2822/817/2832 2821/818/2830
f 2834/816/2831 2835/819/2833 2823/820/2834 2822/817/2832
f 2802/785/2803 2814/808/2824 2803/805/2821 2791/799/2815
f 2816/821/2835 2828/822/2836 2829/823/2837 2817/824/2838
f 2817/824/2838 2829/823/2837 2830/810/2826 2818/809/2825
f 2815/825/2839 2827/826/2840 2828/822/2836 2816/821/2835
f 2823/820/2834 2835/819/2833 2836/827/2841 2824/828/2842
f 2824/828/2842 2836/827/2841 2837/829/2843 2825/830/2844
f 2825/830/2844 2837/829/2843 2838/831/2845 2826/832/2846
f 2843/774/2794 2844/691/2728 2832/694/2731 2831/811/2827
f 2846/775/2795 2847/777/2797 2835/819/2833 2834/816/2831
f 2845/779/2729 2846/775/2795 2834/816/2831 2833/815/2730
f 2836/827/2841 2848/780/2798 2849/781/2799 2837/829/2843
f 2826/832/2846 2838/831/2845 2827/826/2840 2815/825/2839
f 2828/822/2836 2840/762/2782 2841/767/2787 2829/823/2837
f 2829/823/2837 2841/767/2787 2842/770/2790 2830/810/2826
f 2827/826/2840 2839/759/2779 2840/762/2782 2828/822/2836
f 2835/819/2833 2847/777/2797 2848/780/2798 2836/827/2841
f 2830/810/2826 2842/770/2790 2843/774/2794 2831/811/2827
f 2837/829/2843 2849/781/2799 2850/833/2847 2838/831/2845
f 2769/768/2788 2781/834/2848 2782/835/2849 2770/769/2789
f 2784/836/2850 2785/837/2851 2773/772/2792 2772/771/2791
f 2783/838/2852 2784/836/2850 2772/771/2791 2771/773/2793
f 2786/839/2853 2787/756/2776 2775/755/2775 2774/776/2796
f 2785/840/2851 2786/839/2853 2774/776/2796 2773/778/2792
f 2838/831/2845 2850/833/2847 2839/759/2779 2827/826/2840
f 2767/760/2780 2779/800/2816 2780/841/2854 2768/761/2781
f 2770/769/2789 2782/835/2849 2783/838/2852 2771/773/2793
f 2768/761/2781 2780/841/2854 2781/834/2848 2769/768/2788
f 2776/758/2778 2788/757/2777 2789/764/2784 2777/763/2783
f 2778/766/2786 2790/765/2785 2779/800/2816 2767/760/2780
f 2849/781/2799 2777/763/2783 2778/766/2786 2850/833/2847
f 2781/834/2848 2793/804/2820 2794/786/2804 2782/835/2849
f 2796/791/2809 2797/793/2811 2785/837/2851 2784/836/2850
f 2795/789/2807 2796/791/2809 2784/836/2850 2783/838/2852
f 2798/796/2813 2799/782/2800 2787/756/2776 2786/839/2853
f 2797/797/2811 2798/796/2813 2786/839/2853 2785/840/2851
f 2850/833/2847 2778/766/2786 2767/760/2780 2839/759/2779
f 2779/800/2816 2791/799/2815 2792/801/2817 2780/841/2854
f 2782/835/2849 2794/786/2804 2795/789/2807 2783/838/2852
f 2780/841/2854 2792/801/2817 2793/804/2820 2781/834/2848
f 2803/805/2821 2814/808/2824 2694/654/2694 2683/669/2707
f 2814/808/2824 2813/807/2823 2693/652/2692 2694/654/2694
f 2813/807/2823 2812/806/2822 2692/650/2690 2693/652/2692
f 2812/806/2822 2811/798/2814 2691/647/2687 2692/650/2690
f 2811/798/2814 2810/795/2812 2690/697/2734 2691/647/2687
f 2810/795/2812 2809/794/2810 2689/698/2732 2690/697/2734
f 2809/792/2810 2808/790/2808 2688/696/2733 2689/695/2732
f 2808/790/2808 2807/788/2806 2687/702/2738 2688/696/2733
f 2807/788/2806 2806/787/2805 2686/701/2737 2687/702/2738
f 2806/787/2805 2805/803/2819 2685/700/2736 2686/701/2737
f 2805/803/2819 2804/802/2818 2684/699/2735 2685/700/2736
f 2804/802/2818 2803/805/2821 2683/669/2707 2684/699/2735
f 2816/821/2835 2817/824/2838 2757/742/2770 2756/741/2769
f 2817/824/2838 2818/809/2825 2758/734/2763 2757/742/2770
f 2818/809/2825 2819/812/2828 2759/735/2764 2758/734/2763
f 2819/812/2828 2820/813/2829 2760/736/2765 2759/735/2764
f 2820/813/2829 2821/814/2830 2761/737/2766 2760/736/2765
f 2821/818/2830 2822/817/2832 2762/739/2767 2761/738/2766
f 2822/817/2832 2823/820/2834 2763/740/2768 2762/739/2767
f 2823/820/2834 2824/828/2842 2764/744/2772 2763/740/2768
f 2824/828/2842 2825/830/2844 2765/745/2773 2764/744/2772
f 2825/830/2844 2826/832/2846 2766/746/2774 2765/745/2773
f 2826/832/2846 2815/825/2839 2755/743/2771 2766/746/2774
f 2815/825/2839 2816/821/2835 2756/741/2769 2755/743/2771
f 2735/714/2746 2736/716/2748 2724/748/2718 2723/754/2717
f 2699/658/2698 2700/660/2700 2688/696/2733 2687/702/2738
f 2859/647/2855 2871/648/2856 2872/649/2857 2860/650/2858
f 2860/650/2858 2872/649/2857 2873/651/2859 2861/652/2860
f 2861/652/2860 2873/651/2859 2874/653/2861 2862/654/2862
f 2866/655/2863 2878/656/2864 2879/657/2865 2867/658/2866
f 2879/657/2865 2880/659/2867 2868/660/2868 2867/658/2866
f 2880/659/2867 2881/661/2869 2869/662/2870 2868/660/2868
f 2881/663/2869 2882/664/2871 2870/665/2872 2869/666/2870
f 2882/664/2871 2883/667/2873 2871/648/2856 2870/665/2872
f 2862/654/2862 2874/653/2861 2863/668/2874 2851/669/2875
f 2864/670/2876 2876/671/2877 2877/672/2878 2865/673/2879
f 2865/673/2879 2877/672/2878 2878/656/2864 2866/655/2863
f 2863/668/2874 2875/674/2880 2876/671/2877 2864/670/2876
f 2871/648/2856 2883/667/2873 2884/675/2881 2872/649/2857
f 2872/649/2857 2884/675/2881 2885/676/2882 2873/651/2859
f 2873/651/2859 2885/676/2882 2886/677/2883 2874/653/2861
f 2878/656/2864 2890/678/2884 2891/679/2885 2879/657/2865
f 2891/679/2885 2892/680/2886 2880/659/2867 2879/657/2865
f 2892/680/2886 2893/681/2887 2881/661/2869 2880/659/2867
f 2893/682/2887 2894/683/2888 2882/664/2871 2881/663/2869
f 2894/683/2888 2895/684/2889 2883/667/2873 2882/664/2871
f 2874/653/2861 2886/677/2883 2875/674/2880 2863/668/2874
f 2876/671/2877 2888/685/2890 2889/686/2891 2877/672/2878
f 2877/672/2878 2889/686/2891 2890/678/2884 2878/656/2864
f 2875/674/2880 2887/687/2892 2888/685/2890 2876/671/2877
f 2883/667/2873 2895/684/2889 2896/688/2893 2884/675/2881
f 2884/675/2881 2896/688/2893 2897/689/2894 2885/676/2882
f 2885/676/2882 2897/689/2894 2898/690/2895 2886/677/2883
f 3012/691/2896 3013/692/2897 3001/693/2898 3000/694/2899
f 2868/660/2868 2869/662/2870 2857/695/2900 2856/696/2901
f 2869/666/2870 2870/665/2872 2858/697/2902 2857/698/2900
f 2870/665/2872 2871/648/2856 2859/647/2855 2858/697/2902
f 2851/669/2875 2863/668/2874 2864/670/2876 2852/699/2903
f 2886/677/2883 2898/690/2895 2887/687/2892 2875/674/2880
f 2853/700/2904 2865/673/2879 2866/655/2863 2854/701/2905
f 2854/701/2905 2866/655/2863 2867/658/2866 2855/702/2906
f 2852/699/2903 2864/670/2876 2865/673/2879 2853/700/2904
f 2895/703/2889 2907/704/2907 2908/705/2908 2896/706/2893
f 2896/706/2893 2908/705/2908 2909/707/2909 2897/708/2894
f 2897/708/2894 2909/707/2909 2910/709/2910 2898/710/2895
f 2902/711/2911 2914/712/2912 2915/713/2913 2903/714/2914
f 2915/713/2913 2916/715/2915 2904/716/2916 2903/714/2914
f 2916/715/2915 2917/717/2917 2905/718/2918 2904/716/2916
f 2917/719/2917 2918/720/2919 2906/721/2920 2905/722/2918
f 2918/720/2919 2919/723/2921 2907/704/2907 2906/721/2920
f 2898/710/2895 2910/709/2910 2899/724/2922 2887/725/2892
f 2900/726/2923 2912/727/2924 2913/728/2925 2901/729/2926
f 2901/729/2926 2913/728/2925 2914/712/2912 2902/711/2911
f 2899/724/2922 2911/730/2927 2912/727/2924 2900/726/2923
f 2907/704/2907 2919/723/2921 2920/731/2928 2908/705/2908
f 2908/705/2908 2920/731/2928 2921/732/2929 2909/707/2909
f 2909/707/2909 2921/732/2929 2922/733/2930 2910/709/2910
f 2914/712/2912 2926/734/2931 2927/735/2932 2915/713/2913
f 2927/735/2932 2928/736/2933 2916/715/2915 2915/713/2913
f 2928/736/2933 2929/737/2934 2917/717/2917 2916/715/2915
f 2929/738/2934 2930/739/2935 2918/720/2919 2917/719/2917
f 2930/739/2935 2931/740/2936 2919/723/2921 2918/720/2919
f 2910/709/2910 2922/733/2930 2911/730/2927 2899/724/2922
f 2912/727/2924 2924/741/2937 2925/742/2938 2913/728/2925
f 2913/728/2925 2925/742/2938 2926/734/2931 2914/712/2912
f 2911/730/2927 2923/743/2939 2924/741/2937 2912/727/2924
f 2919/723/2921 2931/740/2936 2932/744/2940 2920/731/2928
f 2920/731/2928 2932/744/2940 2933/745/2941 2921/732/2929
f 2921/732/2929 2933/745/2941 2934/746/2942 2922/733/2930
f 2904/716/2916 2905/718/2918 2893/747/2887 2892/748/2886
f 2905/722/2918 2906/721/2920 2894/749/2888 2893/750/2887
f 2906/721/2920 2907/704/2907 2895/703/2889 2894/749/2888
f 2887/725/2892 2899/724/2922 2900/726/2923 2888/751/2890
f 2922/733/2930 2934/746/2942 2923/743/2939 2911/730/2927
f 2889/752/2891 2901/729/2926 2902/711/2911 2890/753/2884
f 2890/753/2884 2902/711/2911 2903/714/2914 2891/754/2885
f 2888/751/2890 2900/726/2923 2901/729/2926 2889/752/2891
f 2943/755/2943 2955/756/2944 2956/757/2945 2944/758/2946
f 3007/759/2947 2935/760/2948 2936/761/2949 3008/762/2950
f 2945/763/2951 2957/764/2952 2958/765/2953 2946/766/2954
f 3009/767/2955 2937/768/2956 2938/769/2957 3010/770/2958
f 3012/691/2896 2940/771/2959 2941/772/2960 3013/692/2897
f 2939/773/2961 2940/771/2959 3012/691/2896 3011/774/2962
f 3014/775/2963 2942/776/2964 2943/755/2943 3015/777/2965
f 2941/778/2960 2942/776/2964 3014/775/2963 3013/779/2897
f 3008/762/2950 2936/761/2949 2937/768/2956 3009/767/2955
f 3015/777/2965 2943/755/2943 2944/758/2946 3016/780/2966
f 3010/770/2958 2938/769/2957 2939/773/2961 3011/774/2962
f 3016/780/2966 2944/758/2946 2945/763/2951 3017/781/2967
f 2955/756/2944 2967/782/2968 2968/783/2969 2956/757/2945
f 2956/757/2945 2968/783/2969 2969/784/2970 2957/764/2952
f 2957/764/2952 2969/784/2970 2970/785/2971 2958/765/2953
f 2962/786/2972 2974/787/2973 2975/788/2974 2963/789/2975
f 2975/788/2974 2976/790/2976 2964/791/2977 2963/789/2975
f 2976/790/2976 2977/792/2978 2965/793/2979 2964/791/2977
f 2977/794/2978 2978/795/2980 2966/796/2981 2965/797/2979
f 2978/795/2980 2979/798/2982 2967/782/2968 2966/796/2981
f 2958/765/2953 2970/785/2971 2959/799/2983 2947/800/2984
f 2960/801/2985 2972/802/2986 2973/803/2987 2961/804/2988
f 2961/804/2988 2973/803/2987 2974/787/2973 2962/786/2972
f 2959/799/2983 2971/805/2989 2972/802/2986 2960/801/2985
f 2967/782/2968 2979/798/2982 2980/806/2990 2968/783/2969
f 2968/783/2969 2980/806/2990 2981/807/2991 2969/784/2970
f 2969/784/2970 2981/807/2991 2982/808/2992 2970/785/2971
f 2986/809/2993 2998/810/2994 2999/811/2995 2987/812/2996
f 2999/811/2995 3000/694/2899 2988/813/2997 2987/812/2996
f 3000/694/2899 3001/693/2898 2989/814/2998 2988/813/2997
f 3001/815/2898 3002/816/2999 2990/817/3000 2989/818/2998
f 3002/816/2999 3003/819/3001 2991/820/3002 2990/817/3000
f 2970/785/2971 2982/808/2992 2971/805/2989 2959/799/2983
f 2984/821/3003 2996/822/3004 2997/823/3005 2985/824/3006
f 2985/824/3006 2997/823/3005 2998/810/2994 2986/809/2993
f 2983/825/3007 2995/826/3008 2996/822/3004 2984/821/3003
f 2991/820/3002 3003/819/3001 3004/827/3009 2992/828/3010
f 2992/828/3010 3004/827/3009 3005/829/3011 2993/830/3012
f 2993/830/3012 3005/829/3011 3006/831/3013 2994/832/3014
f 3011/774/2962 3012/691/2896 3000/694/2899 2999/811/2995
f 3014/775/2963 3015/777/2965 3003/819/3001 3002/816/2999
f 3013/779/2897 3014/775/2963 3002/816/2999 3001/815/2898
f 3004/827/3009 3016/780/2966 3017/781/2967 3005/829/3011
f 2994/832/3014 3006/831/3013 2995/826/3008 2983/825/3007
f 2996/822/3004 3008/762/2950 3009/767/2955 2997/823/3005
f 2997/823/3005 3009/767/2955 3010/770/2958 2998/810/2994
f 2995/826/3008 3007/759/2947 3008/762/2950 2996/822/3004
f 3003/819/3001 3015/777/2965 3016/780/2966 3004/827/3009
f 2998/810/2994 3010/770/2958 3011/774/2962 2999/811/2995
f 3005/829/3011 3017/781/2967 3018/833/3015 3006/831/3013
f 2937/768/2956 2949/834/3016 2950/835/3017 2938/769/2957
f 2952/836/3018 2953/837/3019 2941/772/2960 2940/771/2959
f 2951/838/3020 2952/836/3018 2940/771/2959 2939/773/2961
f 2954/839/3021 2955/756/2944 2943/755/2943 2942/776/2964
f 2953/840/3019 2954/839/3021 2942/776/2964 2941/778/2960
f 3006/831/3013 3018/833/3015 3007/759/2947 2995/826/3008
f 2935/760/2948 2947/800/2984 2948/841/3022 2936/761/2949
f 2938/769/2957 2950/835/3017 2951/838/3020 2939/773/2961
f 2936/761/2949 2948/841/3022 2949/834/3016 2937/768/2956
f 2944/758/2946 2956/757/2945 2957/764/2952 2945/763/2951
f 2946/766/2954 2958/765/2953 2947/800/2984 2935/760/2948
f 3017/781/2967 2945/763/2951 2946/766/2954 3018/833/3015
f 2949/834/3016 2961/804/2988 2962/786/2972 2950/835/3017
f 2964/791/2977 2965/793/2979 2953/837/3019 2952/836/3018
f 2963/789/2975 2964/791/2977 2952/836/3018 2951/838/3020
f 2966/796/2981 2967/782/2968 2955/756/2944 2954/839/3021
f 2965/797/2979 2966/796/2981 2954/839/3021 2953/840/3019
f 3018/833/3015 2946/766/2954 2935/760/2948 3007/759/2947
f 2947/800/2984 2959/799/2983 2960/801/2985 2948/841/3022
f 2950/835/3017 2962/786/2972 2963/789/2975 2951/838/3020
f 2948/841/3022 2960/801/2985 2961/804/2988 2949/834/3016
f 2971/805/2989 2982/808/2992 2862/654/2862 2851/669/2875
f 2982/808/2992 2981/807/2991 2861/652/2860 2862/654/2862
f 2981/807/2991 2980/806/2990 2860/650/2858 2861/652/2860
f 2980/806/2990 2979/798/2982 2859/647/2855 2860/650/2858
f 2979/798/2982 2978/795/2980 2858/697/2902 2859/647/2855
f 2978/795/2980 2977/794/2978 2857/698/2900 2858/697/2902
f 2977/792/2978 2976/790/2976 2856/696/2901 2857/695/2900
f 2976/790/2976 2975/788/2974 2855/702/2906 2856/696/2901
f 2975/788/2974 2974/787/2973 2854/701/2905 2855/702/2906
f 2974/787/2973 2973/803/2987 2853/700/2904 2854/701/2905
f 2973/803/2987 2972/802/2986 2852/699/2903 2853/700/2904
f 2972/802/2986 2971/805/2989 2851/669/2875 2852/699/2903
f 2984/821/3003 2985/824/3006 2925/742/2938 2924/741/2937
f 2985/824/3006 2986/809/2993 2926/734/2931 2925/742/2938
f 2986/809/2993 2987/812/2996 2927/735/2932 2926/734/2931
f 2987/812/2996 2988/813/2997 2928/736/2933 2927/735/2932
f 2988/813/2997 2989/814/2998 2929/737/2934 2928/736/2933
f 2989/818/2998 2990/817/3000 2930/739/2935 2929/738/2934
f 2990/817/3000 2991/820/3002 2931/740/2936 2930/739/2935
f 2991/820/3002 2992/828/3010 2932/744/2940 2931/740/2936
f 2992/828/3010 2993/830/3012 2933/745/2941 2932/744/2940
f 2993/830/3012 2994/832/3014 2934/746/2942 2933/745/2941
f 2994/832/3014 2983/825/3007 2923/743/2939 2934/746/2942
f 2983/825/3007 2984/821/3003 2924/741/2937 2923/743/2939
f 2903/714/2914 2904/716/2916 2892/748/2886 2891/754/2885
f 2867/658/2866 2868/660/2868 2856/696/2901 2855/702/2906
f 3027/647/3023 3039/648/3024 3040/649/3025 3028/650/3026
f 3028/650/3026 3040/649/3025 3041/651/3027 3029/652/3028
f 3029/652/3028 3041/651/3027 3042/653/3029 3030/654/3030
f 3034/655/3031 3046/656/3032 3047/657/3033 3035/658/3034
f 3047/657/3033 3048/659/3035 3036/660/3036 3035/658/3034
f 3048/659/3035 3049/661/3037 3037/662/3038 3036/660/3036
f 3049/663/3037 3050/664/3039 3038/665/3040 3037/666/3038
f 3050/664/3039 3051/667/3041 3039/648/3024 3038/665/3040
f 3030/654/3030 3042/653/3029 3031/668/3042 3019/669/3043
f 3032/670/3044 3044/671/3045 3045/672/3046 3033/673/3047
f 3033/673/3047 3045/672/3046 3046/656/3032 3034/655/3031
f 3031/668/3042 3043/674/3048 3044/671/3045 3032/670/3044
f 3039/648/3024 3051/667/3041 3052/675/3049 3040/649/3025
f 3040/649/3025 3052/675/3049 3053/676/3050 3041/651/3027
f 3041/651/3027 3053/676/3050 3054/677/3051 3042/653/3029
f 3046/656/3032 3058/678/3052 3059/679/3053 3047/657/3033
f 3059/679/3053 3060/680/3054 3048/659/3035 3047/657/3033
f 3060/680/3054 3061/681/3055 3049/661/3037 3048/659/3035
f 3061/682/3055 3062/683/3056 3050/664/3039 3049/663/3037
f 3062/683/3056 3063/684/3057 3051/667/3041 3050/664/3039
f 3042/653/3029 3054/677/3051 3043/674/3048 3031/668/3042
f 3044/671/3045 3056/685/3058 3057/686/3059 3045/672/3046
f 3045/672/3046 3057/686/3059 3058/678/3052 3046/656/3032
f 3043/674/3048 3055/687/3060 3056/685/3058 3044/671/3045
f 3051/667/3041 3063/684/3057 3064/688/3061 3052/675/3049
f 3052/675/3049 3064/688/3061 3065/689/3062 3053/676/3050
f 3053/676/3050 3065/689/3062 3066/690/3063 3054/677/3051
f 3180/691/3064 3181/692/3065 3169/693/3066 3168/694/3067
f 3036/660/3036 3037/662/3038 3025/695/3068 3024/696/3069
f 3037/666/3038 3038/665/3040 3026/697/3070 3025/698/3068
f 3038/665/3040 3039/648/3024 3027/647/3023 3026/697/3070
f 3019/669/3043 3031/668/3042 3032/670/3044 3020/699/3071
f 3054/677/3051 3066/690/3063 3055/687/3060 3043/674/3048
f 3021/700/3072 3033/673/3047 3034/655/3031 3022/701/3073
f 3022/701/3073 3034/655/3031 3035/658/3034 3023/702/3074
f 3020/699/3071 3032/670/3044 3033/673/3047 3021/700/3072
f 3063/703/3057 3075/704/3075 3076/705/3076 3064/706/3061
f 3064/706/3061 3076/705/3076 3077/707/3077 3065/708/3062
f 3065/708/3062 3077/707/3077 3078/709/3078 3066/710/3063
f 3070/711/3079 3082/712/3080 3083/713/3081 3071/714/3082
f 3083/713/3081 3084/715/3083 3072/716/3084 3071/714/3082
f 3084/715/3083 3085/717/3085 3073/718/3086 3072/716/3084
f 3085/719/3085 3086/720/3087 3074/721/3088 3073/722/3086
f 3086/720/3087 3087/723/3089 3075/704/3075 3074/721/3088
f 3066/710/3063 3078/709/3078 3067/724/3090 3055/725/3060
f 3068/726/3091 3080/727/3092 3081/728/3093 3069/729/3094
f 3069/729/3094 3081/728/3093 3082/712/3080 3070/711/3079
f 3067/724/3090 3079/730/3095 3080/727/3092 3068/726/3091
f 3075/704/3075 3087/723/3089 3088/731/3096 3076/705/3076
f 3076/705/3076 3088/731/3096 3089/732/3097 3077/707/3077
f 3077/707/3077 3089/732/3097 3090/733/3098 3078/709/3078
f 3082/712/3080 3094/734/3099 3095/735/3100 3083/713/3081
f 3095/735/3100 3096/736/3101 3084/715/3083 3083/713/3081
f 3096/736/3101 3097/737/3102 3085/717/3085 3084/715/3083
f 3097/738/3102 3098/739/3103 3086/720/3087 3085/719/3085
f 3098/739/3103 3099/740/3104 3087/723/3089 3086/720/3087
f 3078/709/3078 3090/733/3098 3079/730/3095 3067/724/3090
f 3080/727/3092 3092/741/3105 3093/742/3106 3081/728/3093
f 3081/728/3093 3093/742/3106 3094/734/3099 3082/712/3080
f 3079/730/3095 3091/743/3107 3092/741/3105 3080/727/3092
f 3087/723/3089 3099/740/3104 3100/744/3108 3088/731/3096
f 3088/731/3096 3100/744/3108 3101/745/3109 3089/732/3097
f 3089/732/3097 3101/745/3109 3102/746/3110 3090/733/3098
f 3072/716/3084 3073/718/3086 3061/747/3055 3060/748/3054
f 3073/722/3086 3074/721/3088 3062/749/3056 3061/750/3055
f 3074/721/3088 3075/704/3075 3063/703/3057 3062/749/3056
f 3055/725/3060 3067/724/3090 3068/726/3091 3056/751/3058
f 3090/733/3098 3102/746/3110 3091/743/3107 3079/730/3095
f 3057/752/3059 3069/729/3094 3070/711/3079 3058/753/3052
f 3058/753/3052 3070/711/3079 3071/714/3082 3059/754/3053
f 3056/751/3058 3068/726/3091 3069/729/3094 3057/752/3059
f 3111/755/3111 3123/756/3112 3124/757/3113 3112/758/3114
f 3175/759/3115 3103/760/3116 3104/761/3117 3176/762/3118
f 3113/763/3119 3125/764/3120 3126/765/3121 3114/766/3122
f 3177/767/3123 3105/768/3124 3106/769/3125 3178/770/3126
f 3180/691/3064 3108/771/3127 3109/772/3128 3181/692/3065
f 3107/773/3129 3108/771/3127 3180/691/3064 3179/774/3130
f 3182/775/3131 3110/776/3132 3111/755/3111 3183/777/3133
f 3109/778/3128 3110/776/3132 3182/775/3131 3181/779/3065
f 3176/762/3118 3104/761/3117 3105/768/3124 3177/767/3123
f 3183/777/3133 3111/755/3111 3112/758/3114 3184/780/3134
f 3178/770/3126 3106/769/3125 3107/773/3129 3179/774/3130
f 3184/780/3134 3112/758/3114 3113/763/3119 3185/781/3135
f 3123/756/3112 3135/782/3136 3136/783/3137 3124/757/3113
f 3124/757/3113 3136/783/3137 3137/784/3138 3125/764/3120
f 3125/764/3120 3137/784/3138 3138/785/3139 3126/765/3121
f 3130/786/3140 3142/787/3141 3143/788/3142 3131/789/3143
f 3143/788/3142 3144/790/3144 3132/791/3145 3131/789/3143
f 3144/790/3144 3145/792/3146 3133/793/3147 3132/791/3145
f 3145/794/3146 3146/795/3148 3134/796/3149 3133/797/3147
f 3146/795/3148 3147/798/3150 3135/782/3136 3134/796/3149
f 3126/765/3121 3138/785/3139 3127/799/3151 3115/800/3152
f 3128/801/3153 3140/802/3154 3141/803/3155 3129/804/3156
f 3129/804/3156 3141/803/3155 3142/787/3141 3130/786/3140
f 3127/799/3151 3139/805/3157 3140/802/3154 3128/801/3153
f 3135/782/3136 3147/798/3150 3148/806/3158 3136/783/3137
f 3136/783/3137 3148/806/3158 3149/807/3159 3137/784/3138
f 3137/784/3138 3149/807/3159 3150/808/3160 3138/785/3139
f 3154/809/3161 3166/810/3162 3167/811/3163 3155/812/3164
f 3167/811/3163 3168/694/3067 3156/813/3165 3155/812/3164
f 3168/694/3067 3169/693/3066 3157/814/3166 3156/813/3165
f 3169/815/3066 3170/816/3167 3158/817/3168 3157/818/3166
f 3170/816/3167 3171/819/3169 3159/820/3170 3158/817/3168
f 3138/785/3139 3150/808/3160 3139/805/3157 3127/799/3151
f 3152/821/3171 3164/822/3172 3165/823/3173 3153/824/3174
f 3153/824/3174 3165/823/3173 3166/810/3162 3154/809/3161
f 3151/825/3175 3163/826/3176 3164/822/3172 3152/821/3171
f 3159/820/3170 3171/819/3169 3172/827/3177 3160/828/3178
f 3160/828/3178 3172/827/3177 3173/829/3179 3161/830/3180
f 3161/830/3180 3173/829/3179 3174/831/3181 3162/832/3182
f 3179/774/3130 3180/691/3064 3168/694/3067 3167/811/3163
f 3182/775/3131 3183/777/3133 3171/819/3169 3170/816/3167
f 3181/779/3065 3182/775/3131 3170/816/3167 3169/815/3066
f 3172/827/3177 3184/780/3134 3185/781/3135 3173/829/3179
f 3162/832/3182 3174/831/3181 3163/826/3176 3151/825/3175
f 3164/822/3172 3176/762/3118 3177/767/3123 3165/823/3173
f 3165/823/3173 3177/767/3123 3178/770/3126 3166/810/3162
f 3163/826/3176 3175/759/3115 3176/762/3118 3164/822/3172
f 3171/819/3169 3183/777/3133 3184/780/3134 3172/827/3177
f 3166/810/3162 3178/770/3126 3179/774/3130 3167/811/3163
f 3173/829/3179 3185/781/3135 3186/833/3183 3174/831/3181
f 3105/768/3124 3117/834/3184 3118/835/3185 3106/769/3125
f 3120/836/3186 3121/837/3187 3109/772/3128 3108/771/3127
f 3119/838/3188 3120/836/3186 3108/771/3127 3107/773/3129
f 3122/839/3189 3123/756/3112 3111/755/3111 3110/776/3132
f 3121/840/3187 3122/839/3189 3110/776/3132 3109/778/3128
f 3174/831/3181 3186/833/3183 3175/759/3115 3163/826/3176
f 3103/760/3116 3115/800/3152 3116/841/3190 3104/761/3117
f 3106/769/3125 3118/835/3185 3119/838/3188 3107/773/3129
f 3104/761/3117 3116/841/3190 3117/834/3184 3105/768/3124
f 3112/758/3114 3124/757/3113 3125/764/3120 3113/763/3119
f 3114/766/3122 3126/765/3121 3115/800/3152 3103/760/3116
f 3185/781/3135 3113/763/3119 3114/766/3122 3186/833/3183
f 3117/834/3184 3129/804/3156 3130/786/3140 3118/835/3185
f 3132/791/3145 3133/793/3147 3121/837/3187 3120/836/3186
f 3131/789/3143 3132/791/3145 3120/836/3186 3119/838/3188
f 3134/796/3149 3135/782/3136 3123/756/3112 3122/839/3189
f 3133/797/3147 3134/796/3149 3122/839/3189 3121/840/3187
f 3186/833/3183 3114/766/3122 3103/760/3116 3175/759/3115
f 3115/800/3152 3127/799/3151 3128/801/3153 3116/841/3190
f 3118/835/3185 3130/786/3140 3131/789/3143 3119/838/3188
f 3116/841/3190 3128/801/3153 3129/804/3156 3117/834/3184
f 3139/805/3157 3150/808/3160 3030/654/3030 3019/669/3043
f 3150/808/3160 3149/807/3159 3029/652/3028 3030/654/3030
f 3149/807/3159 3148/806/3158 3028/650/3026 3029/652/3028
f 3148/806/3158 3147/798/3150 3027/647/3023 3028/650/3026
f 3147/798/3150 3146/795/3148 3026/697/3070 3027/647/3023
f 3146/795/3148 3145/794/3146 3025/698/3068 3026/697/3070
f 3145/792/3146 3144/790/3144 3024/696/3069 3025/695/3068
f 3144/790/3144 3143/788/3142 3023/702/3074 3024/696/3069
f 3143/788/3142 3142/787/3141 3022/701/3073 3023/702/3074
f 3142/787/3141 3141/803/3155 3021/700/3072 3022/701/3073
f 3141/803/3155 3140/802/3154 3020/699/3071 3021/700/3072
f 3140/802/3154 3139/805/3157 3019/669/3043 3020/699/3071
f 3152/821/3171 3153/824/3174 3093/742/3106 3092/741/3105
f 3153/824/3174 3154/809/3161 3094/734/3099 3093/742/3106
f 3154/809/3161 3155/812/3164 3095/735/3100 3094/734/3099
f 3155/812/3164 3156/813/3165 3096/736/3101 3095/735/3100
f 3156/813/3165 3157/814/3166 3097/737/3102 3096/736/3101
f 3157/818/3166 3158/817/3168 3098/739/3103 3097/738/3102
f 3158/817/3168 3159/820/3170 3099/740/3104 3098/739/3103
f 3159/820/3170 3160/828/3178 3100/744/3108 3099/740/3104
f 3160/828/3178 3161/830/3180 3101/745/3109 3100/744/3108
f 3161/830/3180 3162/832/3182 3102/746/3110 3101/745/3109
f 3162/832/3182 3151/825/3175 3091/743/3107 3102/746/3110
f 3151/825/3175 3152/821/3171 3092/741/3105 3091/743/3107
f 3071/714/3082 3072/716/3084 3060/748/3054 3059/754/3053
f 3035/658/3034 3036/660/3036 3024/696/3069 3023/702/3074
f 3195/647/3191 3207/648/3192 3208/649/3193 3196/650/3194
f 3196/650/3194 3208/649/3193 3209/651/3195 3197/652/3196
f 3197/652/3196 3209/651/3195 3210/653/3197 3198/654/3198
f 3202/655/3199 3214/656/3200 3215/657/3201 3203/658/3202
f 3215/657/3201 3216/659/3203 3204/660/3204 3203/658/3202
f 3216/659/3203 3217/661/3205 3205/662/3206 3204/660/3204
f 3217/663/3205 3218/664/3207 3206/665/3208 3205/666/3206
f 3218/664/3207 3219/667/3209 3207/648/3192 3206/665/3208
f 3198/654/3198 3210/653/3197 3199/668/3210 3187/669/3211
f 3200/670/3212 3212/671/3213 3213/672/3214 3201/673/3215
f 3201/673/3215 3213/672/3214 3214/656/3200 3202/655/3199
f 3199/668/3210 3211/674/3216 3212/671/3213 3200/670/3212
f 3207/648/3192 3219/667/3209 3220/675/3217 3208/649/3193
f 3208/649/3193 3220/675/3217 3221/676/3218 3209/651/3195
f 3209/651/3195 3221/676/3218 3222/677/3219 3210/653/3197
f 3214/656/3200 3226/678/3220 3227/679/3221 3215/657/3201
f 3227/679/3221 3228/680/3222 3216/659/3203 3215/657/3201
f 3228/680/3222 3229/681/3223 3217/661/3205 3216/659/3203
f 3229/682/3223 3230/683/3224 3218/664/3207 3217/663/3205
f 3230/683/3224 3231/684/3225 3219/667/3209 3218/664/3207
f 3210/653/3197 3222/677/3219 3211/674/3216 3199/668/3210
f 3212/671/3213 3224/685/3226 3225/686/3227 3213/672/3214
f 3213/672/3214 3225/686/3227 3226/678/3220 3214/656/3200
f 3211/674/3216 3223/687/3228 3224/685/3226 3212/671/3213
f 3219/667/3209 3231/684/3225 3232/688/3229 3220/675/3217
f 3220/675/3217 3232/688/3229 3233/689/3230 3221/676/3218
f 3221/676/3218 3233/689/3230 3234/690/3231 3222/677/3219
f 3348/691/3232 3349/692/3233 3337/693/3234 3336/694/3235
f 3204/660/3204 3205/662/3206 3193/695/3236 3192/696/3237
f 3205/666/3206 3206/665/3208 3194/697/3238 3193/698/3236
f 3206/665/3208 3207/648/3192 3195/647/3191 3194/697/3238
f 3187/669/3211 3199/668/3210 3200/670/3212 3188/699/3239
f 3222/677/3219 3234/690/3231 3223/687/3228 3211/674/3216
f 3189/700/3240 3201/673/3215 3202/655/3199 3190/701/3241
f 3190/701/3241 3202/655/3199 3203/658/3202 3191/702/3242
f 3188/699/3239 3200/670/3212 3201/673/3215 3189/700/3240
f 3231/703/3225 3243/704/3243 3244/705/3244 3232/706/3229
f 3232/706/3229 3244/705/3244 3245/707/3245 3233/708/3230
f 3233/708/3230 3245/707/3245 3246/709/3246 3234/710/3231
f 3238/711/3247 3250/712/3248 3251/713/3249 3239/714/3250
f 3251/713/3249 3252/715/3251 3240/716/3252 3239/714/3250
f 3252/715/3251 3253/717/3253 3241/718/3254 3240/716/3252
f 3253/719/3253 3254/720/3255 3242/721/3256 3241/722/3254
f 3254/720/3255 3255/723/3257 3243/704/3243 3242/721/3256
f 3234/710/3231 3246/709/3246 3235/724/3258 3223/725/3228
f 3236/726/3259 3248/727/3260 3249/728/3261 3237/729/3262
f 3237/729/3262 3249/728/3261 3250/712/3248 3238/711/3247
f 3235/724/3258 3247/730/3263 3248/727/3260 3236/726/3259
f 3243/704/3243 3255/723/3257 3256/731/3264 3244/705/3244
f 3244/705/3244 3256/731/3264 3257/732/3265 3245/707/3245
f 3245/707/3245 3257/732/3265 3258/733/3266 3246/709/3246
f 3250/712/3248 3262/734/3267 3263/735/3268 3251/713/3249
f 3263/735/3268 3264/736/3269 3252/715/3251 3251/713/3249
f 3264/736/3269 3265/737/3270 3253/717/3253 3252/715/3251
f 3265/738/3270 3266/739/3271 3254/720/3255 3253/719/3253
f 3266/739/3271 3267/740/3272 3255/723/3257 3254/720/3255
f 3246/709/3246 3258/733/3266 3247/730/3263 3235/724/3258
f 3248/727/3260 3260/741/3273 3261/742/3274 3249/728/3261
f 3249/728/3261 3261/742/3274 3262/734/3267 3250/712/3248
f 3247/730/3263 3259/743/3275 3260/741/3273 3248/727/3260
f 3255/723/3257 3267/740/3272 3268/744/3276 3256/731/3264
f 3256/731/3264 3268/744/3276 3269/745/3277 3257/732/3265
f 3257/732/3265 3269/745/3277 3270/746/3278 3258/733/3266
f 3240/716/3252 3241/718/3254 3229/747/3223 3228/748/3222
f 3241/722/3254 3242/721/3256 3230/749/3224 3229/750/3223
f 3242/721/3256 3243/704/3243 3231/703/3225 3230/749/3224
f 3223/725/3228 3235/724/3258 3236/726/3259 3224/751/3226
f 3258/733/3266 3270/746/3278 3259/743/3275 3247/730/3263
f 3225/752/3227 3237/729/3262 3238/711/3247 3226/753/3220
f 3226/753/3220 3238/711/3247 3239/714/3250 3227/754/3221
f 3224/751/3226 3236/726/3259 3237/729/3262 3225/752/3227
f 3279/755/3279 3291/756/3280 3292/757/3281 3280/758/3282
f 3343/759/3283 3271/760/3284 3272/761/3285 3344/762/3286
f 3281/763/3287 3293/764/3288 3294/765/3289 3282/766/3290
f 3345/767/3291 3273/768/3292 3274/769/3293 3346/770/3294
f 3348/691/3232 3276/771/3295 3277/772/3296 3349/692/3233
f 3275/773/3297 3276/771/3295 3348/691/3232 3347/774/3298
f 3350/775/3299 3278/776/3300 3279/755/3279 3351/777/3301
f 3277/778/3296 3278/776/3300 3350/775/3299 3349/779/3233
f 3344/762/3286 3272/761/3285 3273/768/3292 3345/767/3291
f 3351/777/3301 3279/755/3279 3280/758/3282 3352/780/3302
f 3346/770/3294 3274/769/3293 3275/773/3297 3347/774/3298
f 3352/780/3302 3280/758/3282 3281/763/3287 3353/781/3303
f 3291/756/3280 3303/782/3304 3304/783/3305 3292/757/3281
f 3292/757/3281 3304/783/3305 3305/784/3306 3293/764/3288
f 3293/764/3288 3305/784/3306 3306/785/3307 3294/765/3289
f 3298/786/3308 3310/787/3309 3311/788/3310 3299/789/3311
f 3311/788/3310 3312/790/3312 3300/791/3313 3299/789/3311
f 3312/790/3312 3313/792/3314 3301/793/3315 3300/791/3313
f 3313/794/3314 3314/795/3316 3302/796/3317 3301/797/3315
f 3314/795/3316 3315/798/3318 3303/782/3304 3302/796/3317
f 3294/765/3289 3306/785/3307 3295/799/3319 3283/800/3320
f 3296/801/3321 3308/802/3322 3309/803/3323 3297/804/3324
f 3297/804/3324 3309/803/3323 3310/787/3309 3298/786/3308
f 3295/799/3319 3307/805/3325 3308/802/3322 3296/801/3321
f 3303/782/3304 3315/798/3318 3316/806/3326 3304/783/3305
f 3304/783/3305 3316/806/3326 3317/807/3327 3305/784/3306
f 3305/784/3306 3317/807/3327 3318/808/3328 3306/785/3307
f 3322/809/3329 3334/810/3330 3335/811/3331 3323/812/3332
f 3335/811/3331 3336/694/3235 3324/813/3333 3323/812/3332
f 3336/694/3235 3337/693/3234 3325/814/3334 3324/813/3333
f 3337/815/3234 3338/816/3335 3326/817/3336 3325/818/3334
f 3338/816/3335 3339/819/3337 3327/820/3338 3326/817/3336
f 3306/785/3307 3318/808/3328 3307/805/3325 3295/799/3319
f 3320/821/3339 3332/822/3340 3333/823/3341 3321/824/3342
f 3321/824/3342 3333/823/3341 3334/810/3330 3322/809/3329
f 3319/825/3343 3331/826/3344 3332/822/3340 3320/821/3339
f 3327/820/3338 3339/819/3337 3340/827/3345 3328/828/3346
f 3328/828/3346 3340/827/3345 3341/829/3347 3329/830/3348
f 3329/830/3348 3341/829/3347 3342/831/3349 3330/832/3350
f 3347/774/3298 3348/691/3232 3336/694/3235 3335/811/3331
f 3350/775/3299 3351/777/3301 3339/819/3337 3338/816/3335
f 3349/779/3233 3350/775/3299 3338/816/3335 3337/815/3234
f 3340/827/3345 3352/780/3302 3353/781/3303 3341/829/3347
f 3330/832/3350 3342/831/3349 3331/826/3344 3319/825/3343
f 3332/822/3340 3344/762/3286 3345/767/3291 3333/823/3341
f 3333/823/3341 3345/767/3291 3346/770/3294 3334/810/3330
f 3331/826/3344 3343/759/3283 3344/762/3286 3332/822/3340
f 3339/819/3337 3351/777/3301 3352/780/3302 3340/827/3345
f 3334/810/3330 3346/770/3294 3347/774/3298 3335/811/3331
f 3341/829/3347 3353/781/3303 3354/833/3351 3342/831/3349
f 3273/768/3292 3285/834/3352 3286/835/3353 3274/769/3293
f 3288/836/3354 3289/837/3355 3277/772/3296 3276/771/3295
f 3287/838/3356 3288/836/3354 3276/771/3295 3275/773/3297
f 3290/839/3357 3291/756/3280 3279/755/3279 3278/776/3300
f 3289/840/3355 3290/839/3357 3278/776/3300 3277/778/3296
f 3342/831/3349 3354/833/3351 3343/759/3283 3331/826/3344
f 3271/760/3284 3283/800/3320 3284/841/3358 3272/761/3285
f 3274/769/3293 3286/835/3353 3287/838/3356 3275/773/3297
f 3272/761/3285 3284/841/3358 3285/834/3352 3273/768/3292
f 3280/758/3282 3292/757/3281 3293/764/3288 3281/763/3287
f 3282/766/3290 3294/765/3289 3283/800/3320 3271/760/3284
f 3353/781/3303 3281/763/3287 3282/766/3290 3354/833/3351
f 3285/834/3352 3297/804/3324 3298/786/3308 3286/835/3353
f 3300/791/3313 3301/793/3315 3289/837/3355 3288/836/3354
f 3299/789/3311 3300/791/3313 3288/836/3354 3287/838/3356
f 3302/796/3317 3303/782/3304 3291/756/3280 3290/839/3357
f 3301/797/3315 3302/796/3317 3290/839/3357 3289/840/3355
f 3354/833/3351 3282/766/3290 3271/760/3284 3343/759/3283
f 3283/800/3320 3295/799/3319 3296/801/3321 3284/841/3358
f 3286/835/3353 3298/786/3308 3299/789/3311 3287/838/3356
f 3284/841/3358 3296/801/3321 3297/804/3324 3285/834/3352
f 3307/805/3325 3318/808/3328 3198/654/3198 3187/669/3211
f 3318/808/3328 3317/807/3327 3197/652/3196 3198/654/3198
f 3317/807/3327 3316/806/3326 3196/650/3194 3197/652/3196
f 3316/806/3326 3315/798/3318 3195/647/3191 3196/650/3194
f 3315/798/3318 3314/795/3316 3194/697/3238 3195/647/3191
f 3314/795/3316 3313/794/3314 3193/698/3236 3194/697/3238
f 3313/792/3314 3312/790/3312 3192/696/3237 3193/695/3236
f 3312/790/3312 3311/788/3310 3191/702/3242 3192/696/3237
f 3311/788/3310 3310/787/3309 3190/701/3241 3191/702/3242
f 3310/787/3309 3309/803/3323 3189/700/3240 3190/701/3241
f 3309/803/3323 3308/802/3322 3188/699/3239 3189/700/3240
f 3308/802/3322 3307/805/3325 3187/669/3211 3188/699/3239
f 3320/821/3339 3321/824/3342 3261/742/3274 3260/741/3273
f 3321/824/3342 3322/809/3329 3262/734/3267 3261/742/3274
f 3322/809/3329 3323/812/3332 3263/735/3268 3262/734/3267
f 3323/812/3332 3324/813/3333 3264/736/3269 3263/735/3268
f 3324/813/3333 3325/814/3334 3265/737/3270 3264/736/3269
f 3325/818/3334 3326/817/3336 3266/739/3271 3265/738/3270
f 3326/817/3336 3327/820/3338 3267/740/3272 3266/739/3271
f 3327/820/3338 3328/828/3346 3268/744/3276 3267/740/3272
f 3328/828/3346 3329/830/3348 3269/745/3277 3268/744/3276
f 3329/830/3348 3330/832/3350 3270/746/3278 3269/745/3277
f 3330/832/3350 3319/825/3343 3259/743/3275 3270/746/3278
f 3319/825/3343 3320/821/3339 3260/741/3273 3259/743/3275
f 3239/714/3250 3240/716/3252 3228/748/3222 3227/754/3221
f 3203/658/3202 3204/660/3204 3192/696/3237 3191/702/3242
f 3363/647/3359 3375/648/3360 3376/649/3361 3364/650/3362
f 3364/650/3362 3376/649/3361 3377/651/3363 3365/652/3364
f 3365/652/3364 3377/651/3363 3378/653/3365 3366/654/3366
f 3370/655/3367 3382/656/3368 3383/657/3369 3371/658/3370
f 3383/657/3369 3384/659/3371 3372/660/3372 3371/658/3370
f 3384/659/3371 3385/661/3373 3373/662/3374 3372/660/3372
f 3385/663/3373 3386/664/3375 3374/665/3376 3373/666/3374
f 3386/664/3375 3387/667/3377 3375/648/3360 3374/665/3376
f 3366/654/3366 3378/653/3365 3367/668/3378 3355/669/3379
f 3368/670/3380 3380/671/3381 3381/672/3382 3369/673/3383
f 3369/673/3383 3381/672/3382 3382/656/3368 3370/655/3367
f 3367/668/3378 3379/674/3384 3380/671/3381 3368/670/3380
f 3375/648/3360 3387/667/3377 3388/675/3385 3376/649/3361
f 3376/649/3361 3388/675/3385 3389/676/3386 3377/651/3363
f 3377/651/3363 3389/676/3386 3390/677/3387 3378/653/3365
f 3382/656/3368 3394/678/3388 3395/679/3389 3383/657/3369
f 3395/679/3389 3396/680/3390 3384/659/3371 3383/657/3369
f 3396/680/3390 3397/681/3391 3385/661/3373 3384/659/3371
f 3397/682/3391 3398/683/3392 3386/664/3375 3385/663/3373
f 3398/683/3392 3399/684/3393 3387/667/3377 3386/664/3375
f 3378/653/3365 3390/677/3387 3379/674/3384 3367/668/3378
f 3380/671/3381 3392/685/3394 3393/686/3395 3381/672/3382
f 3381/672/3382 3393/686/3395 3394/678/3388 3382/656/3368
f 3379/674/3384 3391/687/3396 3392/685/3394 3380/671/3381
f 3387/667/3377 3399/684/3393 3400/688/3397 3388/675/3385
f 3388/675/3385 3400/688/3397 3401/689/3398 3389/676/3386
f 3389/676/3386 3401/689/3398 3402/690/3399 3390/677/3387
f 3372/660/3372 3373/662/3374 3361/695/3400 3360/696/3401
f 3373/666/3374 3374/665/3376 3362/697/3402 3361/698/3400
f 3374/665/3376 3375/648/3360 3363/647/3359 3362/697/3402
f 3355/669/3379 3367/668/3378 3368/670/3380 3356/699/3403
f 3390/677/3387 3402/690/3399 3391/687/3396 3379/674/3384
f 3357/700/3404 3369/673/3383 3370/655/3367 3358/701/3405
f 3358/701/3405 3370/655/3367 3371/658/3370 3359/702/3406
f 3356/699/3403 3368/670/3380 3369/673/3383 3357/700/3404
f 3399/703/3393 3411/704/3407 3412/705/3408 3400/706/3397
f 3400/706/3397 3412/705/3408 3413/707/3409 3401/708/3398
f 3401/708/3398 3413/707/3409 3414/709/3410 3402/710/3399
f 3406/711/3411 3418/712/3412 3419/713/3413 3407/714/3414
f 3419/713/3413 3420/715/3415 3408/716/3416 3407/714/3414
f 3420/715/3415 3421/717/3417 3409/718/3418 3408/716/3416
f 3421/719/3417 3422/720/3419 3410/721/3420 3409/722/3418
f 3422/720/3419 3423/723/3421 3411/704/3407 3410/721/3420
f 3402/710/3399 3414/709/3410 3403/724/3422 3391/725/3396
f 3404/726/3423 3416/727/3424 3417/728/3425 3405/729/3426
f 3405/729/3426 3417/728/3425 3418/712/3412 3406/711/3411
f 3403/724/3422 3415/730/3427 3416/727/3424 3404/726/3423
f 3411/704/3407 3423/723/3421 3424/731/3428 3412/705/3408
f 3412/705/3408 3424/731/3428 3425/732/3429 3413/707/3409
f 3413/707/3409 3425/732/3429 3426/733/3430 3414/709/3410
f 3418/712/3412 3430/734/3431 3431/735/3432 3419/713/3413
f 3431/735/3432 3432/736/3433 3420/715/3415 3419/713/3413
f 3432/736/3433 3433/737/3434 3421/717/3417 3420/715/3415
f 3433/738/3434 3434/739/3435 3422/720/3419 3421/719/3417
f 3434/739/3435 3435/740/3436 3423/723/3421 3422/720/3419
f 3414/709/3410 3426/733/3430 3415/730/3427 3403/724/3422
f 3416/727/3424 3428/741/3437 3429/742/3438 3417/728/3425
f 3417/728/3425 3429/742/3438 3430/734/3431 3418/712/3412
f 3415/730/3427 3427/743/3439 3428/741/3437 3416/727/3424
f 3423/723/3421 3435/740/3436 3436/744/3440 3424/731/3428
f 3424/731/3428 3436/744/3440 3437/745/3441 3425/732/3429
f 3425/732/3429 3437/745/3441 3438/746/3442 3426/733/3430
f 3408/716/3416 3409/718/3418 3397/747/3391 3396/748/3390
f 3409/722/3418 3410/721/3420 3398/749/3392 3397/750/3391
f 3410/721/3420 3411/704/3407 3399/703/3393 3398/749/3392
f 3391/725/3396 3403/724/3422 3404/726/3423 3392/751/3394
f 3426/733/3430 3438/746/3442 3427/743/3439 3415/730/3427
f 3393/752/3395 3405/729/3426 3406/711/3411 3394/753/3388
f 3394/753/3388 3406/711/3411 3407/714/3414 3395/754/3389
f 3392/751/3394 3404/726/3423 3405/729/3426 3393/752/3395
f 3439/842/3443 3440/843/3444 3366/654/3366 3355/669/3379
f 3440/843/3444 3441/844/3445 3365/652/3364 3366/654/3366
f 3441/844/3445 3442/845/9 3364/650/3362 3365/652/3364
f 3442/845/9 3443/846/3446 3363/647/3359 3364/650/3362
f 3443/846/3446 3444/847/3447 3362/697/3402 3363/647/3359
f 3444/847/3447 3445/848/3448 3361/698/3400 3362/697/3402
f 3445/849/3448 3446/850/3449 3360/696/3401 3361/695/3400
f 3446/850/3449 3447/851/3450 3359/702/3406 3360/696/3401
f 3447/851/3450 3448/852/1 3358/701/3405 3359/702/3406
f 3448/852/1 3449/853/3451 3357/700/3404 3358/701/3405
f 3449/853/3451 3450/854/3452 3356/699/3403 3357/700/3404
f 3450/854/3452 3439/842/3443 3355/669/3379 3356/699/3403
f 3451/855/3453 3452/856/3450 3429/742/3438 3428/741/3437
f 3452/856/3450 3453/857/1 3430/734/3431 3429/742/3438
f 3453/857/1 3454/858/3451 3431/735/3432 3430/734/3431
f 3454/858/3451 3455/859/3454 3432/736/3433 3431/735/3432
f 3455/859/3454 3456/860/3443 3433/737/3434 3432/736/3433
f 3456/861/3443 3457/862/3455 3434/739/3435 3433/738/3434
f 3457/862/3455 3458/863/3445 3435/740/3436 3434/739/3435
f 3458/863/3445 3459/864/9 3436/744/3440 3435/740/3436
f 3459/864/9 3460/865/3446 3437/745/3441 3436/744/3440
f 3460/865/3446 3461/866/3456 3438/746/3442 3437/745/3441
f 3461/866/3456 3462/867/3448 3427/743/3439 3438/746/3442
f 3462/867/3448 3451/855/3453 3428/741/3437 3427/743/3439
f 3407/714/3414 3408/716/3416 3396/748/3390 3395/754/3389
f 3371/658/3370 3372/660/3372 3360/696/3401 3359/702/3406
f 3540/691/3457 3541/692/3458 3529/693/3459 3528/694/3460
f 3471/755/3461 3483/756/3462 3484/757/3463 3472/758/3464
f 3535/759/3465 3463/760/3466 3464/761/3467 3536/762/3468
f 3473/763/3469 3485/764/3470 3486/765/3471 3474/766/3472
f 3537/767/3473 3465/768/3474 3466/769/3475 3538/770/3476
f 3540/691/3457 3468/771/3477 3469/772/3478 3541/692/3458
f 3467/773/3479 3468/771/3477 3540/691/3457 3539/774/3480
f 3542/775/3481 3470/776/3482 3471/755/3461 3543/777/3483
f 3469/778/3478 3470/776/3482 3542/775/3481 3541/779/3458
f 3536/762/3468 3464/761/3467 3465/768/3474 3537/767/3473
f 3543/777/3483 3471/755/3461 3472/758/3464 3544/780/3484
f 3538/770/3476 3466/769/3475 3467/773/3479 3539/774/3480
f 3544/780/3484 3472/758/3464 3473/763/3469 3545/781/3485
f 3483/756/3462 3495/782/3486 3496/783/3487 3484/757/3463
f 3484/757/3463 3496/783/3487 3497/784/3488 3485/764/3470
f 3485/764/3470 3497/784/3488 3498/785/3489 3486/765/3471
f 3490/786/3490 3502/787/3491 3503/788/3492 3491/789/3493
f 3503/788/3492 3504/790/3494 3492/791/3495 3491/789/3493
f 3504/790/3494 3505/792/3496 3493/793/3497 3492/791/3495
f 3505/794/3496 3506/795/3498 3494/796/3499 3493/797/3497
f 3506/795/3498 3507/798/3500 3495/782/3486 3494/796/3499
f 3486/765/3471 3498/785/3489 3487/799/3501 3475/800/3502
f 3488/801/3503 3500/802/3504 3501/803/3505 3489/804/3506
f 3489/804/3506 3501/803/3505 3502/787/3491 3490/786/3490
f 3487/799/3501 3499/805/3507 3500/802/3504 3488/801/3503
f 3495/782/3486 3507/798/3500 3508/806/3508 3496/783/3487
f 3496/783/3487 3508/806/3508 3509/807/3509 3497/784/3488
f 3497/784/3488 3509/807/3509 3510/808/3510 3498/785/3489
f 3514/809/3511 3526/810/3512 3527/811/3513 3515/812/3514
f 3527/811/3513 3528/694/3460 3516/813/3515 3515/812/3514
f 3528/694/3460 3529/693/3459 3517/814/3516 3516/813/3515
f 3529/815/3459 3530/816/3517 3518/817/3518 3517/818/3516
f 3530/816/3517 3531/819/3519 3519/820/3520 3518/817/3518
f 3498/785/3489 3510/808/3510 3499/805/3507 3487/799/3501
f 3512/821/3521 3524/822/3522 3525/823/3523 3513/824/3524
f 3513/824/3524 3525/823/3523 3526/810/3512 3514/809/3511
f 3511/825/3525 3523/826/3526 3524/822/3522 3512/821/3521
f 3519/820/3520 3531/819/3519 3532/827/3527 3520/828/3528
f 3520/828/3528 3532/827/3527 3533/829/3529 3521/830/3530
f 3521/830/3530 3533/829/3529 3534/831/3531 3522/832/3532
f 3539/774/3480 3540/691/3457 3528/694/3460 3527/811/3513
f 3542/775/3481 3543/777/3483 3531/819/3519 3530/816/3517
f 3541/779/3458 3542/775/3481 3530/816/3517 3529/815/3459
f 3532/827/3527 3544/780/3484 3545/781/3485 3533/829/3529
f 3522/832/3532 3534/831/3531 3523/826/3526 3511/825/3525
f 3524/822/3522 3536/762/3468 3537/767/3473 3525/823/3523
f 3525/823/3523 3537/767/3473 3538/770/3476 3526/810/3512
f 3523/826/3526 3535/759/3465 3536/762/3468 3524/822/3522
f 3531/819/3519 3543/777/3483 3544/780/3484 3532/827/3527
f 3526/810/3512 3538/770/3476 3539/774/3480 3527/811/3513
f 3533/829/3529 3545/781/3485 3546/833/3533 3534/831/3531
f 3465/768/3474 3477/834/3534 3478/835/3535 3466/769/3475
f 3480/836/3536 3481/837/3537 3469/772/3478 3468/771/3477
f 3479/838/3538 3480/836/3536 3468/771/3477 3467/773/3479
f 3482/839/3539 3483/756/3462 3471/755/3461 3470/776/3482
f 3481/840/3537 3482/839/3539 3470/776/3482 3469/778/3478
f 3534/831/3531 3546/833/3533 3535/759/3465 3523/826/3526
f 3463/760/3466 3475/800/3502 3476/841/3540 3464/761/3467
f 3466/769/3475 3478/835/3535 3479/838/3538 3467/773/3479
f 3464/761/3467 3476/841/3540 3477/834/3534 3465/768/3474
f 3472/758/3464 3484/757/3463 3485/764/3470 3473/763/3469
f 3474/766/3472 3486/765/3471 3475/800/3502 3463/760/3466
f 3545/781/3485 3473/763/3469 3474/766/3472 3546/833/3533
f 3477/834/3534 3489/804/3506 3490/786/3490 3478/835/3535
f 3492/791/3495 3493/793/3497 3481/837/3537 3480/836/3536
f 3491/789/3493 3492/791/3495 3480/836/3536 3479/838/3538
f 3494/796/3499 3495/782/3486 3483/756/3462 3482/839/3539
f 3493/797/3497 3494/796/3499 3482/839/3539 3481/840/3537
f 3546/833/3533 3474/766/3472 3463/760/3466 3535/759/3465
f 3475/800/3502 3487/799/3501 3488/801/3503 3476/841/3540
f 3478/835/3535 3490/786/3490 3491/789/3493 3479/838/3538
f 3476/841/3540 3488/801/3503 3489/804/3506 3477/834/3534
f 3555/647/3541 3567/648/3542 3568/649/3543 3556/650/3544
f 3556/650/3544 3568/649/3543 3569/651/3545 3557/652/3546
f 3557/652/3546 3569/651/3545 3570/653/3547 3558/654/3548
f 3562/655/3549 3574/656/3550 3575/657/3551 3563/658/3552
f 3575/657/3551 3576/659/3553 3564/660/3554 3563/658/3552
f 3576/659/3553 3577/661/3555 3565/662/3556 3564/660/3554
f 3577/663/3555 3578/664/3557 3566/665/3558 3565/666/3556
f 3578/664/3557 3579/667/3559 3567/648/3542 3566/665/3558
f 3558/654/3548 3570/653/3547 3559/668/3560 3547/669/3561
f 3560/670/3562 3572/671/3563 3573/672/3564 3561/673/3565
f 3561/673/3565 3573/672/3564 3574/656/3550 3562/655/3549
f 3559/668/3560 3571/674/3566 3572/671/3563 3560/670/3562
f 3567/648/3542 3579/667/3559 3580/675/3567 3568/649/3543
f 3568/649/3543 3580/675/3567 3581/676/3568 3569/651/3545
f 3569/651/3545 3581/676/3568 3582/677/3569 3570/653/3547
f 3574/656/3550 3586/678/3570 3587/679/3571 3575/657/3551
f 3587/679/3571 3588/680/3572 3576/659/3553 3575/657/3551
f 3588/680/3572 3589/681/3573 3577/661/3555 3576/659/3553
f 3589/682/3573 3590/683/3574 3578/664/3557 3577/663/3555
f 3590/683/3574 3591/684/3575 3579/667/3559 3578/664/3557
f 3570/653/3547 3582/677/3569 3571/674/3566 3559/668/3560
f 3572/671/3563 3584/685/3576 3585/686/3577 3573/672/3564
f 3573/672/3564 3585/686/3577 3586/678/3570 3574/656/3550
f 3571/674/3566 3583/687/3578 3584/685/3576 3572/671/3563
f 3579/667/3559 3591/684/3575 3592/688/3579 3580/675/3567
f 3580/675/3567 3592/688/3579 3593/689/3580 3581/676/3568
f 3581/676/3568 3593/689/3580 3594/690/3581 3582/677/3569
f 3708/691/3582 3709/692/3583 3697/693/3584 3696/694/3585
f 3564/660/3554 3565/662/3556 3553/695/3586 3552/696/3587
f 3565/666/3556 3566/665/3558 3554/697/3588 3553/698/3586
f 3566/665/3558 3567/648/3542 3555/647/3541 3554/697/3588
f 3547/669/3561 3559/668/3560 3560/670/3562 3548/699/3589
f 3582/677/3569 3594/690/3581 3583/687/3578 3571/674/3566
f 3549/700/3590 3561/673/3565 3562/655/3549 3550/701/3591
f 3550/701/3591 3562/655/3549 3563/658/3552 3551/702/3592
f 3548/699/3589 3560/670/3562 3561/673/3565 3549/700/3590
f 3591/703/3575 3603/704/3593 3604/705/3594 3592/706/3579
f 3592/706/3579 3604/705/3594 3605/707/3595 3593/708/3580
f 3593/708/3580 3605/707/3595 3606/709/3596 3594/710/3581
f 3598/711/3597 3610/712/3598 3611/713/3599 3599/714/3600
f 3611/713/3599 3612/715/3601 3600/716/3602 3599/714/3600
f 3612/715/3601 3613/717/3603 3601/718/3604 3600/716/3602
f 3613/719/3603 3614/720/3605 3602/721/3606 3601/722/3604
f 3614/720/3605 3615/723/3607 3603/704/3593 3602/721/3606
f 3594/710/3581 3606/709/3596 3595/724/3608 3583/725/3578
f 3596/726/3609 3608/727/3610 3609/728/3611 3597/729/3612
f 3597/729/3612 3609/728/3611 3610/712/3598 3598/711/3597
f 3595/724/3608 3607/730/3613 3608/727/3610 3596/726/3609
f 3603/704/3593 3615/723/3607 3616/731/3614 3604/705/3594
f 3604/705/3594 3616/731/3614 3617/732/3615 3605/707/3595
f 3605/707/3595 3617/732/3615 3618/733/3616 3606/709/3596
f 3610/712/3598 3622/734/3617 3623/735/3618 3611/713/3599
f 3623/735/3618 3624/736/3619 3612/715/3601 3611/713/3599
f 3624/736/3619 3625/737/3620 3613/717/3603 3612/715/3601
f 3625/738/3620 3626/739/3621 3614/720/3605 3613/719/3603
f 3626/739/3621 3627/740/3622 3615/723/3607 3614/720/3605
f 3606/709/3596 3618/733/3616 3607/730/3613 3595/724/3608
f 3608/727/3610 3620/741/3623 3621/742/3624 3609/728/3611
f 3609/728/3611 3621/742/3624 3622/734/3617 3610/712/3598
f 3607/730/3613 3619/743/3625 3620/741/3623 3608/727/3610
f 3615/723/3607 3627/740/3622 3628/744/3626 3616/731/3614
f 3616/731/3614 3628/744/3626 3629/745/3627 3617/732/3615
f 3617/732/3615 3629/745/3627 3630/746/3628 3618/733/3616
f 3600/716/3602 3601/718/3604 3589/747/3573 3588/748/3572
f 3601/722/3604 3602/721/3606 3590/749/3574 3589/750/3573
f 3602/721/3606 3603/704/3593 3591/703/3575 3590/749/3574
f 3583/725/3578 3595/724/3608 3596/726/3609 3584/751/3576
f 3618/733/3616 3630/746/3628 3619/743/3625 3607/730/3613
f 3585/752/3577 3597/729/3612 3598/711/3597 3586/753/3570
f 3586/753/3570 3598/711/3597 3599/714/3600 3587/754/3571
f 3584/751/3576 3596/726/3609 3597/729/3612 3585/752/3577
f 3639/755/3629 3651/756/3630 3652/757/3631 3640/758/3632
f 3703/759/3633 3631/760/3634 3632/761/3635 3704/762/3636
f 3641/763/3637 3653/764/3638 3654/765/3639 3642/766/3640
f 3705/767/3641 3633/768/3642 3634/769/3643 3706/770/3644
f 3708/691/3582 3636/771/3645 3637/772/3646 3709/692/3583
f 3635/773/3647 3636/771/3645 3708/691/3582 3707/774/3648
f 3710/775/3649 3638/776/3650 3639/755/3629 3711/777/3651
f 3637/778/3646 3638/776/3650 3710/775/3649 3709/779/3583
f 3704/762/3636 3632/761/3635 3633/768/3642 3705/767/3641
f 3711/777/3651 3639/755/3629 3640/758/3632 3712/780/3652
f 3706/770/3644 3634/769/3643 3635/773/3647 3707/774/3648
f 3712/780/3652 3640/758/3632 3641/763/3637 3713/781/3653
f 3651/756/3630 3663/782/3654 3664/783/3655 3652/757/3631
f 3652/757/3631 3664/783/3655 3665/784/3656 3653/764/3638
f 3653/764/3638 3665/784/3656 3666/785/3657 3654/765/3639
f 3658/786/3658 3670/787/3659 3671/788/3660 3659/789/3661
f 3671/788/3660 3672/790/3662 3660/791/3663 3659/789/3661
f 3672/790/3662 3673/792/3664 3661/793/3665 3660/791/3663
f 3673/794/3664 3674/795/3666 3662/796/3667 3661/797/3665
f 3674/795/3666 3675/798/3668 3663/782/3654 3662/796/3667
f 3654/765/3639 3666/785/3657 3655/799/3669 3643/800/3670
f 3656/801/3671 3668/802/3672 3669/803/3673 3657/804/3674
f 3657/804/3674 3669/803/3673 3670/787/3659 3658/786/3658
f 3655/799/3669 3667/805/3675 3668/802/3672 3656/801/3671
f 3663/782/3654 3675/798/3668 3676/806/3676 3664/783/3655
f 3664/783/3655 3676/806/3676 3677/807/3677 3665/784/3656
f 3665/784/3656 3677/807/3677 3678/808/3678 3666/785/3657
f 3682/809/3679 3694/810/3680 3695/811/3681 3683/812/3682
f 3695/811/3681 3696/694/3585 3684/813/3683 3683/812/3682
f 3696/694/3585 3697/693/3584 3685/814/3684 3684/813/3683
f 3697/815/3584 3698/816/3685 3686/817/3686 3685/818/3684
f 3698/816/3685 3699/819/3687 3687/820/3688 3686/817/3686
f 3666/785/3657 3678/808/3678 3667/805/3675 3655/799/3669
f 3680/821/3689 3692/822/3690 3693/823/3691 3681/824/3692
f 3681/824/3692 3693/823/3691 3694/810/3680 3682/809/3679
f 3679/825/3693 3691/826/3694 3692/822/3690 3680/821/3689
f 3687/820/3688 3699/819/3687 3700/827/3695 3688/828/3696
f 3688/828/3696 3700/827/3695 3701/829/3697 3689/830/3698
f 3689/830/3698 3701/829/3697 3702/831/3699 3690/832/3700
f 3707/774/3648 3708/691/3582 3696/694/3585 3695/811/3681
f 3710/775/3649 3711/777/3651 3699/819/3687 3698/816/3685
f 3709/779/3583 3710/775/3649 3698/816/3685 3697/815/3584
f 3700/827/3695 3712/780/3652 3713/781/3653 3701/829/3697
f 3690/832/3700 3702/831/3699 3691/826/3694 3679/825/3693
f 3692/822/3690 3704/762/3636 3705/767/3641 3693/823/3691
f 3693/823/3691 3705/767/3641 3706/770/3644 3694/810/3680
f 3691/826/3694 3703/759/3633 3704/762/3636 3692/822/3690
f 3699/819/3687 3711/777/3651 3712/780/3652 3700/827/3695
f 3694/810/3680 3706/770/3644 3707/774/3648 3695/811/3681
f 3701/829/3697 3713/781/3653 3714/833/3701 3702/831/3699
f 3633/768/3642 3645/834/3702 3646/835/3703 3634/769/3643
f 3648/836/3704 3649/837/3705 3637/772/3646 3636/771/3645
f 3647/838/3706 3648/836/3704 3636/771/3645 3635/773/3647
f 3650/839/3707 3651/756/3630 3639/755/3629 3638/776/3650
f 3649/840/3705 3650/839/3707 3638/776/3650 3637/778/3646
f 3702/831/3699 3714/833/3701 3703/759/3633 3691/826/3694
f 3631/760/3634 3643/800/3670 3644/841/3708 3632/761/3635
f 3634/769/3643 3646/835/3703 3647/838/3706 3635/773/3647
f 3632/761/3635 3644/841/3708 3645/834/3702 3633/768/3642
f 3640/758/3632 3652/757/3631 3653/764/3638 3641/763/3637
f 3642/766/3640 3654/765/3639 3643/800/3670 3631/760/3634
f 3713/781/3653 3641/763/3637 3642/766/3640 3714/833/3701
f 3645/834/3702 3657/804/3674 3658/786/3658 3646/835/3703
f 3660/791/3663 3661/793/3665 3649/837/3705 3648/836/3704
f 3659/789/3661 3660/791/3663 3648/836/3704 3647/838/3706
f 3662/796/3667 3663/782/3654 3651/756/3630 3650/839/3707
f 3661/797/3665 3662/796/3667 3650/839/3707 3649/840/3705
f 3714/833/3701 3642/766/3640 3631/760/3634 3703/759/3633
f 3643/800/3670 3655/799/3669 3656/801/3671 3644/841/3708
f 3646/835/3703 3658/786/3658 3659/789/3661 3647/838/3706
f 3644/841/3708 3656/801/3671 3657/804/3674 3645/834/3702
f 3667/805/3675 3678/808/3678 3558/654/3548 3547/669/3561
f 3678/808/3678 3677/807/3677 3557/652/3546 3558/654/3548
f 3677/807/3677 3676/806/3676 3556/650/3544 3557/652/3546
f 3676/806/3676 3675/798/3668 3555/647/3541 3556/650/3544
f 3675/798/3668 3674/795/3666 3554/697/3588 3555/647/3541
f 3674/795/3666 3673/794/3664 3553/698/3586 3554/697/3588
f 3673/792/3664 3672/790/3662 3552/696/3587 3553/695/3586
f 3672/790/3662 3671/788/3660 3551/702/3592 3552/696/3587
f 3671/788/3660 3670/787/3659 3550/701/3591 3551/702/3592
f 3670/787/3659 3669/803/3673 3549/700/3590 3550/701/3591
f 3669/803/3673 3668/802/3672 3548/699/3589 3549/700/3590
f 3668/802/3672 3667/805/3675 3547/669/3561 3548/699/3589
f 3680/821/3689 3681/824/3692 3621/742/3624 3620/741/3623
f 3681/824/3692 3682/809/3679 3622/734/3617 3621/742/3624
f 3682/809/3679 3683/812/3682 3623/735/3618 3622/734/3617
f 3683/812/3682 3684/813/3683 3624/736/3619 3623/735/3618
f 3684/813/3683 3685/814/3684 3625/737/3620 3624/736/3619
f 3685/818/3684 3686/817/3686 3626/739/3621 3625/738/3620
f 3686/817/3686 3687/820/3688 3627/740/3622 3626/739/3621
f 3687/820/3688 3688/828/3696 3628/744/3626 3627/740/3622
f 3688/828/3696 3689/830/3698 3629/745/3627 3628/744/3626
f 3689/830/3698 3690/832/3700 3630/746/3628 3629/745/3627
f 3690/832/3700 3679/825/3693 3619/743/3625 3630/746/3628
f 3679/825/3693 3680/821/3689 3620/741/3623 3619/743/3625
f 3599/714/3600 3600/716/3602 3588/748/3572 3587/754/3571
f 3563/658/3552 3564/660/3554 3552/696/3587 3551/702/3592
f 3723/647/3709 3735/648/3710 3736/649/3711 3724/650/3712
f 3724/650/3712 3736/649/3711 3737/651/3713 3725/652/3714
f 3725/652/3714 3737/651/3713 3738/653/3715 3726/654/3716
f 3730/655/3717 3742/656/3718 3743/657/3719 3731/658/3720
f 3743/657/3719 3744/659/3721 3732/660/3722 3731/658/3720
f 3744/659/3721 3745/661/3723 3733/662/3724 3732/660/3722
f 3745/663/3723 3746/664/3725 3734/665/3726 3733/666/3724
f 3746/664/3725 3747/667/3727 3735/648/3710 3734/665/3726
f 3726/654/3716 3738/653/3715 3727/668/3728 3715/669/3729
f 3728/670/3730 3740/671/3731 3741/672/3732 3729/673/3733
f 3729/673/3733 3741/672/3732 3742/656/3718 3730/655/3717
f 3727/668/3728 3739/674/3734 3740/671/3731 3728/670/3730
f 3735/648/3710 3747/667/3727 3748/675/3735 3736/649/3711
f 3736/649/3711 3748/675/3735 3749/676/3736 3737/651/3713
f 3737/651/3713 3749/676/3736 3750/677/3737 3738/653/3715
f 3742/656/3718 3754/678/3738 3755/679/3739 3743/657/3719
f 3755/679/3739 3756/680/3740 3744/659/3721 3743/657/3719
f 3756/680/3740 3757/681/3741 3745/661/3723 3744/659/3721
f 3757/682/3741 3758/683/3742 3746/664/3725 3745/663/3723
f 3758/683/3742 3759/684/3743 3747/667/3727 3746/664/3725
f 3738/653/3715 3750/677/3737 3739/674/3734 3727/668/3728
f 3740/671/3731 3752/685/3744 3753/686/3745 3741/672/3732
f 3741/672/3732 3753/686/3745 3754/678/3738 3742/656/3718
f 3739/674/3734 3751/687/3746 3752/685/3744 3740/671/3731
f 3747/667/3727 3759/684/3743 3760/688/3747 3748/675/3735
f 3748/675/3735 3760/688/3747 3761/689/3748 3749/676/3736
f 3749/676/3736 3761/689/3748 3762/690/3749 3750/677/3737
f 3876/691/3750 3877/692/3751 3865/693/3752 3864/694/3753
f 3732/660/3722 3733/662/3724 3721/695/3754 3720/696/3755
f 3733/666/3724 3734/665/3726 3722/697/3756 3721/698/3754
f 3734/665/3726 3735/648/3710 3723/647/3709 3722/697/3756
f 3715/669/3729 3727/668/3728 3728/670/3730 3716/699/3757
f 3750/677/3737 3762/690/3749 3751/687/3746 3739/674/3734
f 3717/700/3758 3729/673/3733 3730/655/3717 3718/701/3759
f 3718/701/3759 3730/655/3717 3731/658/3720 3719/702/3760
f 3716/699/3757 3728/670/3730 3729/673/3733 3717/700/3758
f 3759/703/3743 3771/704/3761 3772/705/3762 3760/706/3747
f 3760/706/3747 3772/705/3762 3773/707/3763 3761/708/3748
f 3761/708/3748 3773/707/3763 3774/709/3764 3762/710/3749
f 3766/711/3765 3778/712/3766 3779/713/3767 3767/714/3768
f 3779/713/3767 3780/715/3769 3768/716/3770 3767/714/3768
f 3780/715/3769 3781/717/3771 3769/718/3772 3768/716/3770
f 3781/719/3771 3782/720/3773 3770/721/3774 3769/722/3772
f 3782/720/3773 3783/723/3775 3771/704/3761 3770/721/3774
f 3762/710/3749 3774/709/3764 3763/724/3776 3751/725/3746
f 3764/726/3777 3776/727/3778 3777/728/3779 3765/729/3780
f 3765/729/3780 3777/728/3779 3778/712/3766 3766/711/3765
f 3763/724/3776 3775/730/3781 3776/727/3778 3764/726/3777
f 3771/704/3761 3783/723/3775 3784/731/3782 3772/705/3762
f 3772/705/3762 3784/731/3782 3785/732/3783 3773/707/3763
f 3773/707/3763 3785/732/3783 3786/733/3784 3774/709/3764
f 3778/712/3766 3790/734/3785 3791/735/3786 3779/713/3767
f 3791/735/3786 3792/736/3787 3780/715/3769 3779/713/3767
f 3792/736/3787 3793/737/3788 3781/717/3771 3780/715/3769
f 3793/738/3788 3794/739/3789 3782/720/3773 3781/719/3771
f 3794/739/3789 3795/740/3790 3783/723/3775 3782/720/3773
f 3774/709/3764 3786/733/3784 3775/730/3781 3763/724/3776
f 3776/727/3778 3788/741/3791 3789/742/3792 3777/728/3779
f 3777/728/3779 3789/742/3792 3790/734/3785 3778/712/3766
f 3775/730/3781 3787/743/3793 3788/741/3791 3776/727/3778
f 3783/723/3775 3795/740/3790 3796/744/3794 3784/731/3782
f 3784/731/3782 3796/744/3794 3797/745/3795 3785/732/3783
f 3785/732/3783 3797/745/3795 3798/746/3796 3786/733/3784
f 3768/716/3770 3769/718/3772 3757/747/3741 3756/748/3740
f 3769/722/3772 3770/721/3774 3758/749/3742 3757/750/3741
f 3770/721/3774 3771/704/3761 3759/703/3743 3758/749/3742
f 3751/725/3746 3763/724/3776 3764/726/3777 3752/751/3744
f 3786/733/3784 3798/746/3796 3787/743/3793 3775/730/3781
f 3753/752/3745 3765/729/3780 3766/711/3765 3754/753/3738
f 3754/753/3738 3766/711/3765 3767/714/3768 3755/754/3739
f 3752/751/3744 3764/726/3777 3765/729/3780 3753/752/3745
f 3807/755/3797 3819/756/3798 3820/757/3799 3808/758/3800
f 3871/759/3801 3799/760/3802 3800/761/3803 3872/762/3804
f 3809/763/3805 3821/764/3806 3822/765/3807 3810/766/3808
f 3873/767/3809 3801/768/3810 3802/769/3811 3874/770/3812
f 3876/691/3750 3804/771/3813 3805/772/3814 3877/692/3751
f 3803/773/3815 3804/771/3813 3876/691/3750 3875/774/3816
f 3878/775/3817 3806/776/3818 3807/755/3797 3879/777/3819
f 3805/778/3814 3806/776/3818 3878/775/3817 3877/779/3751
f 3872/762/3804 3800/761/3803 3801/768/3810 3873/767/3809
f 3879/777/3819 3807/755/3797 3808/758/3800 3880/780/3820
f 3874/770/3812 3802/769/3811 3803/773/3815 3875/774/3816
f 3880/780/3820 3808/758/3800 3809/763/3805 3881/781/3821
f 3819/756/3798 3831/782/3822 3832/783/3823 3820/757/3799
f 3820/757/3799 3832/783/3823 3833/784/3824 3821/764/3806
f 3821/764/3806 3833/784/3824 3834/785/3825 3822/765/3807
f 3826/786/3826 3838/787/3827 3839/788/3828 3827/789/3829
f 3839/788/3828 3840/790/3830 3828/791/3831 3827/789/3829
f 3840/790/3830 3841/792/3832 3829/793/3833 3828/791/3831
f 3841/794/3832 3842/795/3834 3830/796/3835 3829/797/3833
f 3842/795/3834 3843/798/3836 3831/782/3822 3830/796/3835
f 3822/765/3807 3834/785/3825 3823/799/3837 3811/800/3838
f 3824/801/3839 3836/802/3840 3837/803/3841 3825/804/3842
f 3825/804/3842 3837/803/3841 3838/787/3827 3826/786/3826
f 3823/799/3837 3835/805/3843 3836/802/3840 3824/801/3839
f 3831/782/3822 3843/798/3836 3844/806/3844 3832/783/3823
f 3832/783/3823 3844/806/3844 3845/807/3845 3833/784/3824
f 3833/784/3824 3845/807/3845 3846/808/3846 3834/785/3825
f 3850/809/3847 3862/810/3848 3863/811/3849 3851/812/3850
f 3863/811/3849 3864/694/3753 3852/813/3851 3851/812/3850
f 3864/694/3753 3865/693/3752 3853/814/3852 3852/813/3851
f 3865/815/3752 3866/816/3853 3854/817/3854 3853/818/3852
f 3866/816/3853 3867/819/3855 3855/820/3856 3854/817/3854
f 3834/785/3825 3846/808/3846 3835/805/3843 3823/799/3837
f 3848/821/3857 3860/822/3858 3861/823/3859 3849/824/3860
f 3849/824/3860 3861/823/3859 3862/810/3848 3850/809/3847
f 3847/825/3861 3859/826/3862 3860/822/3858 3848/821/3857
f 3855/820/3856 3867/819/3855 3868/827/3863 3856/828/3864
f 3856/828/3864 3868/827/3863 3869/829/3865 3857/830/3866
f 3857/830/3866 3869/829/3865 3870/831/3867 3858/832/3868
f 3875/774/3816 3876/691/3750 3864/694/3753 3863/811/3849
f 3878/775/3817 3879/777/3819 3867/819/3855 3866/816/3853
f 3877/779/3751 3878/775/3817 3866/816/3853 3865/815/3752
f 3868/827/3863 3880/780/3820 3881/781/3821 3869/829/3865
f 3858/832/3868 3870/831/3867 3859/826/3862 3847/825/3861
f 3860/822/3858 3872/762/3804 3873/767/3809 3861/823/3859
f 3861/823/3859 3873/767/3809 3874/770/3812 3862/810/3848
f 3859/826/3862 3871/759/3801 3872/762/3804 3860/822/3858
f 3867/819/3855 3879/777/3819 3880/780/3820 3868/827/3863
f 3862/810/3848 3874/770/3812 3875/774/3816 3863/811/3849
f 3869/829/3865 3881/781/3821 3882/833/3869 3870/831/3867
f 3801/768/3810 3813/834/3870 3814/835/3871 3802/769/3811
f 3816/836/3872 3817/837/3873 3805/772/3814 3804/771/3813
f 3815/838/3874 3816/836/3872 3804/771/3813 3803/773/3815
f 3818/839/3875 3819/756/3798 3807/755/3797 3806/776/3818
f 3817/840/3873 3818/839/3875 3806/776/3818 3805/778/3814
f 3870/831/3867 3882/833/3869 3871/759/3801 3859/826/3862
f 3799/760/3802 3811/800/3838 3812/841/3876 3800/761/3803
f 3802/769/3811 3814/835/3871 3815/838/3874 3803/773/3815
f 3800/761/3803 3812/841/3876 3813/834/3870 3801/768/3810
f 3808/758/3800 3820/757/3799 3821/764/3806 3809/763/3805
f 3810/766/3808 3822/765/3807 3811/800/3838 3799/760/3802
f 3881/781/3821 3809/763/3805 3810/766/3808 3882/833/3869
f 3813/834/3870 3825/804/3842 3826/786/3826 3814/835/3871
f 3828/791/3831 3829/793/3833 3817/837/3873 3816/836/3872
f 3827/789/3829 3828/791/3831 3816/836/3872 3815/838/3874
f 3830/796/3835 3831/782/3822 3819/756/3798 3818/839/3875
f 3829/797/3833 3830/796/3835 3818/839/3875 3817/840/3873
f 3882/833/3869 3810/766/3808 3799/760/3802 3871/759/3801
f 3811/800/3838 3823/799/3837 3824/801/3839 3812/841/3876
f 3814/835/3871 3826/786/3826 3827/789/3829 3815/838/3874
f 3812/841/3876 3824/801/3839 3825/804/3842 3813/834/3870
f 3835/805/3843 3846/808/3846 3726/654/3716 3715/669/3729
f 3846/808/3846 3845/807/3845 3725/652/3714 3726/654/3716
f 3845/807/3845 3844/806/3844 3724/650/3712 3725/652/3714
f 3844/806/3844 3843/798/3836 3723/647/3709 3724/650/3712
f 3843/798/3836 3842/795/3834 3722/697/3756 3723/647/3709
f 3842/795/3834 3841/794/3832 3721/698/3754 3722/697/3756
f 3841/792/3832 3840/790/3830 3720/696/3755 3721/695/3754
f 3840/790/3830 3839/788/3828 3719/702/3760 3720/696/3755
f 3839/788/3828 3838/787/3827 3718/701/3759 3719/702/3760
f 3838/787/3827 3837/803/3841 3717/700/3758 3718/701/3759
f 3837/803/3841 3836/802/3840 3716/699/3757 3717/700/3758
f 3836/802/3840 3835/805/3843 3715/669/3729 3716/699/3757
f 3848/821/3857 3849/824/3860 3789/742/3792 3788/741/3791
f 3849/824/3860 3850/809/3847 3790/734/3785 3789/742/3792
f 3850/809/3847 3851/812/3850 3791/735/3786 3790/734/3785
f 3851/812/3850 3852/813/3851 3792/736/3787 3791/735/3786
f 3852/813/3851 3853/814/3852 3793/737/3788 3792/736/3787
f 3853/818/3852 3854/817/3854 3794/739/3789 3793/738/3788
f 3854/817/3854 3855/820/3856 3795/740/3790 3794/739/3789
f 3855/820/3856 3856/828/3864 3796/744/3794 3795/740/3790
f 3856/828/3864 3857/830/3866 3797/745/3795 3796/744/3794
f 3857/830/3866 3858/832/3868 3798/746/3796 3797/745/3795
f 3858/832/3868 3847/825/3861 3787/743/3793 3798/746/3796
f 3847/825/3861 3848/821/3857 3788/741/3791 3787/743/3793
f 3767/714/3768 3768/716/3770 3756/748/3740 3755/754/3739
f 3731/658/3720 3732/660/3722 3720/696/3755 3719/702/3760
f 3891/647/3877 3903/648/3878 3904/649/3879 3892/650/3880
f 3892/650/3880 3904/649/3879 3905/651/3881 3893/652/3882
f 3893/652/3882 3905/651/3881 3906/653/3883 3894/654/3884
f 3898/655/3885 3910/656/3886 3911/657/3887 3899/658/3888
f 3911/657/3887 3912/659/3889 3900/660/3890 3899/658/3888
f 3912/659/3889 3913/661/3891 3901/662/3892 3900/660/3890
f 3913/663/3891 3914/664/3893 3902/665/3894 3901/666/3892
f 3914/664/3893 3915/667/3895 3903/648/3878 3902/665/3894
f 3894/654/3884 3906/653/3883 3895/668/3896 3883/669/3897
f 3896/670/3898 3908/671/3899 3909/672/3900 3897/673/3901
f 3897/673/3901 3909/672/3900 3910/656/3886 3898/655/3885
f 3895/668/3896 3907/674/3902 3908/671/3899 3896/670/3898
f 3903/648/3878 3915/667/3895 3916/675/3903 3904/649/3879
f 3904/649/3879 3916/675/3903 3917/676/3904 3905/651/3881
f 3905/651/3881 3917/676/3904 3918/677/3905 3906/653/3883
f 3910/656/3886 3922/678/3906 3923/679/3907 3911/657/3887
f 3923/679/3907 3924/680/3908 3912/659/3889 3911/657/3887
f 3924/680/3908 3925/681/3909 3913/661/3891 3912/659/3889
f 3925/682/3909 3926/683/3910 3914/664/3893 3913/663/3891
f 3926/683/3910 3927/684/3911 3915/667/3895 3914/664/3893
f 3906/653/3883 3918/677/3905 3907/674/3902 3895/668/3896
f 3908/671/3899 3920/685/3912 3921/686/3913 3909/672/3900
f 3909/672/3900 3921/686/3913 3922/678/3906 3910/656/3886
f 3907/674/3902 3919/687/3914 3920/685/3912 3908/671/3899
f 3915/667/3895 3927/684/3911 3928/688/3915 3916/675/3903
f 3916/675/3903 3928/688/3915 3929/689/3916 3917/676/3904
f 3917/676/3904 3929/689/3916 3930/690/3917 3918/677/3905
f 4044/691/3918 4045/692/3919 4033/693/3920 4032/694/3921
f 3900/660/3890 3901/662/3892 3889/695/3922 3888/696/3923
f 3901/666/3892 3902/665/3894 3890/697/3924 3889/698/3922
f 3902/665/3894 3903/648/3878 3891/647/3877 3890/697/3924
f 3883/669/3897 3895/668/3896 3896/670/3898 3884/699/3925
f 3918/677/3905 3930/690/3917 3919/687/3914 3907/674/3902
f 3885/700/3926 3897/673/3901 3898/655/3885 3886/701/3927
f 3886/701/3927 3898/655/3885 3899/658/3888 3887/702/3928
f 3884/699/3925 3896/670/3898 3897/673/3901 3885/700/3926
f 3927/703/3911 3939/704/3929 3940/705/3930 3928/706/3915
f 3928/706/3915 3940/705/3930 3941/707/3931 3929/708/3916
f 3929/708/3916 3941/707/3931 3942/709/3932 3930/710/3917
f 3934/711/3933 3946/712/3934 3947/713/3935 3935/714/3936
f 3947/713/3935 3948/715/3937 3936/716/3938 3935/714/3936
f 3948/715/3937 3949/717/3939 3937/718/3940 3936/716/3938
f 3949/719/3939 3950/720/3941 3938/721/3942 3937/722/3940
f 3950/720/3941 3951/723/3943 3939/704/3929 3938/721/3942
f 3930/710/3917 3942/709/3932 3931/724/3944 3919/725/3914
f 3932/726/3945 3944/727/3946 3945/728/3947 3933/729/3948
f 3933/729/3948 3945/728/3947 3946/712/3934 3934/711/3933
f 3931/724/3944 3943/730/3949 3944/727/3946 3932/726/3945
f 3939/704/3929 3951/723/3943 3952/731/3950 3940/705/3930
f 3940/705/3930 3952/731/3950 3953/732/3951 3941/707/3931
f 3941/707/3931 3953/732/3951 3954/733/3952 3942/709/3932
f 3946/712/3934 3958/734/3953 3959/735/3954 3947/713/3935
f 3959/735/3954 3960/736/3955 3948/715/3937 3947/713/3935
f 3960/736/3955 3961/737/3956 3949/717/3939 3948/715/3937
f 3961/738/3956 3962/739/3957 3950/720/3941 3949/719/3939
f 3962/739/3957 3963/740/3958 3951/723/3943 3950/720/3941
f 3942/709/3932 3954/733/3952 3943/730/3949 3931/724/3944
f 3944/727/3946 3956/741/3959 3957/742/3960 3945/728/3947
f 3945/728/3947 3957/742/3960 3958/734/3953 3946/712/3934
f 3943/730/3949 3955/743/3961 3956/741/3959 3944/727/3946
f 3951/723/3943 3963/740/3958 3964/744/3962 3952/731/3950
f 3952/731/3950 3964/744/3962 3965/745/3963 3953/732/3951
f 3953/732/3951 3965/745/3963 3966/746/3964 3954/733/3952
f 3936/716/3938 3937/718/3940 3925/747/3909 3924/748/3908
f 3937/722/3940 3938/721/3942 3926/749/3910 3925/750/3909
f 3938/721/3942 3939/704/3929 3927/703/3911 3926/749/3910
f 3919/725/3914 3931/724/3944 3932/726/3945 3920/751/3912
f 3954/733/3952 3966/746/3964 3955/743/3961 3943/730/3949
f 3921/752/3913 3933/729/3948 3934/711/3933 3922/753/3906
f 3922/753/3906 3934/711/3933 3935/714/3936 3923/754/3907
f 3920/751/3912 3932/726/3945 3933/729/3948 3921/752/3913
f 3975/755/3965 3987/756/3966 3988/757/3967 3976/758/3968
f 4039/759/3969 3967/760/3970 3968/761/3971 4040/762/3972
f 3977/763/3973 3989/764/3974 3990/765/3975 3978/766/3976
f 4041/767/3977 3969/768/3978 3970/769/3979 4042/770/3980
f 4044/691/3918 3972/771/3981 3973/772/3982 4045/692/3919
f 3971/773/3983 3972/771/3981 4044/691/3918 4043/774/3984
f 4046/775/3985 3974/776/3986 3975/755/3965 4047/777/3987
f 3973/778/3982 3974/776/3986 4046/775/3985 4045/779/3919
f 4040/762/3972 3968/761/3971 3969/768/3978 4041/767/3977
f 4047/777/3987 3975/755/3965 3976/758/3968 4048/780/3988
f 4042/770/3980 3970/769/3979 3971/773/3983 4043/774/3984
f 4048/780/3988 3976/758/3968 3977/763/3973 4049/781/3989
f 3987/756/3966 3999/782/3990 4000/783/3991 3988/757/3967
f 3988/757/3967 4000/783/3991 4001/784/3992 3989/764/3974
f 3989/764/3974 4001/784/3992 4002/785/3993 3990/765/3975
f 3994/786/3994 4006/787/3995 4007/788/3996 3995/789/3997
f 4007/788/3996 4008/790/3998 3996/791/3999 3995/789/3997
f 4008/790/3998 4009/792/4000 3997/793/4001 3996/791/3999
f 4009/794/4000 4010/795/4002 3998/796/4003 3997/797/4001
f 4010/795/4002 4011/798/4004 3999/782/3990 3998/796/4003
f 3990/765/3975 4002/785/3993 3991/799/4005 3979/800/4006
f 3992/801/4007 4004/802/4008 4005/803/4009 3993/804/4010
f 3993/804/4010 4005/803/4009 4006/787/3995 3994/786/3994
f 3991/799/4005 4003/805/4011 4004/802/4008 3992/801/4007
f 3999/782/3990 4011/798/4004 4012/806/4012 4000/783/3991
f 4000/783/3991 4012/806/4012 4013/807/4013 4001/784/3992
f 4001/784/3992 4013/807/4013 4014/808/4014 4002/785/3993
f 4018/809/4015 4030/810/4016 4031/811/4017 4019/812/4018
f 4031/811/4017 4032/694/3921 4020/813/4019 4019/812/4018
f 4032/694/3921 4033/693/3920 4021/814/4020 4020/813/4019
f 4033/815/3920 4034/816/4021 4022/817/4022 4021/818/4020
f 4034/816/4021 4035/819/4023 4023/820/4024 4022/817/4022
f 4002/785/3993 4014/808/4014 4003/805/4011 3991/799/4005
f 4016/821/4025 4028/822/4026 4029/823/4027 4017/824/4028
f 4017/824/4028 4029/823/4027 4030/810/4016 4018/809/4015
f 4015/825/4029 4027/826/4030 4028/822/4026 4016/821/4025
f 4023/820/4024 4035/819/4023 4036/827/4031 4024/828/4032
f 4024/828/4032 4036/827/4031 4037/829/4033 4025/830/4034
f 4025/830/4034 4037/829/4033 4038/831/4035 4026/832/4036
f 4043/774/3984 4044/691/3918 4032/694/3921 4031/811/4017
f 4046/775/3985 4047/777/3987 4035/819/4023 4034/816/4021
f 4045/779/3919 4046/775/3985 4034/816/4021 4033/815/3920
f 4036/827/4031 4048/780/3988 4049/781/3989 4037/829/4033
f 4026/832/4036 4038/831/4035 4027/826/4030 4015/825/4029
f 4028/822/4026 4040/762/3972 4041/767/3977 4029/823/4027
f 4029/823/4027 4041/767/3977 4042/770/3980 4030/810/4016
f 4027/826/4030 4039/759/3969 4040/762/3972 4028/822/4026
f 4035/819/4023 4047/777/3987 4048/780/3988 4036/827/4031
f 4030/810/4016 4042/770/3980 4043/774/3984 4031/811/4017
f 4037/829/4033 4049/781/3989 4050/833/4037 4038/831/4035
f 3969/768/3978 3981/834/4038 3982/835/4039 3970/769/3979
f 3984/836/4040 3985/837/4041 3973/772/3982 3972/771/3981
f 3983/838/4042 3984/836/4040 3972/771/3981 3971/773/3983
f 3986/839/4043 3987/756/3966 3975/755/3965 3974/776/3986
f 3985/840/4041 3986/839/4043 3974/776/3986 3973/778/3982
f 4038/831/4035 4050/833/4037 4039/759/3969 4027/826/4030
f 3967/760/3970 3979/800/4006 3980/841/4044 3968/761/3971
f 3970/769/3979 3982/835/4039 3983/838/4042 3971/773/3983
f 3968/761/3971 3980/841/4044 3981/834/4038 3969/768/3978
f 3976/758/3968 3988/757/3967 3989/764/3974 3977/763/3973
f 3978/766/3976 3990/765/3975 3979/800/4006 3967/760/3970
f 4049/781/3989 3977/763/3973 3978/766/3976 4050/833/4037
f 3981/834/4038 3993/804/4010 3994/786/3994 3982/835/4039
f 3996/791/3999 3997/793/4001 3985/837/4041 3984/836/4040
f 3995/789/3997 3996/791/3999 3984/836/4040 3983/838/4042
f 3998/796/4003 3999/782/3990 3987/756/3966 3986/839/4043
f 3997/797/4001 3998/796/4003 3986/839/4043 3985/840/4041
f 4050/833/4037 3978/766/3976 3967/760/3970 4039/759/3969
f 3979/800/4006 3991/799/4005 3992/801/4007 3980/841/4044
f 3982/835/4039 3994/786/3994 3995/789/3997 3983/838/4042
f 3980/841/4044 3992/801/4007 3993/804/4010 3981/834/4038
f 4003/805/4011 4014/808/4014 3894/654/3884 3883/669/3897
f 4014/808/4014 4013/807/4013 3893/652/3882 3894/654/3884
f 4013/807/4013 4012/806/4012 3892/650/3880 3893/652/3882
f 4012/806/4012 4011/798/4004 3891/647/3877 3892/650/3880
f 4011/798/4004 4010/795/4002 3890/697/3924 3891/647/3877
f 4010/795/4002 4009/794/4000 3889/698/3922 3890/697/3924
f 4009/792/4000 4008/790/3998 3888/696/3923 3889/695/3922
f 4008/790/3998 4007/788/3996 3887/702/3928 3888/696/3923
f 4007/788/3996 4006/787/3995 3886/701/3927 3887/702/3928
f 4006/787/3995 4005/803/4009 3885/700/3926 3886/701/3927
f 4005/803/4009 4004/802/4008 3884/699/3925 3885/700/3926
f 4004/802/4008 4003/805/4011 3883/669/3897 3884/699/3925
f 4016/821/4025 4017/824/4028 3957/742/3960 3956/741/3959
f 4017/824/4028 4018/809/4015 3958/734/3953 3957/742/3960
f 4018/809/4015 4019/812/4018 3959/735/3954 3958/734/3953
f 4019/812/4018 4020/813/4019 3960/736/3955 3959/735/3954
f 4020/813/4019 4021/814/4020 3961/737/3956 3960/736/3955
f 4021/818/4020 4022/817/4022 3962/739/3957 3961/738/3956
f 4022/817/4022 4023/820/4024 3963/740/3958 3962/739/3957
f 4023/820/4024 4024/828/4032 3964/744/3962 3963/740/3958
f 4024/828/4032 4025/830/4034 3965/745/3963 3964/744/3962
f 4025/830/4034 4026/832/4036 3966/746/3964 3965/745/3963
f 4026/832/4036 4015/825/4029 3955/743/3961 3966/746/3964
f 4015/825/4029 4016/821/4025 3956/741/3959 3955/743/3961
f 3935/714/3936 3936/716/3938 3924/748/3908 3923/754/3907
f 3899/658/3888 3900/660/3890 3888/696/3923 3887/702/3928
f 4059/647/4045 4071/648/4046 4072/649/4047 4060/650/4048
f 4060/650/4048 4072/649/4047 4073/651/4049 4061/652/4050
f 4061/652/4050 4073/651/4049 4074/653/4051 4062/654/4052
f 4066/655/4053 4078/656/4054 4079/657/4055 4067/658/4056
f 4079/657/4055 4080/659/4057 4068/660/4058 4067/658/4056
f 4080/659/4057 4081/661/4059 4069/662/4060 4068/660/4058
f 4081/663/4059 4082/664/4061 4070/665/4062 4069/666/4060
f 4082/664/4061 4083/667/4063 4071/648/4046 4070/665/4062
f 4062/654/4052 4074/653/4051 4063/668/4064 4051/669/4065
f 4064/670/4066 4076/671/4067 4077/672/4068 4065/673/4069
f 4065/673/4069 4077/672/4068 4078/656/4054 4066/655/4053
f 4063/668/4064 4075/674/4070 4076/671/4067 4064/670/4066
f 4071/648/4046 4083/667/4063 4084/675/4071 4072/649/4047
f 4072/649/4047 4084/675/4071 4085/676/4072 4073/651/4049
f 4073/651/4049 4085/676/4072 4086/677/4073 4074/653/4051
f 4078/656/4054 4090/678/4074 4091/679/4075 4079/657/4055
f 4091/679/4075 4092/680/4076 4080/659/4057 4079/657/4055
f 4092/680/4076 4093/681/4077 4081/661/4059 4080/659/4057
f 4093/682/4077 4094/683/4078 4082/664/4061 4081/663/4059
f 4094/683/4078 4095/684/4079 4083/667/4063 4082/664/4061
f 4074/653/4051 4086/677/4073 4075/674/4070 4063/668/4064
f 4076/671/4067 4088/685/4080 4089/686/4081 4077/672/4068
f 4077/672/4068 4089/686/4081 4090/678/4074 4078/656/4054
f 4075/674/4070 4087/687/4082 4088/685/4080 4076/671/4067
f 4083/667/4063 4095/684/4079 4096/688/4083 4084/675/4071
f 4084/675/4071 4096/688/4083 4097/689/4084 4085/676/4072
f 4085/676/4072 4097/689/4084 4098/690/4085 4086/677/4073
f 4212/691/4086 4213/692/4087 4201/693/4088 4200/694/4089
f 4068/660/4058 4069/662/4060 4057/695/4090 4056/696/4091
f 4069/666/4060 4070/665/4062 4058/697/4092 4057/698/4090
f 4070/665/4062 4071/648/4046 4059/647/4045 4058/697/4092
f 4051/669/4065 4063/668/4064 4064/670/4066 4052/699/4093
f 4086/677/4073 4098/690/4085 4087/687/4082 4075/674/4070
f 4053/700/4094 4065/673/4069 4066/655/4053 4054/701/4095
f 4054/701/4095 4066/655/4053 4067/658/4056 4055/702/4096
f 4052/699/4093 4064/670/4066 4065/673/4069 4053/700/4094
f 4095/703/4079 4107/704/4097 4108/705/4098 4096/706/4083
f 4096/706/4083 4108/705/4098 4109/707/4099 4097/708/4084
f 4097/708/4084 4109/707/4099 4110/709/4100 4098/710/4085
f 4102/711/4101 4114/712/4102 4115/713/4103 4103/714/4104
f 4115/713/4103 4116/715/4105 4104/716/4106 4103/714/4104
f 4116/715/4105 4117/717/4107 4105/718/4108 4104/716/4106
f 4117/719/4107 4118/720/4109 4106/721/4110 4105/722/4108
f 4118/720/4109 4119/723/4111 4107/704/4097 4106/721/4110
f 4098/710/4085 4110/709/4100 4099/724/4112 4087/725/4082
f 4100/726/4113 4112/727/4114 4113/728/4115 4101/729/4116
f 4101/729/4116 4113/728/4115 4114/712/4102 4102/711/4101
f 4099/724/4112 4111/730/4117 4112/727/4114 4100/726/4113
f 4107/704/4097 4119/723/4111 4120/731/4118 4108/705/4098
f 4108/705/4098 4120/731/4118 4121/732/4119 4109/707/4099
f 4109/707/4099 4121/732/4119 4122/733/4120 4110/709/4100
f 4114/712/4102 4126/734/4121 4127/735/4122 4115/713/4103
f 4127/735/4122 4128/736/4123 4116/715/4105 4115/713/4103
f 4128/736/4123 4129/737/4124 4117/717/4107 4116/715/4105
f 4129/738/4124 4130/739/4125 4118/720/4109 4117/719/4107
f 4130/739/4125 4131/740/4126 4119/723/4111 4118/720/4109
f 4110/709/4100 4122/733/4120 4111/730/4117 4099/724/4112
f 4112/727/4114 4124/741/4127 4125/742/4128 4113/728/4115
f 4113/728/4115 4125/742/4128 4126/734/4121 4114/712/4102
f 4111/730/4117 4123/743/4129 4124/741/4127 4112/727/4114
f 4119/723/4111 4131/740/4126 4132/744/4130 4120/731/4118
f 4120/731/4118 4132/744/4130 4133/745/4131 4121/732/4119
f 4121/732/4119 4133/745/4131 4134/746/4132 4122/733/4120
f 4104/716/4106 4105/718/4108 4093/747/4077 4092/748/4076
f 4105/722/4108 4106/721/4110 4094/749/4078 4093/750/4077
f 4106/721/4110 4107/704/4097 4095/703/4079 4094/749/4078
f 4087/725/4082 4099/724/4112 4100/726/4113 4088/751/4080
f 4122/733/4120 4134/746/4132 4123/743/4129 4111/730/4117
f 4089/752/4081 4101/729/4116 4102/711/4101 4090/753/4074
f 4090/753/4074 4102/711/4101 4103/714/4104 4091/754/4075
f 4088/751/4080 4100/726/4113 4101/729/4116 4089/752/4081
f 4143/755/4133 4155/756/4134 4156/757/4135 4144/758/4136
f 4207/759/4137 4135/760/4138 4136/761/4139 4208/762/4140
f 4145/763/4141 4157/764/4142 4158/765/4143 4146/766/4144
f 4209/767/4145 4137/768/4146 4138/769/4147 4210/770/4148
f 4212/691/4086 4140/771/4149 4141/772/4150 4213/692/4087
f 4139/773/4151 4140/771/4149 4212/691/4086 4211/774/4152
f 4214/775/4153 4142/776/4154 4143/755/4133 4215/777/4155
f 4141/778/4150 4142/776/4154 4214/775/4153 4213/779/4087
f 4208/762/4140 4136/761/4139 4137/768/4146 4209/767/4145
f 4215/777/4155 4143/755/4133 4144/758/4136 4216/780/4156
f 4210/770/4148 4138/769/4147 4139/773/4151 4211/774/4152
f 4216/780/4156 4144/758/4136 4145/763/4141 4217/781/4157
f 4155/756/4134 4167/782/4158 4168/783/4159 4156/757/4135
f 4156/757/4135 4168/783/4159 4169/784/4160 4157/764/4142
f 4157/764/4142 4169/784/4160 4170/785/4161 4158/765/4143
f 4162/786/4162 4174/787/4163 4175/788/4164 4163/789/4165
f 4175/788/4164 4176/790/4166 4164/791/4167 4163/789/4165
f 4176/790/4166 4177/792/4168 4165/793/4169 4164/791/4167
f 4177/794/4168 4178/795/4170 4166/796/4171 4165/797/4169
f 4178/795/4170 4179/798/4172 4167/782/4158 4166/796/4171
f 4158/765/4143 4170/785/4161 4159/799/4173 4147/800/4174
f 4160/801/4175 4172/802/4176 4173/803/4177 4161/804/4178
f 4161/804/4178 4173/803/4177 4174/787/4163 4162/786/4162
f 4159/799/4173 4171/805/4179 4172/802/4176 4160/801/4175
f 4167/782/4158 4179/798/4172 4180/806/4180 4168/783/4159
f 4168/783/4159 4180/806/4180 4181/807/4181 4169/784/4160
f 4169/784/4160 4181/807/4181 4182/808/4182 4170/785/4161
f 4186/809/4183 4198/810/4184 4199/811/4185 4187/812/4186
f 4199/811/4185 4200/694/4089 4188/813/4187 4187/812/4186
f 4200/694/4089 4201/693/4088 4189/814/4188 4188/813/4187
f 4201/815/4088 4202/816/4189 4190/817/4190 4189/818/4188
f 4202/816/4189 4203/819/4191 4191/820/4192 4190/817/4190
f 4170/785/4161 4182/808/4182 4171/805/4179 4159/799/4173
f 4184/821/4193 4196/822/4194 4197/823/4195 4185/824/4196
f 4185/824/4196 4197/823/4195 4198/810/4184 4186/809/4183
f 4183/825/4197 4195/826/4198 4196/822/4194 4184/821/4193
f 4191/820/4192 4203/819/4191 4204/827/4199 4192/828/4200
f 4192/828/4200 4204/827/4199 4205/829/4201 4193/830/4202
f 4193/830/4202 4205/829/4201 4206/831/4203 4194/832/4204
f 4211/774/4152 4212/691/4086 4200/694/4089 4199/811/4185
f 4214/775/4153 4215/777/4155 4203/819/4191 4202/816/4189
f 4213/779/4087 4214/775/4153 4202/816/4189 4201/815/4088
f 4204/827/4199 4216/780/4156 4217/781/4157 4205/829/4201
f 4194/832/4204 4206/831/4203 4195/826/4198 4183/825/4197
f 4196/822/4194 4208/762/4140 4209/767/4145 4197/823/4195
f 4197/823/4195 4209/767/4145 4210/770/4148 4198/810/4184
f 4195/826/4198 4207/759/4137 4208/762/4140 4196/822/4194
f 4203/819/4191 4215/777/4155 4216/780/4156 4204/827/4199
f 4198/810/4184 4210/770/4148 4211/774/4152 4199/811/4185
f 4205/829/4201 4217/781/4157 4218/833/4205 4206/831/4203
f 4137/768/4146 4149/834/4206 4150/835/4207 4138/769/4147
f 4152/836/4208 4153/837/4209 4141/772/4150 4140/771/4149
f 4151/838/4210 4152/836/4208 4140/771/4149 4139/773/4151
f 4154/839/4211 4155/756/4134 4143/755/4133 4142/776/4154
f 4153/840/4209 4154/839/4211 4142/776/4154 4141/778/4150
f 4206/831/4203 4218/833/4205 4207/759/4137 4195/826/4198
f 4135/760/4138 4147/800/4174 4148/841/4212 4136/761/4139
f 4138/769/4147 4150/835/4207 4151/838/4210 4139/773/4151
f 4136/761/4139 4148/841/4212 4149/834/4206 4137/768/4146
f 4144/758/4136 4156/757/4135 4157/764/4142 4145/763/4141
f 4146/766/4144 4158/765/4143 4147/800/4174 4135/760/4138
f 4217/781/4157 4145/763/4141 4146/766/4144 4218/833/4205
f 4149/834/4206 4161/804/4178 4162/786/4162 4150/835/4207
f 4164/791/4167 4165/793/4169 4153/837/4209 4152/836/4208
f 4163/789/4165 4164/791/4167 4152/836/4208 4151/838/4210
f 4166/796/4171 4167/782/4158 4155/756/4134 4154/839/4211
f 4165/797/4169 4166/796/4171 4154/839/4211 4153/840/4209
f 4218/833/4205 4146/766/4144 4135/760/4138 4207/759/4137
f 4147/800/4174 4159/799/4173 4160/801/4175 4148/841/4212
f 4150/835/4207 4162/786/4162 4163/789/4165 4151/838/4210
f 4148/841/4212 4160/801/4175 4161/804/4178 4149/834/4206
f 4171/805/4179 4182/808/4182 4062/654/4052 4051/669/4065
f 4182/808/4182 4181/807/4181 4061/652/4050 4062/654/4052
f 4181/807/4181 4180/806/4180 4060/650/4048 4061/652/4050
f 4180/806/4180 4179/798/4172 4059/647/4045 4060/650/4048
f 4179/798/4172 4178/795/4170 4058/697/4092 4059/647/4045
f 4178/795/4170 4177/794/4168 4057/698/4090 4058/697/4092
f 4177/792/4168 4176/790/4166 4056/696/4091 4057/695/4090
f 4176/790/4166 4175/788/4164 4055/702/4096 4056/696/4091
f 4175/788/4164 4174/787/4163 4054/701/4095 4055/702/4096
f 4174/787/4163 4173/803/4177 4053/700/4094 4054/701/4095
f 4173/803/4177 4172/802/4176 4052/699/4093 4053/700/4094
f 4172/802/4176 4171/805/4179 4051/669/4065 4052/699/4093
f 4184/821/4193 4185/824/4196 4125/742/4128 4124/741/4127
f 4185/824/4196 4186/809/4183 4126/734/4121 4125/742/4128
f 4186/809/4183 4187/812/4186 4127/735/4122 4126/734/4121
f 4187/812/4186 4188/813/4187 4128/736/4123 4127/735/4122
f 4188/813/4187 4189/814/4188 4129/737/4124 4128/736/4123
f 4189/818/4188 4190/817/4190 4130/739/4125 4129/738/4124
f 4190/817/4190 4191/820/4192 4131/740/4126 4130/739/4125
f 4191/820/4192 4192/828/4200 4132/744/4130 4131/740/4126
f 4192/828/4200 4193/830/4202 4133/745/4131 4132/744/4130
f 4193/830/4202 4194/832/4204 4134/746/4132 4133/745/4131
f 4194/832/4204 4183/825/4197 4123/743/4129 4134/746/4132
f 4183/825/4197 4184/821/4193 4124/741/4127 4123/743/4129
f 4103/714/4104 4104/716/4106 4092/748/4076 4091/754/4075
f 4067/658/4056 4068/660/4058 4056/696/4091 4055/702/4096
f 4227/647/4213 4239/648/4214 4240/649/4215 4228/650/4216
f 4228/650/4216 4240/649/4215 4241/651/4217 4229/652/4218
f 4229/652/4218 4241/651/4217 4242/653/4219 4230/654/4220
f 4234/655/4221 4246/656/4222 4247/657/4223 4235/658/4224
f 4247/657/4223 4248/659/4225 4236/660/4226 4235/658/4224
f 4248/659/4225 4249/661/4227 4237/662/4228 4236/660/4226
f 4249/663/4227 4250/664/4229 4238/665/4230 4237/666/4228
f 4250/664/4229 4251/667/4231 4239/648/4214 4238/665/4230
f 4230/654/4220 4242/653/4219 4231/668/4232 4219/669/4233
f 4232/670/4234 4244/671/4235 4245/672/4236 4233/673/4237
f 4233/673/4237 4245/672/4236 4246/656/4222 4234/655/4221
f 4231/668/4232 4243/674/4238 4244/671/4235 4232/670/4234
f 4239/648/4214 4251/667/4231 4252/675/4239 4240/649/4215
f 4240/649/4215 4252/675/4239 4253/676/4240 4241/651/4217
f 4241/651/4217 4253/676/4240 4254/677/4241 4242/653/4219
f 4246/656/4222 4258/678/4242 4259/679/4243 4247/657/4223
f 4259/679/4243 4260/680/4244 4248/659/4225 4247/657/4223
f 4260/680/4244 4261/681/4245 4249/661/4227 4248/659/4225
f 4261/682/4245 4262/683/4246 4250/664/4229 4249/663/4227
f 4262/683/4246 4263/684/4247 4251/667/4231 4250/664/4229
f 4242/653/4219 4254/677/4241 4243/674/4238 4231/668/4232
f 4244/671/4235 4256/685/4248 4257/686/4249 4245/672/4236
f 4245/672/4236 4257/686/4249 4258/678/4242 4246/656/4222
f 4243/674/4238 4255/687/4250 4256/685/4248 4244/671/4235
f 4251/667/4231 4263/684/4247 4264/688/4251 4252/675/4239
f 4252/675/4239 4264/688/4251 4265/689/4252 4253/676/4240
f 4253/676/4240 4265/689/4252 4266/690/4253 4254/677/4241
f 4380/691/4254 4381/692/4255 4369/693/4256 4368/694/4257
f 4236/660/4226 4237/662/4228 4225/695/4258 4224/696/4259
f 4237/666/4228 4238/665/4230 4226/697/4260 4225/698/4258
f 4238/665/4230 4239/648/4214 4227/647/4213 4226/697/4260
f 4219/669/4233 4231/668/4232 4232/670/4234 4220/699/4261
f 4254/677/4241 4266/690/4253 4255/687/4250 4243/674/4238
f 4221/700/4262 4233/673/4237 4234/655/4221 4222/701/4263
f 4222/701/4263 4234/655/4221 4235/658/4224 4223/702/4264
f 4220/699/4261 4232/670/4234 4233/673/4237 4221/700/4262
f 4263/703/4247 4275/704/4265 4276/705/4266 4264/706/4251
f 4264/706/4251 4276/705/4266 4277/707/4267 4265/708/4252
f 4265/708/4252 4277/707/4267 4278/709/4268 4266/710/4253
f 4270/711/4269 4282/712/4270 4283/713/4271 4271/714/4272
f 4283/713/4271 4284/715/4273 4272/716/4274 4271/714/4272
f 4284/715/4273 4285/717/4275 4273/718/4276 4272/716/4274
f 4285/719/4275 4286/720/4277 4274/721/4278 4273/722/4276
f 4286/720/4277 4287/723/4279 4275/704/4265 4274/721/4278
f 4266/710/4253 4278/709/4268 4267/724/4280 4255/725/4250
f 4268/726/4281 4280/727/4282 4281/728/4283 4269/729/4284
f 4269/729/4284 4281/728/4283 4282/712/4270 4270/711/4269
f 4267/724/4280 4279/730/4285 4280/727/4282 4268/726/4281
f 4275/704/4265 4287/723/4279 4288/731/4286 4276/705/4266
f 4276/705/4266 4288/731/4286 4289/732/4287 4277/707/4267
f 4277/707/4267 4289/732/4287 4290/733/4288 4278/709/4268
f 4282/712/4270 4294/734/4289 4295/735/4290 4283/713/4271
f 4295/735/4290 4296/736/4291 4284/715/4273 4283/713/4271
f 4296/736/4291 4297/737/4292 4285/717/4275 4284/715/4273
f 4297/738/4292 4298/739/4293 4286/720/4277 4285/719/4275
f 4298/739/4293 4299/740/4294 4287/723/4279 4286/720/4277
f 4278/709/4268 4290/733/4288 4279/730/4285 4267/724/4280
f 4280/727/4282 4292/741/4295 4293/742/4296 4281/728/4283
f 4281/728/4283 4293/742/4296 4294/734/4289 4282/712/4270
f 4279/730/4285 4291/743/4297 4292/741/4295 4280/727/4282
f 4287/723/4279 4299/740/4294 4300/744/4298 4288/731/4286
f 4288/731/4286 4300/744/4298 4301/745/4299 4289/732/4287
f 4289/732/4287 4301/745/4299 4302/746/4300 4290/733/4288
f 4272/716/4274 4273/718/4276 4261/747/4245 4260/748/4244
f 4273/722/4276 4274/721/4278 4262/749/4246 4261/750/4245
f 4274/721/4278 4275/704/4265 4263/703/4247 4262/749/4246
f 4255/725/4250 4267/724/4280 4268/726/4281 4256/751/4248
f 4290/733/4288 4302/746/4300 4291/743/4297 4279/730/4285
f 4257/752/4249 4269/729/4284 4270/711/4269 4258/753/4242
f 4258/753/4242 4270/711/4269 4271/714/4272 4259/754/4243
f 4256/751/4248 4268/726/4281 4269/729/4284 4257/752/4249
f 4311/755/4301 4323/756/4302 4324/757/4303 4312/758/4304
f 4375/759/4305 4303/760/4306 4304/761/4307 4376/762/4308
f 4313/763/4309 4325/764/4310 4326/765/4311 4314/766/4312
f 4377/767/4313 4305/768/4314 4306/769/4315 4378/770/4316
f 4380/691/4254 4308/771/4317 4309/772/4318 4381/692/4255
f 4307/773/4319 4308/771/4317 4380/691/4254 4379/774/4320
f 4382/775/4321 4310/776/4322 4311/755/4301 4383/777/4323
f 4309/778/4318 4310/776/4322 4382/775/4321 4381/779/4255
f 4376/762/4308 4304/761/4307 4305/768/4314 4377/767/4313
f 4383/777/4323 4311/755/4301 4312/758/4304 4384/780/4324
f 4378/770/4316 4306/769/4315 4307/773/4319 4379/774/4320
f 4384/780/4324 4312/758/4304 4313/763/4309 4385/781/4325
f 4323/756/4302 4335/782/4326 4336/783/4327 4324/757/4303
f 4324/757/4303 4336/783/4327 4337/784/4328 4325/764/4310
f 4325/764/4310 4337/784/4328 4338/785/4329 4326/765/4311
f 4330/786/4330 4342/787/4331 4343/788/4332 4331/789/4333
f 4343/788/4332 4344/790/4334 4332/791/4335 4331/789/4333
f 4344/790/4334 4345/792/4336 4333/793/4337 4332/791/4335
f 4345/794/4336 4346/795/4338 4334/796/4339 4333/797/4337
f 4346/795/4338 4347/798/4340 4335/782/4326 4334/796/4339
f 4326/765/4311 4338/785/4329 4327/799/4341 4315/800/4342
f 4328/801/4343 4340/802/4344 4341/803/4345 4329/804/4346
f 4329/804/4346 4341/803/4345 4342/787/4331 4330/786/4330
f 4327/799/4341 4339/805/4347 4340/802/4344 4328/801/4343
f 4335/782/4326 4347/798/4340 4348/806/4348 4336/783/4327
f 4336/783/4327 4348/806/4348 4349/807/4349 4337/784/4328
f 4337/784/4328 4349/807/4349 4350/808/4350 4338/785/4329
f 4354/809/4351 4366/810/4352 4367/811/4353 4355/812/4354
f 4367/811/4353 4368/694/4257 4356/813/4355 4355/812/4354
f 4368/694/4257 4369/693/4256 4357/814/4356 4356/813/4355
f 4369/815/4256 4370/816/4357 4358/817/4358 4357/818/4356
f 4370/816/4357 4371/819/4359 4359/820/4360 4358/817/4358
f 4338/785/4329 4350/808/4350 4339/805/4347 4327/799/4341
f 4352/821/4361 4364/822/4362 4365/823/4363 4353/824/4364
f 4353/824/4364 4365/823/4363 4366/810/4352 4354/809/4351
f 4351/825/4365 4363/826/4366 4364/822/4362 4352/821/4361
f 4359/820/4360 4371/819/4359 4372/827/4367 4360/828/4368
f 4360/828/4368 4372/827/4367 4373/829/4369 4361/830/4370
f 4361/830/4370 4373/829/4369 4374/831/4371 4362/832/4372
f 4379/774/4320 4380/691/4254 4368/694/4257 4367/811/4353
f 4382/775/4321 4383/777/4323 4371/819/4359 4370/816/4357
f 4381/779/4255 4382/775/4321 4370/816/4357 4369/815/4256
f 4372/827/4367 4384/780/4324 4385/781/4325 4373/829/4369
f 4362/832/4372 4374/831/4371 4363/826/4366 4351/825/4365
f 4364/822/4362 4376/762/4308 4377/767/4313 4365/823/4363
f 4365/823/4363 4377/767/4313 4378/770/4316 4366/810/4352
f 4363/826/4366 4375/759/4305 4376/762/4308 4364/822/4362
f 4371/819/4359 4383/777/4323 4384/780/4324 4372/827/4367
f 4366/810/4352 4378/770/4316 4379/774/4320 4367/811/4353
f 4373/829/4369 4385/781/4325 4386/833/4373 4374/831/4371
f 4305/768/4314 4317/834/4374 4318/835/4375 4306/769/4315
f 4320/836/4376 4321/837/4377 4309/772/4318 4308/771/4317
f 4319/838/4378 4320/836/4376 4308/771/4317 4307/773/4319
f 4322/839/4379 4323/756/4302 4311/755/4301 4310/776/4322
f 4321/840/4377 4322/839/4379 4310/776/4322 4309/778/4318
f 4374/831/4371 4386/833/4373 4375/759/4305 4363/826/4366
f 4303/760/4306 4315/800/4342 4316/841/4380 4304/761/4307
f 4306/769/4315 4318/835/4375 4319/838/4378 4307/773/4319
f 4304/761/4307 4316/841/4380 4317/834/4374 4305/768/4314
f 4312/758/4304 4324/757/4303 4325/764/4310 4313/763/4309
f 4314/766/4312 4326/765/4311 4315/800/4342 4303/760/4306
f 4385/781/4325 4313/763/4309 4314/766/4312 4386/833/4373
f 4317/834/4374 4329/804/4346 4330/786/4330 4318/835/4375
f 4332/791/4335 4333/793/4337 4321/837/4377 4320/836/4376
f 4331/789/4333 4332/791/4335 4320/836/4376 4319/838/4378
f 4334/796/4339 4335/782/4326 4323/756/4302 4322/839/4379
f 4333/797/4337 4334/796/4339 4322/839/4379 4321/840/4377
f 4386/833/4373 4314/766/4312 4303/760/4306 4375/759/4305
f 4315/800/4342 4327/799/4341 4328/801/4343 4316/841/4380
f 4318/835/4375 4330/786/4330 4331/789/4333 4319/838/4378
f 4316/841/4380 4328/801/4343 4329/804/4346 4317/834/4374
f 4339/805/4347 4350/808/4350 4230/654/4220 4219/669/4233
f 4350/808/4350 4349/807/4349 4229/652/4218 4230/654/4220
f 4349/807/4349 4348/806/4348 4228/650/4216 4229/652/4218
f 4348/806/4348 4347/798/4340 4227/647/4213 4228/650/4216
f 4347/798/4340 4346/795/4338 4226/697/4260 4227/647/4213
f 4346/795/4338 4345/794/4336 4225/698/4258 4226/697/4260
f 4345/792/4336 4344/790/4334 4224/696/4259 4225/695/4258
f 4344/790/4334 4343/788/4332 4223/702/4264 4224/696/4259
f 4343/788/4332 4342/787/4331 4222/701/4263 4223/702/4264
f 4342/787/4331 4341/803/4345 4221/700/4262 4222/701/4263
f 4341/803/4345 4340/802/4344 4220/699/4261 4221/700/4262
f 4340/802/4344 4339/805/4347 4219/669/4233 4220/699/4261
f 4352/821/4361 4353/824/4364 4293/742/4296 4292/741/4295
f 4353/824/4364 4354/809/4351 4294/734/4289 4293/742/4296
f 4354/809/4351 4355/812/4354 4295/735/4290 4294/734/4289
f 4355/812/4354 4356/813/4355 4296/736/4291 4295/735/4290
f 4356/813/4355 4357/814/4356 4297/737/4292 4296/736/4291
f 4357/818/4356 4358/817/4358 4298/739/4293 4297/738/4292
f 4358/817/4358 4359/820/4360 4299/740/4294 4298/739/4293
f 4359/820/4360 4360/828/4368 4300/744/4298 4299/740/4294
f 4360/828/4368 4361/830/4370 4301/745/4299 4300/744/4298
f 4361/830/4370 4362/832/4372 4302/746/4300 4301/745/4299
f 4362/832/4372 4351/825/4365 4291/743/4297 4302/746/4300
f 4351/825/4365 4352/821/4361 4292/741/4295 4291/743/4297
f 4271/714/4272 4272/716/4274 4260/748/4244 4259/754/4243
f 4235/658/4224 4236/660/4226 4224/696/4259 4223/702/4264
f 4395/647/4381 4407/648/4382 4408/649/4383 4396/650/4384
f 4396/650/4384 4408/649/4383 4409/651/4385 4397/652/4386
f 4397/652/4386 4409/651/4385 4410/653/4387 4398/654/4388
f 4402/655/4389 4414/656/4390 4415/657/4391 4403/658/4392
f 4415/657/4391 4416/659/4393 4404/660/4394 4403/658/4392
f 4416/659/4393 4417/661/4395 4405/662/4396 4404/660/4394
f 4417/663/4395 4418/664/4397 4406/665/4398 4405/666/4396
f 4418/664/4397 4419/667/4399 4407/648/4382 4406/665/4398
f 4398/654/4388 4410/653/4387 4399/668/4400 4387/669/4401
f 4400/670/4402 4412/671/4403 4413/672/4404 4401/673/4405
f 4401/673/4405 4413/672/4404 4414/656/4390 4402/655/4389
f 4399/668/4400 4411/674/4406 4412/671/4403 4400/670/4402
f 4407/648/4382 4419/667/4399 4420/675/4407 4408/649/4383
f 4408/649/4383 4420/675/4407 4421/676/4408 4409/651/4385
f 4409/651/4385 4421/676/4408 4422/677/4409 4410/653/4387
f 4414/656/4390 4426/678/4410 4427/679/4411 4415/657/4391
f 4427/679/4411 4428/680/4412 4416/659/4393 4415/657/4391
f 4428/680/4412 4429/681/4413 4417/661/4395 4416/659/4393
f 4429/682/4413 4430/683/4414 4418/664/4397 4417/663/4395
f 4430/683/4414 4431/684/4415 4419/667/4399 4418/664/4397
f 4410/653/4387 4422/677/4409 4411/674/4406 4399/668/4400
f 4412/671/4403 4424/685/4416 4425/686/4417 4413/672/4404
f 4413/672/4404 4425/686/4417 4426/678/4410 4414/656/4390
f 4411/674/4406 4423/687/4418 4424/685/4416 4412/671/4403
f 4419/667/4399 4431/684/4415 4432/688/4419 4420/675/4407
f 4420/675/4407 4432/688/4419 4433/689/4420 4421/676/4408
f 4421/676/4408 4433/689/4420 4434/690/4421 4422/677/4409
f 4548/691/4422 4549/692/4423 4537/693/4424 4536/694/4425
f 4404/660/4394 4405/662/4396 4393/695/4426 4392/696/4427
f 4405/666/4396 4406/665/4398 4394/697/4428 4393/698/4426
f 4406/665/4398 4407/648/4382 4395/647/4381 4394/697/4428
f 4387/669/4401 4399/668/4400 4400/670/4402 4388/699/4429
f 4422/677/4409 4434/690/4421 4423/687/4418 4411/674/4406
f 4389/700/4430 4401/673/4405 4402/655/4389 4390/701/4431
f 4390/701/4431 4402/655/4389 4403/658/4392 4391/702/4432
f 4388/699/4429 4400/670/4402 4401/673/4405 4389/700/4430
f 4431/703/4415 4443/704/4433 4444/705/4434 4432/706/4419
f 4432/706/4419 4444/705/4434 4445/707/4435 4433/708/4420
f 4433/708/4420 4445/707/4435 4446/709/4436 4434/710/4421
f 4438/711/4437 4450/712/4438 4451/713/4439 4439/714/4440
f 4451/713/4439 4452/715/4441 4440/716/4442 4439/714/4440
f 4452/715/4441 4453/717/4443 4441/718/4444 4440/716/4442
f 4453/719/4443 4454/720/4445 4442/721/4446 4441/722/4444
f 4454/720/4445 4455/723/4447 4443/704/4433 4442/721/4446
f 4434/710/4421 4446/709/4436 4435/724/4448 4423/725/4418
f 4436/726/4449 4448/727/4450 4449/728/4451 4437/729/4452
f 4437/729/4452 4449/728/4451 4450/712/4438 4438/711/4437
f 4435/724/4448 4447/730/4453 4448/727/4450 4436/726/4449
f 4443/704/4433 4455/723/4447 4456/731/4454 4444/705/4434
f 4444/705/4434 4456/731/4454 4457/732/4455 4445/707/4435
f 4445/707/4435 4457/732/4455 4458/733/4456 4446/709/4436
f 4450/712/4438 4462/734/4457 4463/735/4458 4451/713/4439
f 4463/735/4458 4464/736/4459 4452/715/4441 4451/713/4439
f 4464/736/4459 4465/737/4460 4453/717/4443 4452/715/4441
f 4465/738/4460 4466/739/4461 4454/720/4445 4453/719/4443
f 4466/739/4461 4467/740/4462 4455/723/4447 4454/720/4445
f 4446/709/4436 4458/733/4456 4447/730/4453 4435/724/4448
f 4448/727/4450 4460/741/4463 4461/742/4464 4449/728/4451
f 4449/728/4451 4461/742/4464 4462/734/4457 4450/712/4438
f 4447/730/4453 4459/743/4465 4460/741/4463 4448/727/4450
f 4455/723/4447 4467/740/4462 4468/744/4466 4456/731/4454
f 4456/731/4454 4468/744/4466 4469/745/4467 4457/732/4455
f 4457/732/4455 4469/745/4467 4470/746/4468 4458/733/4456
f 4440/716/4442 4441/718/4444 4429/747/4413 4428/748/4412
f 4441/722/4444 4442/721/4446 4430/749/4414 4429/750/4413
f 4442/721/4446 4443/704/4433 4431/703/4415 4430/749/4414
f 4423/725/4418 4435/724/4448 4436/726/4449 4424/751/4416
f 4458/733/4456 4470/746/4468 4459/743/4465 4447/730/4453
f 4425/752/4417 4437/729/4452 4438/711/4437 4426/753/4410
f 4426/753/4410 4438/711/4437 4439/714/4440 4427/754/4411
f 4424/751/4416 4436/726/4449 4437/729/4452 4425/752/4417
f 4479/755/4469 4491/756/4470 4492/757/4471 4480/758/4472
f 4543/759/4473 4471/760/4474 4472/761/4475 4544/762/4476
f 4481/763/4477 4493/764/4478 4494/765/4479 4482/766/4480
f 4545/767/4481 4473/768/4482 4474/769/4483 4546/770/4484
f 4548/691/4422 4476/771/4485 4477/772/4486 4549/692/4423
f 4475/773/4487 4476/771/4485 4548/691/4422 4547/774/4488
f 4550/775/4489 4478/776/4490 4479/755/4469 4551/777/4491
f 4477/778/4486 4478/776/4490 4550/775/4489 4549/779/4423
f 4544/762/4476 4472/761/4475 4473/768/4482 4545/767/4481
f 4551/777/4491 4479/755/4469 4480/758/4472 4552/780/4492
f 4546/770/4484 4474/769/4483 4475/773/4487 4547/774/4488
f 4552/780/4492 4480/758/4472 4481/763/4477 4553/781/4493
f 4491/756/4470 4503/782/4494 4504/783/4495 4492/757/4471
f 4492/757/4471 4504/783/4495 4505/784/4496 4493/764/4478
f 4493/764/4478 4505/784/4496 4506/785/4497 4494/765/4479
f 4498/786/4498 4510/787/4499 4511/788/4500 4499/789/4501
f 4511/788/4500 4512/790/4502 4500/791/4503 4499/789/4501
f 4512/790/4502 4513/792/4504 4501/793/4505 4500/791/4503
f 4513/794/4504 4514/795/4506 4502/796/4507 4501/797/4505
f 4514/795/4506 4515/798/4508 4503/782/4494 4502/796/4507
f 4494/765/4479 4506/785/4497 4495/799/4509 4483/800/4510
f 4496/801/4511 4508/802/4512 4509/803/4513 4497/804/4514
f 4497/804/4514 4509/803/4513 4510/787/4499 4498/786/4498
f 4495/799/4509 4507/805/4515 4508/802/4512 4496/801/4511
f 4503/782/4494 4515/798/4508 4516/806/4516 4504/783/4495
f 4504/783/4495 4516/806/4516 4517/807/4517 4505/784/4496
f 4505/784/4496 4517/807/4517 4518/808/4518 4506/785/4497
f 4522/809/4519 4534/810/4520 4535/811/4521 4523/812/4522
f 4535/811/4521 4536/694/4425 4524/813/4523 4523/812/4522
f 4536/694/4425 4537/693/4424 4525/814/4524 4524/813/4523
f 4537/815/4424 4538/816/4525 4526/817/4526 4525/818/4524
f 4538/816/4525 4539/819/4527 4527/820/4528 4526/817/4526
f 4506/785/4497 4518/808/4518 4507/805/4515 4495/799/4509
f 4520/821/4529 4532/822/4530 4533/823/4531 4521/824/4532
f 4521/824/4532 4533/823/4531 4534/810/4520 4522/809/4519
f 4519/825/4533 4531/826/4534 4532/822/4530 4520/821/4529
f 4527/820/4528 4539/819/4527 4540/827/4535 4528/828/4536
f 4528/828/4536 4540/827/4535 4541/829/4537 4529/830/4538
f 4529/830/4538 4541/829/4537 4542/831/4539 4530/832/4540
f 4547/774/4488 4548/691/4422 4536/694/4425 4535/811/4521
f 4550/775/4489 4551/777/4491 4539/819/4527 4538/816/4525
f 4549/779/4423 4550/775/4489 4538/816/4525 4537/815/4424
f 4540/827/4535 4552/780/4492 4553/781/4493 4541/829/4537
f 4530/832/4540 4542/831/4539 4531/826/4534 4519/825/4533
f 4532/822/4530 4544/762/4476 4545/767/4481 4533/823/4531
f 4533/823/4531 4545/767/4481 4546/770/4484 4534/810/4520
f 4531/826/4534 4543/759/4473 4544/762/4476 4532/822/4530
f 4539/819/4527 4551/777/4491 4552/780/4492 4540/827/4535
f 4534/810/4520 4546/770/4484 4547/774/4488 4535/811/4521
f 4541/829/4537 4553/781/4493 4554/833/4541 4542/831/4539
f 4473/768/4482 4485/834/4542 4486/835/4543 4474/769/4483
f 4488/836/4544 4489/837/4545 4477/772/4486 4476/771/4485
f 4487/838/4546 4488/836/4544 4476/771/4485 4475/773/4487
f 4490/839/4547 4491/756/4470 4479/755/4469 4478/776/4490
f 4489/840/4545 4490/839/4547 4478/776/4490 4477/778/4486
f 4542/831/4539 4554/833/4541 4543/759/4473 4531/826/4534
f 4471/760/4474 4483/800/4510 4484/841/4548 4472/761/4475
f 4474/769/4483 4486/835/4543 4487/838/4546 4475/773/4487
f 4472/761/4475 4484/841/4548 4485/834/4542 4473/768/4482
f 4480/758/4472 4492/757/4471 4493/764/4478 4481/763/4477
f 4482/766/4480 4494/765/4479 4483/800/4510 4471/760/4474
f 4553/781/4493 4481/763/4477 4482/766/4480 4554/833/4541
f 4485/834/4542 4497/804/4514 4498/786/4498 4486/835/4543
f 4500/791/4503 4501/793/4505 4489/837/4545 4488/836/4544
f 4499/789/4501 4500/791/4503 4488/836/4544 4487/838/4546
f 4502/796/4507 4503/782/4494 4491/756/4470 4490/839/4547
f 4501/797/4505 4502/796/4507 4490/839/4547 4489/840/4545
f 4554/833/4541 4482/766/4480 4471/760/4474 4543/759/4473
f 4483/800/4510 4495/799/4509 4496/801/4511 4484/841/4548
f 4486/835/4543 4498/786/4498 4499/789/4501 4487/838/4546
f 4484/841/4548 4496/801/4511 4497/804/4514 4485/834/4542
f 4507/805/4515 4518/808/4518 4398/654/4388 4387/669/4401
f 4518/808/4518 4517/807/4517 4397/652/4386 4398/654/4388
f 4517/807/4517 4516/806/4516 4396/650/4384 4397/652/4386
f 4516/806/4516 4515/798/4508 4395/647/4381 4396/650/4384
f 4515/798/4508 4514/795/4506 4394/697/4428 4395/647/4381
f 4514/795/4506 4513/794/4504 4393/698/4426 4394/697/4428
f 4513/792/4504 4512/790/4502 4392/696/4427 4393/695/4426
f 4512/790/4502 4511/788/4500 4391/702/4432 4392/696/4427
f 4511/788/4500 4510/787/4499 4390/701/4431 4391/702/4432
f 4510/787/4499 4509/803/4513 4389/700/4430 4390/701/4431
f 4509/803/4513 4508/802/4512 4388/699/4429 4389/700/4430
f 4508/802/4512 4507/805/4515 4387/669/4401 4388/699/4429
f 4520/821/4529 4521/824/4532 4461/742/4464 4460/741/4463
f 4521/824/4532 4522/809/4519 4462/734/4457 4461/742/4464
f 4522/809/4519 4523/812/4522 4463/735/4458 4462/734/4457
f 4523/812/4522 4524/813/4523 4464/736/4459 4463/735/4458
f 4524/813/4523 4525/814/4524 4465/737/4460 4464/736/4459
f 4525/818/4524 4526/817/4526 4466/739/4461 4465/738/4460
f 4526/817/4526 4527/820/4528 4467/740/4462 4466/739/4461
f 4527/820/4528 4528/828/4536 4468/744/4466 4467/740/4462
f 4528/828/4536 4529/830/4538 4469/745/4467 4468/744/4466
f 4529/830/4538 4530/832/4540 4470/746/4468 4469/745/4467
f 4530/832/4540 4519/825/4533 4459/743/4465 4470/746/4468
f 4519/825/4533 4520/821/4529 4460/741/4463 4459/743/4465
f 4439/714/4440 4440/716/4442 4428/748/4412 4427/754/4411
f 4403/658/4392 4404/660/4394 4392/696/4427 4391/702/4432
f 4563/647/4549 4575/648/4550 4576/649/4551 4564/650/4552
f 4564/650/4552 4576/649/4551 4577/651/4553 4565/652/4554
f 4565/652/4554 4577/651/4553 4578/653/4555 4566/654/4556
f 4570/655/4557 4582/656/4558 4583/657/4559 4571/658/4560
f 4583/657/4559 4584/659/4561 4572/660/4562 4571/658/4560
f 4584/659/4561 4585/661/4563 4573/662/4564 4572/660/4562
f 4585/663/4563 4586/664/4565 4574/665/4566 4573/666/4564
f 4586/664/4565 4587/667/4567 4575/648/4550 4574/665/4566
f 4566/654/4556 4578/653/4555 4567/668/4568 4555/669/4569
f 4568/670/4570 4580/671/4571 4581/672/4572 4569/673/4573
f 4569/673/4573 4581/672/4572 4582/656/4558 4570/655/4557
f 4567/668/4568 4579/674/4574 4580/671/4571 4568/670/4570
f 4575/648/4550 4587/667/4567 4588/675/4575 4576/649/4551
f 4576/649/4551 4588/675/4575 4589/676/4576 4577/651/4553
f 4577/651/4553 4589/676/4576 4590/677/4577 4578/653/4555
f 4582/656/4558 4594/678/4578 4595/679/4579 4583/657/4559
f 4595/679/4579 4596/680/4580 4584/659/4561 4583/657/4559
f 4596/680/4580 4597/681/4581 4585/661/4563 4584/659/4561
f 4597/682/4581 4598/683/4582 4586/664/4565 4585/663/4563
f 4598/683/4582 4599/684/4583 4587/667/4567 4586/664/4565
f 4578/653/4555 4590/677/4577 4579/674/4574 4567/668/4568
f 4580/671/4571 4592/685/4584 4593/686/4585 4581/672/4572
f 4581/672/4572 4593/686/4585 4594/678/4578 4582/656/4558
f 4579/674/4574 4591/687/4586 4592/685/4584 4580/671/4571
f 4587/667/4567 4599/684/4583 4600/688/4587 4588/675/4575
f 4588/675/4575 4600/688/4587 4601/689/4588 4589/676/4576
f 4589/676/4576 4601/689/4588 4602/690/4589 4590/677/4577
f 4716/691/4590 4717/692/4591 4705/693/4592 4704/694/4593
f 4572/660/4562 4573/662/4564 4561/695/4594 4560/696/4595
f 4573/666/4564 4574/665/4566 4562/697/4596 4561/698/4594
f 4574/665/4566 4575/648/4550 4563/647/4549 4562/697/4596
f 4555/669/4569 4567/668/4568 4568/670/4570 4556/699/4597
f 4590/677/4577 4602/690/4589 4591/687/4586 4579/674/4574
f 4557/700/4598 4569/673/4573 4570/655/4557 4558/701/4599
f 4558/701/4599 4570/655/4557 4571/658/4560 4559/702/4600
f 4556/699/4597 4568/670/4570 4569/673/4573 4557/700/4598
f 4599/703/4583 4611/704/4601 4612/705/4602 4600/706/4587
f 4600/706/4587 4612/705/4602 4613/707/4603 4601/708/4588
f 4601/708/4588 4613/707/4603 4614/709/4604 4602/710/4589
f 4606/711/4605 4618/712/4606 4619/713/4607 4607/714/4608
f 4619/713/4607 4620/715/4609 4608/716/4610 4607/714/4608
f 4620/715/4609 4621/717/4611 4609/718/4612 4608/716/4610
f 4621/719/4611 4622/720/4613 4610/721/4614 4609/722/4612
f 4622/720/4613 4623/723/4615 4611/704/4601 4610/721/4614
f 4602/710/4589 4614/709/4604 4603/724/4616 4591/725/4586
f 4604/726/4617 4616/727/4618 4617/728/4619 4605/729/4620
f 4605/729/4620 4617/728/4619 4618/712/4606 4606/711/4605
f 4603/724/4616 4615/730/4621 4616/727/4618 4604/726/4617
f 4611/704/4601 4623/723/4615 4624/731/4622 4612/705/4602
f 4612/705/4602 4624/731/4622 4625/732/4623 4613/707/4603
f 4613/707/4603 4625/732/4623 4626/733/4624 4614/709/4604
f 4618/712/4606 4630/734/4625 4631/735/4626 4619/713/4607
f 4631/735/4626 4632/736/4627 4620/715/4609 4619/713/4607
f 4632/736/4627 4633/737/4628 4621/717/4611 4620/715/4609
f 4633/738/4628 4634/739/4629 4622/720/4613 4621/719/4611
f 4634/739/4629 4635/740/4630 4623/723/4615 4622/720/4613
f 4614/709/4604 4626/733/4624 4615/730/4621 4603/724/4616
f 4616/727/4618 4628/741/4631 4629/742/4632 4617/728/4619
f 4617/728/4619 4629/742/4632 4630/734/4625 4618/712/4606
f 4615/730/4621 4627/743/4633 4628/741/4631 4616/727/4618
f 4623/723/4615 4635/740/4630 4636/744/4634 4624/731/4622
f 4624/731/4622 4636/744/4634 4637/745/4635 4625/732/4623
f 4625/732/4623 4637/745/4635 4638/746/4636 4626/733/4624
f 4608/716/4610 4609/718/4612 4597/747/4581 4596/748/4580
f 4609/722/4612 4610/721/4614 4598/749/4582 4597/750/4581
f 4610/721/4614 4611/704/4601 4599/703/4583 4598/749/4582
f 4591/725/4586 4603/724/4616 4604/726/4617 4592/751/4584
f 4626/733/4624 4638/746/4636 4627/743/4633 4615/730/4621
f 4593/752/4585 4605/729/4620 4606/711/4605 4594/753/4578
f 4594/753/4578 4606/711/4605 4607/714/4608 4595/754/4579
f 4592/751/4584 4604/726/4617 4605/729/4620 4593/752/4585
f 4647/755/4637 4659/756/4638 4660/757/4639 4648/758/4640
f 4711/759/4641 4639/760/4642 4640/761/4643 4712/762/4644
f 4649/763/4645 4661/764/4646 4662/765/4647 4650/766/4648
f 4713/767/4649 4641/768/4650 4642/769/4651 4714/770/4652
f 4716/691/4590 4644/771/4653 4645/772/4654 4717/692/4591
f 4643/773/4655 4644/771/4653 4716/691/4590 4715/774/4656
f 4718/775/4657 4646/776/4658 4647/755/4637 4719/777/4659
f 4645/778/4654 4646/776/4658 4718/775/4657 4717/779/4591
f 4712/762/4644 4640/761/4643 4641/768/4650 4713/767/4649
f 4719/777/4659 4647/755/4637 4648/758/4640 4720/780/4660
f 4714/770/4652 4642/769/4651 4643/773/4655 4715/774/4656
f 4720/780/4660 4648/758/4640 4649/763/4645 4721/781/4661
f 4659/756/4638 4671/782/4662 4672/783/4663 4660/757/4639
f 4660/757/4639 4672/783/4663 4673/784/4664 4661/764/4646
f 4661/764/4646 4673/784/4664 4674/785/4665 4662/765/4647
f 4666/786/4666 4678/787/4667 4679/788/4668 4667/789/4669
f 4679/788/4668 4680/790/4670 4668/791/4671 4667/789/4669
f 4680/790/4670 4681/792/4672 4669/793/4673 4668/791/4671
f 4681/794/4672 4682/795/4674 4670/796/4675 4669/797/4673
f 4682/795/4674 4683/798/4676 4671/782/4662 4670/796/4675
f 4662/765/4647 4674/785/4665 4663/799/4677 4651/800/4678
f 4664/801/4679 4676/802/4680 4677/803/4681 4665/804/4682
f 4665/804/4682 4677/803/4681 4678/787/4667 4666/786/4666
f 4663/799/4677 4675/805/4683 4676/802/4680 4664/801/4679
f 4671/782/4662 4683/798/4676 4684/806/4684 4672/783/4663
f 4672/783/4663 4684/806/4684 4685/807/4685 4673/784/4664
f 4673/784/4664 4685/807/4685 4686/808/4686 4674/785/4665
f 4690/809/4687 4702/810/4688 4703/811/4689 4691/812/4690
f 4703/811/4689 4704/694/4593 4692/813/4691 4691/812/4690
f 4704/694/4593 4705/693/4592 4693/814/4692 4692/813/4691
f 4705/815/4592 4706/816/4693 4694/817/4694 4693/818/4692
f 4706/816/4693 4707/819/4695 4695/820/4696 4694/817/4694
f 4674/785/4665 4686/808/4686 4675/805/4683 4663/799/4677
f 4688/821/4697 4700/822/4698 4701/823/4699 4689/824/4700
f 4689/824/4700 4701/823/4699 4702/810/4688 4690/809/4687
f 4687/825/4701 4699/826/4702 4700/822/4698 4688/821/4697
f 4695/820/4696 4707/819/4695 4708/827/4703 4696/828/4704
f 4696/828/4704 4708/827/4703 4709/829/4705 4697/830/4706
f 4697/830/4706 4709/829/4705 4710/831/4707 4698/832/4708
f 4715/774/4656 4716/691/4590 4704/694/4593 4703/811/4689
f 4718/775/4657 4719/777/4659 4707/819/4695 4706/816/4693
f 4717/779/4591 4718/775/4657 4706/816/4693 4705/815/4592
f 4708/827/4703 4720/780/4660 4721/781/4661 4709/829/4705
f 4698/832/4708 4710/831/4707 4699/826/4702 4687/825/4701
f 4700/822/4698 4712/762/4644 4713/767/4649 4701/823/4699
f 4701/823/4699 4713/767/4649 4714/770/4652 4702/810/4688
f 4699/826/4702 4711/759/4641 4712/762/4644 4700/822/4698
f 4707/819/4695 4719/777/4659 4720/780/4660 4708/827/4703
f 4702/810/4688 4714/770/4652 4715/774/4656 4703/811/4689
f 4709/829/4705 4721/781/4661 4722/833/4709 4710/831/4707
f 4641/768/4650 4653/834/4710 4654/835/4711 4642/769/4651
f 4656/836/4712 4657/837/4713 4645/772/4654 4644/771/4653
f 4655/838/4714 4656/836/4712 4644/771/4653 4643/773/4655
f 4658/839/4715 4659/756/4638 4647/755/4637 4646/776/4658
f 4657/840/4713 4658/839/4715 4646/776/4658 4645/778/4654
f 4710/831/4707 4722/833/4709 4711/759/4641 4699/826/4702
f 4639/760/4642 4651/800/4678 4652/841/4716 4640/761/4643
f 4642/769/4651 4654/835/4711 4655/838/4714 4643/773/4655
f 4640/761/4643 4652/841/4716 4653/834/4710 4641/768/4650
f 4648/758/4640 4660/757/4639 4661/764/4646 4649/763/4645
f 4650/766/4648 4662/765/4647 4651/800/4678 4639/760/4642
f 4721/781/4661 4649/763/4645 4650/766/4648 4722/833/4709
f 4653/834/4710 4665/804/4682 4666/786/4666 4654/835/4711
f 4668/791/4671 4669/793/4673 4657/837/4713 4656/836/4712
f 4667/789/4669 4668/791/4671 4656/836/4712 4655/838/4714
f 4670/796/4675 4671/782/4662 4659/756/4638 4658/839/4715
f 4669/797/4673 4670/796/4675 4658/839/4715 4657/840/4713
f 4722/833/4709 4650/766/4648 4639/760/4642 4711/759/4641
f 4651/800/4678 4663/799/4677 4664/801/4679 4652/841/4716
f 4654/835/4711 4666/786/4666 4667/789/4669 4655/838/4714
f 4652/841/4716 4664/801/4679 4665/804/4682 4653/834/4710
f 4675/805/4683 4686/808/4686 4566/654/4556 4555/669/4569
f 4686/808/4686 4685/807/4685 4565/652/4554 4566/654/4556
f 4685/807/4685 4684/806/4684 4564/650/4552 4565/652/4554
f 4684/806/4684 4683/798/4676 4563/647/4549 4564/650/4552
f 4683/798/4676 4682/795/4674 4562/697/4596 4563/647/4549
f 4682/795/4674 4681/794/4672 4561/698/4594 4562/697/4596
f 4681/792/4672 4680/790/4670 4560/696/4595 4561/695/4594
f 4680/790/4670 4679/788/4668 4559/702/4600 4560/696/4595
f 4679/788/4668 4678/787/4667 4558/701/4599 4559/702/4600
f 4678/787/4667 4677/803/4681 4557/700/4598 4558/701/4599
f 4677/803/4681 4676/802/4680 4556/699/4597 4557/700/4598
f 4676/802/4680 4675/805/4683 4555/669/4569 4556/699/4597
f 4688/821/4697 4689/824/4700 4629/742/4632 4628/741/4631
f 4689/824/4700 4690/809/4687 4630/734/4625 4629/742/4632
f 4690/809/4687 4691/812/4690 4631/735/4626 4630/734/4625
f 4691/812/4690 4692/813/4691 4632/736/4627 4631/735/4626
f 4692/813/4691 4693/814/4692 4633/737/4628 4632/736/4627
f 4693/818/4692 4694/817/4694 4634/739/4629 4633/738/4628
f 4694/817/4694 4695/820/4696 4635/740/4630 4634/739/4629
f 4695/820/4696 4696/828/4704 4636/744/4634 4635/740/4630
f 4696/828/4704 4697/830/4706 4637/745/4635 4636/744/4634
f 4697/830/4706 4698/832/4708 4638/746/4636 4637/745/4635
f 4698/832/4708 4687/825/4701 4627/743/4633 4638/746/4636
f 4687/825/4701 4688/821/4697 4628/741/4631 4627/743/4633
f 4607/714/4608 4608/716/4610 4596/748/4580 4595/754/4579
f 4571/658/4560 4572/660/4562 4560/696/4595 4559/702/4600
f 4731/647/4717 4743/648/4718 4744/649/4719 4732/650/4720
f 4732/650/4720 4744/649/4719 4745/651/4721 4733/652/4722
f 4733/652/4722 4745/651/4721 4746/653/4723 4734/654/4724
f 4738/655/4725 4750/656/4726 4751/657/4727 4739/658/4728
f 4751/657/4727 4752/659/4729 4740/660/4730 4739/658/4728
f 4752/659/4729 4753/661/4731 4741/662/4732 4740/660/4730
f 4753/663/4731 4754/664/4733 4742/665/4734 4741/666/4732
f 4754/664/4733 4755/667/4735 4743/648/4718 4742/665/4734
f 4734/654/4724 4746/653/4723 4735/668/4736 4723/669/4737
f 4736/670/4738 4748/671/4739 4749/672/4740 4737/673/4741
f 4737/673/4741 4749/672/4740 4750/656/4726 4738/655/4725
f 4735/668/4736 4747/674/4742 4748/671/4739 4736/670/4738
f 4743/648/4718 4755/667/4735 4756/675/4743 4744/649/4719
f 4744/649/4719 4756/675/4743 4757/676/4744 4745/651/4721
f 4745/651/4721 4757/676/4744 4758/677/4745 4746/653/4723
f 4750/656/4726 4762/678/4746 4763/679/4747 4751/657/4727
f 4763/679/4747 4764/680/4748 4752/659/4729 4751/657/4727
f 4764/680/4748 4765/681/4749 4753/661/4731 4752/659/4729
f 4765/682/4749 4766/683/4750 4754/664/4733 4753/663/4731
f 4766/683/4750 4767/684/4751 4755/667/4735 4754/664/4733
f 4746/653/4723 4758/677/4745 4747/674/4742 4735/668/4736
f 4748/671/4739 4760/685/4752 4761/686/4753 4749/672/4740
f 4749/672/4740 4761/686/4753 4762/678/4746 4750/656/4726
f 4747/674/4742 4759/687/4754 4760/685/4752 4748/671/4739
f 4755/667/4735 4767/684/4751 4768/688/4755 4756/675/4743
f 4756/675/4743 4768/688/4755 4769/689/4756 4757/676/4744
f 4757/676/4744 4769/689/4756 4770/690/4757 4758/677/4745
f 4884/691/4758 4885/692/4759 4873/693/4760 4872/694/4761
f 4740/660/4730 4741/662/4732 4729/695/4762 4728/696/4763
f 4741/666/4732 4742/665/4734 4730/697/4764 4729/698/4762
f 4742/665/4734 4743/648/4718 4731/647/4717 4730/697/4764
f 4723/669/4737 4735/668/4736 4736/670/4738 4724/699/4765
f 4758/677/4745 4770/690/4757 4759/687/4754 4747/674/4742
f 4725/700/4766 4737/673/4741 4738/655/4725 4726/701/4767
f 4726/701/4767 4738/655/4725 4739/658/4728 4727/702/4768
f 4724/699/4765 4736/670/4738 4737/673/4741 4725/700/4766
f 4767/703/4751 4779/704/4769 4780/705/4770 4768/706/4755
f 4768/706/4755 4780/705/4770 4781/707/4771 4769/708/4756
f 4769/708/4756 4781/707/4771 4782/709/4772 4770/710/4757
f 4774/711/4773 4786/712/4774 4787/713/4775 4775/714/4776
f 4787/713/4775 4788/715/4777 4776/716/4778 4775/714/4776
f 4788/715/4777 4789/717/4779 4777/718/4780 4776/716/4778
f 4789/719/4779 4790/720/4781 4778/721/4782 4777/722/4780
f 4790/720/4781 4791/723/4783 4779/704/4769 4778/721/4782
f 4770/710/4757 4782/709/4772 4771/724/4784 4759/725/4754
f 4772/726/4785 4784/727/4786 4785/728/4787 4773/729/4788
f 4773/729/4788 4785/728/4787 4786/712/4774 4774/711/4773
f 4771/724/4784 4783/730/4789 4784/727/4786 4772/726/4785
f 4779/704/4769 4791/723/4783 4792/731/4790 4780/705/4770
f 4780/705/4770 4792/731/4790 4793/732/4791 4781/707/4771
f 4781/707/4771 4793/732/4791 4794/733/4792 4782/709/4772
f 4786/712/4774 4798/734/4793 4799/735/4794 4787/713/4775
f 4799/735/4794 4800/736/4795 4788/715/4777 4787/713/4775
f 4800/736/4795 4801/737/4796 4789/717/4779 4788/715/4777
f 4801/738/4796 4802/739/4797 4790/720/4781 4789/719/4779
f 4802/739/4797 4803/740/4798 4791/723/4783 4790/720/4781
f 4782/709/4772 4794/733/4792 4783/730/4789 4771/724/4784
f 4784/727/4786 4796/741/4799 4797/742/4800 4785/728/4787
f 4785/728/4787 4797/742/4800 4798/734/4793 4786/712/4774
f 4783/730/4789 4795/743/4801 4796/741/4799 4784/727/4786
f 4791/723/4783 4803/740/4798 4804/744/4802 4792/731/4790
f 4792/731/4790 4804/744/4802 4805/745/4803 4793/732/4791
f 4793/732/4791 4805/745/4803 4806/746/4804 4794/733/4792
f 4776/716/4778 4777/718/4780 4765/747/4749 4764/748/4748
f 4777/722/4780 4778/721/4782 4766/749/4750 4765/750/4749
f 4778/721/4782 4779/704/4769 4767/703/4751 4766/749/4750
f 4759/725/4754 4771/724/4784 4772/726/4785 4760/751/4752
f 4794/733/4792 4806/746/4804 4795/743/4801 4783/730/4789
f 4761/752/4753 4773/729/4788 4774/711/4773 4762/753/4746
f 4762/753/4746 4774/711/4773 4775/714/4776 4763/754/4747
f 4760/751/4752 4772/726/4785 4773/729/4788 4761/752/4753
f 4815/755/4805 4827/756/4806 4828/757/4807 4816/758/4808
f 4879/759/4809 4807/760/4810 4808/761/4811 4880/762/4812
f 4817/763/4813 4829/764/4814 4830/765/4815 4818/766/4816
f 4881/767/4817 4809/768/4818 4810/769/4819 4882/770/4820
f 4884/691/4758 4812/771/4821 4813/772/4822 4885/692/4759
f 4811/773/4823 4812/771/4821 4884/691/4758 4883/774/4824
f 4886/775/4825 4814/776/4826 4815/755/4805 4887/777/4827
f 4813/778/4822 4814/776/4826 4886/775/4825 4885/779/4759
f 4880/762/4812 4808/761/4811 4809/768/4818 4881/767/4817
f 4887/777/4827 4815/755/4805 4816/758/4808 4888/780/4828
f 4882/770/4820 4810/769/4819 4811/773/4823 4883/774/4824
f 4888/780/4828 4816/758/4808 4817/763/4813 4889/781/4829
f 4827/756/4806 4839/782/4830 4840/783/4831 4828/757/4807
f 4828/757/4807 4840/783/4831 4841/784/4832 4829/764/4814
f 4829/764/4814 4841/784/4832 4842/785/4833 4830/765/4815
f 4834/786/4834 4846/787/4835 4847/788/4836 4835/789/4837
f 4847/788/4836 4848/790/4838 4836/791/4839 4835/789/4837
f 4848/790/4838 4849/792/4840 4837/793/4841 4836/791/4839
f 4849/794/4840 4850/795/4842 4838/796/4843 4837/797/4841
f 4850/795/4842 4851/798/4844 4839/782/4830 4838/796/4843
f 4830/765/4815 4842/785/4833 4831/799/4845 4819/800/4846
f 4832/801/4847 4844/802/4848 4845/803/4849 4833/804/4850
f 4833/804/4850 4845/803/4849 4846/787/4835 4834/786/4834
f 4831/799/4845 4843/805/4851 4844/802/4848 4832/801/4847
f 4839/782/4830 4851/798/4844 4852/806/4852 4840/783/4831
f 4840/783/4831 4852/806/4852 4853/807/4853 4841/784/4832
f 4841/784/4832 4853/807/4853 4854/808/4854 4842/785/4833
f 4858/809/4855 4870/810/4856 4871/811/4857 4859/812/4858
f 4871/811/4857 4872/694/4761 4860/813/4859 4859/812/4858
f 4872/694/4761 4873/693/4760 4861/814/4860 4860/813/4859
f 4873/815/4760 4874/816/4861 4862/817/4862 4861/818/4860
f 4874/816/4861 4875/819/4863 4863/820/4864 4862/817/4862
f 4842/785/4833 4854/808/4854 4843/805/4851 4831/799/4845
f 4856/821/4865 4868/822/4866 4869/823/4867 4857/824/4868
f 4857/824/4868 4869/823/4867 4870/810/4856 4858/809/4855
f 4855/825/4869 4867/826/4870 4868/822/4866 4856/821/4865
f 4863/820/4864 4875/819/4863 4876/827/4871 4864/828/4872
f 4864/828/4872 4876/827/4871 4877/829/4873 4865/830/4874
f 4865/830/4874 4877/829/4873 4878/831/4875 4866/832/4876
f 4883/774/4824 4884/691/4758 4872/694/4761 4871/811/4857
f 4886/775/4825 4887/777/4827 4875/819/4863 4874/816/4861
f 4885/779/4759 4886/775/4825 4874/816/4861 4873/815/4760
f 4876/827/4871 4888/780/4828 4889/781/4829 4877/829/4873
f 4866/832/4876 4878/831/4875 4867/826/4870 4855/825/4869
f 4868/822/4866 4880/762/4812 4881/767/4817 4869/823/4867
f 4869/823/4867 4881/767/4817 4882/770/4820 4870/810/4856
f 4867/826/4870 4879/759/4809 4880/762/4812 4868/822/4866
f 4875/819/4863 4887/777/4827 4888/780/4828 4876/827/4871
f 4870/810/4856 4882/770/4820 4883/774/4824 4871/811/4857
f 4877/829/4873 4889/781/4829 4890/833/4877 4878/831/4875
f 4809/768/4818 4821/834/4878 4822/835/4879 4810/769/4819
f 4824/836/4880 4825/837/4881 4813/772/4822 4812/771/4821
f 4823/838/4882 4824/836/4880 4812/771/4821 4811/773/4823
f 4826/839/4883 4827/756/4806 4815/755/4805 4814/776/4826
f 4825/840/4881 4826/839/4883 4814/776/4826 4813/778/4822
f 4878/831/4875 4890/833/4877 4879/759/4809 4867/826/4870
f 4807/760/4810 4819/800/4846 4820/841/4884 4808/761/4811
f 4810/769/4819 4822/835/4879 4823/838/4882 4811/773/4823
f 4808/761/4811 4820/841/4884 4821/834/4878 4809/768/4818
f 4816/758/4808 4828/757/4807 4829/764/4814 4817/763/4813
f 4818/766/4816 4830/765/4815 4819/800/4846 4807/760/4810
f 4889/781/4829 4817/763/4813 4818/766/4816 4890/833/4877
f 4821/834/4878 4833/804/4850 4834/786/4834 4822/835/4879
f 4836/791/4839 4837/793/4841 4825/837/4881 4824/836/4880
f 4835/789/4837 4836/791/4839 4824/836/4880 4823/838/4882
f 4838/796/4843 4839/782/4830 4827/756/4806 4826/839/4883
f 4837/797/4841 4838/796/4843 4826/839/4883 4825/840/4881
f 4890/833/4877 4818/766/4816 4807/760/4810 4879/759/4809
f 4819/800/4846 4831/799/4845 4832/801/4847 4820/841/4884
f 4822/835/4879 4834/786/4834 4835/789/4837 4823/838/4882
f 4820/841/4884 4832/801/4847 4833/804/4850 4821/834/4878
f 4843/805/4851 4854/808/4854 4734/654/4724 4723/669/4737
f 4854/808/4854 4853/807/4853 4733/652/4722 4734/654/4724
f 4853/807/4853 4852/806/4852 4732/650/4720 4733/652/4722
f 4852/806/4852 4851/798/4844 4731/647/4717 4732/650/4720
f 4851/798/4844 4850/795/4842 4730/697/4764 4731/647/4717
f 4850/795/4842 4849/794/4840 4729/698/4762 4730/697/4764
f 4849/792/4840 4848/790/4838 4728/696/4763 4729/695/4762
f 4848/790/4838 4847/788/4836 4727/702/4768 4728/696/4763
f 4847/788/4836 4846/787/4835 4726/701/4767 4727/702/4768
f 4846/787/4835 4845/803/4849 4725/700/4766 4726/701/4767
f 4845/803/4849 4844/802/4848 4724/699/4765 4725/700/4766
f 4844/802/4848 4843/805/4851 4723/669/4737 4724/699/4765
f 4856/821/4865 4857/824/4868 4797/742/4800 4796/741/4799
f 4857/824/4868 4858/809/4855 4798/734/4793 4797/742/4800
f 4858/809/4855 4859/812/4858 4799/735/4794 4798/734/4793
f 4859/812/4858 4860/813/4859 4800/736/4795 4799/735/4794
f 4860/813/4859 4861/814/4860 4801/737/4796 4800/736/4795
f 4861/818/4860 4862/817/4862 4802/739/4797 4801/738/4796
f 4862/817/4862 4863/820/4864 4803/740/4798 4802/739/4797
f 4863/820/4864 4864/828/4872 4804/744/4802 4803/740/4798
f 4864/828/4872 4865/830/4874 4805/745/4803 4804/744/4802
f 4865/830/4874 4866/832/4876 4806/746/4804 4805/745/4803
f 4866/832/4876 4855/825/4869 4795/743/4801 4806/746/4804
f 4855/825/4869 4856/821/4865 4796/741/4799 4795/743/4801
f 4775/714/4776 4776/716/4778 4764/748/4748 4763/754/4747
f 4739/658/4728 4740/660/4730 4728/696/4763 4727/702/4768
f 4899/647/4885 4911/648/4886 4912/649/4887 4900/650/4888
f 4900/650/4888 4912/649/4887 4913/651/4889 4901/652/4890
f 4901/652/4890 4913/651/4889 4914/653/4891 4902/654/4892
f 4906/655/4893 4918/656/4894 4919/657/4895 4907/658/4896
f 4919/657/4895 4920/659/4897 4908/660/4898 4907/658/4896
f 4920/659/4897 4921/661/4899 4909/662/4900 4908/660/4898
f 4921/663/4899 4922/664/4901 4910/665/4902 4909/666/4900
f 4922/664/4901 4923/667/4903 4911/648/4886 4910/665/4902
f 4902/654/4892 4914/653/4891 4903/668/4904 4891/669/4905
f 4904/670/4906 4916/671/4907 4917/672/4908 4905/673/4909
f 4905/673/4909 4917/672/4908 4918/656/4894 4906/655/4893
f 4903/668/4904 4915/674/4910 4916/671/4907 4904/670/4906
f 4911/648/4886 4923/667/4903 4924/675/4911 4912/649/4887
f 4912/649/4887 4924/675/4911 4925/676/4912 4913/651/4889
f 4913/651/4889 4925/676/4912 4926/677/4913 4914/653/4891
f 4918/656/4894 4930/678/4914 4931/679/4915 4919/657/4895
f 4931/679/4915 4932/680/4916 4920/659/4897 4919/657/4895
f 4932/680/4916 4933/681/4917 4921/661/4899 4920/659/4897
f 4933/682/4917 4934/683/4918 4922/664/4901 4921/663/4899
f 4934/683/4918 4935/684/4919 4923/667/4903 4922/664/4901
f 4914/653/4891 4926/677/4913 4915/674/4910 4903/668/4904
f 4916/671/4907 4928/685/4920 4929/686/4921 4917/672/4908
f 4917/672/4908 4929/686/4921 4930/678/4914 4918/656/4894
f 4915/674/4910 4927/687/4922 4928/685/4920 4916/671/4907
f 4923/667/4903 4935/684/4919 4936/688/4923 4924/675/4911
f 4924/675/4911 4936/688/4923 4937/689/4924 4925/676/4912
f 4925/676/4912 4937/689/4924 4938/690/4925 4926/677/4913
f 5052/691/4926 5053/692/4927 5041/693/4928 5040/694/4929
f 4908/660/4898 4909/662/4900 4897/695/4930 4896/696/4931
f 4909/666/4900 4910/665/4902 4898/697/4932 4897/698/4930
f 4910/665/4902 4911/648/4886 4899/647/4885 4898/697/4932
f 4891/669/4905 4903/668/4904 4904/670/4906 4892/699/4933
f 4926/677/4913 4938/690/4925 4927/687/4922 4915/674/4910
f 4893/700/4934 4905/673/4909 4906/655/4893 4894/701/4935
f 4894/701/4935 4906/655/4893 4907/658/4896 4895/702/4936
f 4892/699/4933 4904/670/4906 4905/673/4909 4893/700/4934
f 4935/703/4919 4947/704/4937 4948/705/4938 4936/706/4923
f 4936/706/4923 4948/705/4938 4949/707/4939 4937/708/4924
f 4937/708/4924 4949/707/4939 4950/709/4940 4938/710/4925
f 4942/711/4941 4954/712/4942 4955/713/4943 4943/714/4944
f 4955/713/4943 4956/715/4945 4944/716/4946 4943/714/4944
f 4956/715/4945 4957/717/4947 4945/718/4948 4944/716/4946
f 4957/719/4947 4958/720/4949 4946/721/4950 4945/722/4948
f 4958/720/4949 4959/723/4951 4947/704/4937 4946/721/4950
f 4938/710/4925 4950/709/4940 4939/724/4952 4927/725/4922
f 4940/726/4953 4952/727/4954 4953/728/4955 4941/729/4956
f 4941/729/4956 4953/728/4955 4954/712/4942 4942/711/4941
f 4939/724/4952 4951/730/4957 4952/727/4954 4940/726/4953
f 4947/704/4937 4959/723/4951 4960/731/4958 4948/705/4938
f 4948/705/4938 4960/731/4958 4961/732/4959 4949/707/4939
f 4949/707/4939 4961/732/4959 4962/733/4960 4950/709/4940
f 4954/712/4942 4966/734/4961 4967/735/4962 4955/713/4943
f 4967/735/4962 4968/736/4963 4956/715/4945 4955/713/4943
f 4968/736/4963 4969/737/4964 4957/717/4947 4956/715/4945
f 4969/738/4964 4970/739/4965 4958/720/4949 4957/719/4947
f 4970/739/4965 4971/740/4966 4959/723/4951 4958/720/4949
f 4950/709/4940 4962/733/4960 4951/730/4957 4939/724/4952
f 4952/727/4954 4964/741/4967 4965/742/4968 4953/728/4955
f 4953/728/4955 4965/742/4968 4966/734/4961 4954/712/4942
f 4951/730/4957 4963/743/4969 4964/741/4967 4952/727/4954
f 4959/723/4951 4971/740/4966 4972/744/4970 4960/731/4958
f 4960/731/4958 4972/744/4970 4973/745/4971 4961/732/4959
f 4961/732/4959 4973/745/4971 4974/746/4972 4962/733/4960
f 4944/716/4946 4945/718/4948 4933/747/4917 4932/748/4916
f 4945/722/4948 4946/721/4950 4934/749/4918 4933/750/4917
f 4946/721/4950 4947/704/4937 4935/703/4919 4934/749/4918
f 4927/725/4922 4939/724/4952 4940/726/4953 4928/751/4920
f 4962/733/4960 4974/746/4972 4963/743/4969 4951/730/4957
f 4929/752/4921 4941/729/4956 4942/711/4941 4930/753/4914
f 4930/753/4914 4942/711/4941 4943/714/4944 4931/754/4915
f 4928/751/4920 4940/726/4953 4941/729/4956 4929/752/4921
f 4983/755/4973 4995/756/4974 4996/757/4975 4984/758/4976
f 5047/759/4977 4975/760/4978 4976/761/4979 5048/762/4980
f 4985/763/4981 4997/764/4982 4998/765/4983 4986/766/4984
f 5049/767/4985 4977/768/4986 4978/769/4987 5050/770/4988
f 5052/691/4926 4980/771/4989 4981/772/4990 5053/692/4927
f 4979/773/4991 4980/771/4989 5052/691/4926 5051/774/4992
f 5054/775/4993 4982/776/4994 4983/755/4973 5055/777/4995
f 4981/778/4990 4982/776/4994 5054/775/4993 5053/779/4927
f 5048/762/4980 4976/761/4979 4977/768/4986 5049/767/4985
f 5055/777/4995 4983/755/4973 4984/758/4976 5056/780/4996
f 5050/770/4988 4978/769/4987 4979/773/4991 5051/774/4992
f 5056/780/4996 4984/758/4976 4985/763/4981 5057/781/4997
f 4995/756/4974 5007/782/4998 5008/783/4999 4996/757/4975
f 4996/757/4975 5008/783/4999 5009/784/5000 4997/764/4982
f 4997/764/4982 5009/784/5000 5010/785/5001 4998/765/4983
f 5002/786/5002 5014/787/5003 5015/788/5004 5003/789/5005
f 5015/788/5004 5016/790/5006 5004/791/5007 5003/789/5005
f 5016/790/5006 5017/792/5008 5005/793/5009 5004/791/5007
f 5017/794/5008 5018/795/5010 5006/796/5011 5005/797/5009
f 5018/795/5010 5019/798/5012 5007/782/4998 5006/796/5011
f 4998/765/4983 5010/785/5001 4999/799/5013 4987/800/5014
f 5000/801/5015 5012/802/5016 5013/803/5017 5001/804/5018
f 5001/804/5018 5013/803/5017 5014/787/5003 5002/786/5002
f 4999/799/5013 5011/805/5019 5012/802/5016 5000/801/5015
f 5007/782/4998 5019/798/5012 5020/806/5020 5008/783/4999
f 5008/783/4999 5020/806/5020 5021/807/5021 5009/784/5000
f 5009/784/5000 5021/807/5021 5022/808/5022 5010/785/5001
f 5026/809/5023 5038/810/5024 5039/811/5025 5027/812/5026
f 5039/811/5025 5040/694/4929 5028/813/5027 5027/812/5026
f 5040/694/4929 5041/693/4928 5029/814/5028 5028/813/5027
f 5041/815/4928 5042/816/5029 5030/817/5030 5029/818/5028
f 5042/816/5029 5043/819/5031 5031/820/5032 5030/817/5030
f 5010/785/5001 5022/808/5022 5011/805/5019 4999/799/5013
f 5024/821/5033 5036/822/5034 5037/823/5035 5025/824/5036
f 5025/824/5036 5037/823/5035 5038/810/5024 5026/809/5023
f 5023/825/5037 5035/826/5038 5036/822/5034 5024/821/5033
f 5031/820/5032 5043/819/5031 5044/827/5039 5032/828/5040
f 5032/828/5040 5044/827/5039 5045/829/5041 5033/830/5042
f 5033/830/5042 5045/829/5041 5046/831/5043 5034/832/5044
f 5051/774/4992 5052/691/4926 5040/694/4929 5039/811/5025
f 5054/775/4993 5055/777/4995 5043/819/5031 5042/816/5029
f 5053/779/4927 5054/775/4993 5042/816/5029 5041/815/4928
f 5044/827/5039 5056/780/4996 5057/781/4997 5045/829/5041
f 5034/832/5044 5046/831/5043 5035/826/5038 5023/825/5037
f 5036/822/5034 5048/762/4980 5049/767/4985 5037/823/5035
f 5037/823/5035 5049/767/4985 5050/770/4988 5038/810/5024
f 5035/826/5038 5047/759/4977 5048/762/4980 5036/822/5034
f 5043/819/5031 5055/777/4995 5056/780/4996 5044/827/5039
f 5038/810/5024 5050/770/4988 5051/774/4992 5039/811/5025
f 5045/829/5041 5057/781/4997 5058/833/5045 5046/831/5043
f 4977/768/4986 4989/834/5046 4990/835/5047 4978/769/4987
f 4992/836/5048 4993/837/5049 4981/772/4990 4980/771/4989
f 4991/838/5050 4992/836/5048 4980/771/4989 4979/773/4991
f 4994/839/5051 4995/756/4974 4983/755/4973 4982/776/4994
f 4993/840/5049 4994/839/5051 4982/776/4994 4981/778/4990
f 5046/831/5043 5058/833/5045 5047/759/4977 5035/826/5038
f 4975/760/4978 4987/800/5014 4988/841/5052 4976/761/4979
f 4978/769/4987 4990/835/5047 4991/838/5050 4979/773/4991
f 4976/761/4979 4988/841/5052 4989/834/5046 4977/768/4986
f 4984/758/4976 4996/757/4975 4997/764/4982 4985/763/4981
f 4986/766/4984 4998/765/4983 4987/800/5014 4975/760/4978
f 5057/781/4997 4985/763/4981 4986/766/4984 5058/833/5045
f 4989/834/5046 5001/804/5018 5002/786/5002 4990/835/5047
f 5004/791/5007 5005/793/5009 4993/837/5049 4992/836/5048
f 5003/789/5005 5004/791/5007 4992/836/5048 4991/838/5050
f 5006/796/5011 5007/782/4998 4995/756/4974 4994/839/5051
f 5005/797/5009 5006/796/5011 4994/839/5051 4993/840/5049
f 5058/833/5045 4986/766/4984 4975/760/4978 5047/759/4977
f 4987/800/5014 4999/799/5013 5000/801/5015 4988/841/5052
f 4990/835/5047 5002/786/5002 5003/789/5005 4991/838/5050
f 4988/841/5052 5000/801/5015 5001/804/5018 4989/834/5046
f 5011/805/5019 5022/808/5022 4902/654/4892 4891/669/4905
f 5022/808/5022 5021/807/5021 4901/652/4890 4902/654/4892
f 5021/807/5021 5020/806/5020 4900/650/4888 4901/652/4890
f 5020/806/5020 5019/798/5012 4899/647/4885 4900/650/4888
f 5019/798/5012 5018/795/5010 4898/697/4932 4899/647/4885
f 5018/795/5010 5017/794/5008 4897/698/4930 4898/697/4932
f 5017/792/5008 5016/790/5006 4896/696/4931 4897/695/4930
f 5016/790/5006 5015/788/5004 4895/702/4936 4896/696/4931
f 5015/788/5004 5014/787/5003 4894/701/4935 4895/702/4936
f 5014/787/5003 5013/803/5017 4893/700/4934 4894/701/4935
f 5013/803/5017 5012/802/5016 4892/699/4933 4893/700/4934
f 5012/802/5016 5011/805/5019 4891/669/4905 4892/699/4933
f 5024/821/5033 5025/824/5036 4965/742/4968 4964/741/4967
f 5025/824/5036 5026/809/5023 4966/734/4961 4965/742/4968
f 5026/809/5023 5027/812/5026 4967/735/4962 4966/734/4961
f 5027/812/5026 5028/813/5027 4968/736/4963 4967/735/4962
f 5028/813/5027 5029/814/5028 4969/737/4964 4968/736/4963
f 5029/818/5028 5030/817/5030 4970/739/4965 4969/738/4964
f 5030/817/5030 5031/820/5032 4971/740/4966 4970/739/4965
f 5031/820/5032 5032/828/5040 4972/744/4970 4971/740/4966
f 5032/828/5040 5033/830/5042 4973/745/4971 4972/744/4970
f 5033/830/5042 5034/832/5044 4974/746/4972 4973/745/4971
f 5034/832/5044 5023/825/5037 4963/743/4969 4974/746/4972
f 5023/825/5037 5024/821/5033 4964/741/4967 4963/743/4969
f 4943/714/4944 4944/716/4946 4932/748/4916 4931/754/4915
f 4907/658/4896 4908/660/4898 4896/696/4931 4895/702/4936
f 5067/647/5053 5079/648/5054 5080/649/5055 5068/650/5056
f 5068/650/5056 5080/649/5055 5081/651/5057 5069/652/5058
f 5069/652/5058 5081/651/5057 5082/653/5059 5070/654/5060
f 5074/655/5061 5086/656/5062 5087/657/5063 5075/658/5064
f 5087/657/5063 5088/659/5065 5076/660/5066 5075/658/5064
f 5088/659/5065 5089/661/5067 5077/662/5068 5076/660/5066
f 5089/663/5067 5090/664/5069 5078/665/5070 5077/666/5068
f 5090/664/5069 5091/667/5071 5079/648/5054 5078/665/5070
f 5070/654/5060 5082/653/5059 5071/668/5072 5059/669/5073
f 5072/670/5074 5084/671/5075 5085/672/5076 5073/673/5077
f 5073/673/5077 5085/672/5076 5086/656/5062 5074/655/5061
f 5071/668/5072 5083/674/5078 5084/671/5075 5072/670/5074
f 5079/648/5054 5091/667/5071 5092/675/5079 5080/649/5055
f 5080/649/5055 5092/675/5079 5093/676/5080 5081/651/5057
f 5081/651/5057 5093/676/5080 5094/677/5081 5082/653/5059
f 5086/656/5062 5098/678/5082 5099/679/5083 5087/657/5063
f 5099/679/5083 5100/680/5084 5088/659/5065 5087/657/5063
f 5100/680/5084 5101/681/5085 5089/661/5067 5088/659/5065
f 5101/682/5085 5102/683/5086 5090/664/5069 5089/663/5067
f 5102/683/5086 5103/684/5087 5091/667/5071 5090/664/5069
f 5082/653/5059 5094/677/5081 5083/674/5078 5071/668/5072
f 5084/671/5075 5096/685/5088 5097/686/5089 5085/672/5076
f 5085/672/5076 5097/686/5089 5098/678/5082 5086/656/5062
f 5083/674/5078 5095/687/5090 5096/685/5088 5084/671/5075
f 5091/667/5071 5103/684/5087 5104/688/5091 5092/675/5079
f 5092/675/5079 5104/688/5091 5105/689/5092 5093/676/5080
f 5093/676/5080 5105/689/5092 5106/690/5093 5094/677/5081
f 5220/691/5094 5221/692/5095 5209/693/5096 5208/694/5097
f 5076/660/5066 5077/662/5068 5065/695/5098 5064/696/5099
f 5077/666/5068 5078/665/5070 5066/697/5100 5065/698/5098
f 5078/665/5070 5079/648/5054 5067/647/5053 5066/697/5100
f 5059/669/5073 5071/668/5072 5072/670/5074 5060/699/5101
f 5094/677/5081 5106/690/5093 5095/687/5090 5083/674/5078
f 5061/700/5102 5073/673/5077 5074/655/5061 5062/701/5103
f 5062/701/5103 5074/655/5061 5075/658/5064 5063/702/5104
f 5060/699/5101 5072/670/5074 5073/673/5077 5061/700/5102
f 5103/703/5087 5115/704/5105 5116/705/5106 5104/706/5091
f 5104/706/5091 5116/705/5106 5117/707/5107 5105/708/5092
f 5105/708/5092 5117/707/5107 5118/709/5108 5106/710/5093
f 5110/711/5109 5122/712/5110 5123/713/5111 5111/714/5112
f 5123/713/5111 5124/715/5113 5112/716/5114 5111/714/5112
f 5124/715/5113 5125/717/5115 5113/718/5116 5112/716/5114
f 5125/719/5115 5126/720/5117 5114/721/5118 5113/722/5116
f 5126/720/5117 5127/723/5119 5115/704/5105 5114/721/5118
f 5106/710/5093 5118/709/5108 5107/724/5120 5095/725/5090
f 5108/726/5121 5120/727/5122 5121/728/5123 5109/729/5124
f 5109/729/5124 5121/728/5123 5122/712/5110 5110/711/5109
f 5107/724/5120 5119/730/5125 5120/727/5122 5108/726/5121
f 5115/704/5105 5127/723/5119 5128/731/5126 5116/705/5106
f 5116/705/5106 5128/731/5126 5129/732/5127 5117/707/5107
f 5117/707/5107 5129/732/5127 5130/733/5128 5118/709/5108
f 5122/712/5110 5134/734/5129 5135/735/5130 5123/713/5111
f 5135/735/5130 5136/736/5131 5124/715/5113 5123/713/5111
f 5136/736/5131 5137/737/5132 5125/717/5115 5124/715/5113
f 5137/738/5132 5138/739/5133 5126/720/5117 5125/719/5115
f 5138/739/5133 5139/740/5134 5127/723/5119 5126/720/5117
f 5118/709/5108 5130/733/5128 5119/730/5125 5107/724/5120
f 5120/727/5122 5132/741/5135 5133/742/5136 5121/728/5123
f 5121/728/5123 5133/742/5136 5134/734/5129 5122/712/5110
f 5119/730/5125 5131/743/5137 5132/741/5135 5120/727/5122
f 5127/723/5119 5139/740/5134 5140/744/5138 5128/731/5126
f 5128/731/5126 5140/744/5138 5141/745/5139 5129/732/5127
f 5129/732/5127 5141/745/5139 5142/746/5140 5130/733/5128
f 5112/716/5114 5113/718/5116 5101/747/5085 5100/748/5084
f 5113/722/5116 5114/721/5118 5102/749/5086 5101/750/5085
f 5114/721/5118 5115/704/5105 5103/703/5087 5102/749/5086
f 5095/725/5090 5107/724/5120 5108/726/5121 5096/751/5088
f 5130/733/5128 5142/746/5140 5131/743/5137 5119/730/5125
f 5097/752/5089 5109/729/5124 5110/711/5109 5098/753/5082
f 5098/753/5082 5110/711/5109 5111/714/5112 5099/754/5083
f 5096/751/5088 5108/726/5121 5109/729/5124 5097/752/5089
f 5151/755/5141 5163/756/5142 5164/757/5143 5152/758/5144
f 5215/759/5145 5143/760/5146 5144/761/5147 5216/762/5148
f 5153/763/5149 5165/764/5150 5166/765/5151 5154/766/5152
f 5217/767/5153 5145/768/5154 5146/769/5155 5218/770/5156
f 5220/691/5094 5148/771/5157 5149/772/5158 5221/692/5095
f 5147/773/5159 5148/771/5157 5220/691/5094 5219/774/5160
f 5222/775/5161 5150/776/5162 5151/755/5141 5223/777/5163
f 5149/778/5158 5150/776/5162 5222/775/5161 5221/779/5095
f 5216/762/5148 5144/761/5147 5145/768/5154 5217/767/5153
f 5223/777/5163 5151/755/5141 5152/758/5144 5224/780/5164
f 5218/770/5156 5146/769/5155 5147/773/5159 5219/774/5160
f 5224/780/5164 5152/758/5144 5153/763/5149 5225/781/5165
f 5163/756/5142 5175/782/5166 5176/783/5167 5164/757/5143
f 5164/757/5143 5176/783/5167 5177/784/5168 5165/764/5150
f 5165/764/5150 5177/784/5168 5178/785/5169 5166/765/5151
f 5170/786/5170 5182/787/5171 5183/788/5172 5171/789/5173
f 5183/788/5172 5184/790/5174 5172/791/5175 5171/789/5173
f 5184/790/5174 5185/792/5176 5173/793/5177 5172/791/5175
f 5185/794/5176 5186/795/5178 5174/796/5179 5173/797/5177
f 5186/795/5178 5187/798/5180 5175/782/5166 5174/796/5179
f 5166/765/5151 5178/785/5169 5167/799/5181 5155/800/5182
f 5168/801/5183 5180/802/5184 5181/803/5185 5169/804/5186
f 5169/804/5186 5181/803/5185 5182/787/5171 5170/786/5170
f 5167/799/5181 5179/805/5187 5180/802/5184 5168/801/5183
f 5175/782/5166 5187/798/5180 5188/806/5188 5176/783/5167
f 5176/783/5167 5188/806/5188 5189/807/5189 5177/784/5168
f 5177/784/5168 5189/807/5189 5190/808/5190 5178/785/5169
f 5194/809/5191 5206/810/5192 5207/811/5193 5195/812/5194
f 5207/811/5193 5208/694/5097 5196/813/5195 5195/812/5194
f 5208/694/5097 5209/693/5096 5197/814/5196 5196/813/5195
f 5209/815/5096 5210/816/5197 5198/817/5198 5197/818/5196
f 5210/816/5197 5211/819/5199 5199/820/5200 5198/817/5198
f 5178/785/5169 5190/808/5190 5179/805/5187 5167/799/5181
f 5192/821/5201 5204/822/5202 5205/823/5203 5193/824/5204
f 5193/824/5204 5205/823/5203 5206/810/5192 5194/809/5191
f 5191/825/5205 5203/826/5206 5204/822/5202 5192/821/5201
f 5199/820/5200 5211/819/5199 5212/827/5207 5200/828/5208
f 5200/828/5208 5212/827/5207 5213/829/5209 5201/830/5210
f 5201/830/5210 5213/829/5209 5214/831/5211 5202/832/5212
f 5219/774/5160 5220/691/5094 5208/694/5097 5207/811/5193
f 5222/775/5161 5223/777/5163 5211/819/5199 5210/816/5197
f 5221/779/5095 5222/775/5161 5210/816/5197 5209/815/5096
f 5212/827/5207 5224/780/5164 5225/781/5165 5213/829/5209
f 5202/832/5212 5214/831/5211 5203/826/5206 5191/825/5205
f 5204/822/5202 5216/762/5148 5217/767/5153 5205/823/5203
f 5205/823/5203 5217/767/5153 5218/770/5156 5206/810/5192
f 5203/826/5206 5215/759/5145 5216/762/5148 5204/822/5202
f 5211/819/5199 5223/777/5163 5224/780/5164 5212/827/5207
f 5206/810/5192 5218/770/5156 5219/774/5160 5207/811/5193
f 5213/829/5209 5225/781/5165 5226/833/5213 5214/831/5211
f 5145/768/5154 5157/834/5214 5158/835/5215 5146/769/5155
f 5160/836/5216 5161/837/5217 5149/772/5158 5148/771/5157
f 5159/838/5218 5160/836/5216 5148/771/5157 5147/773/5159
f 5162/839/5219 5163/756/5142 5151/755/5141 5150/776/5162
f 5161/840/5217 5162/839/5219 5150/776/5162 5149/778/5158
f 5214/831/5211 5226/833/5213 5215/759/5145 5203/826/5206
f 5143/760/5146 5155/800/5182 5156/841/5220 5144/761/5147
f 5146/769/5155 5158/835/5215 5159/838/5218 5147/773/5159
f 5144/761/5147 5156/841/5220 5157/834/5214 5145/768/5154
f 5152/758/5144 5164/757/5143 5165/764/5150 5153/763/5149
f 5154/766/5152 5166/765/5151 5155/800/5182 5143/760/5146
f 5225/781/5165 5153/763/5149 5154/766/5152 5226/833/5213
f 5157/834/5214 5169/804/5186 5170/786/5170 5158/835/5215
f 5172/791/5175 5173/793/5177 5161/837/5217 5160/836/5216
f 5171/789/5173 5172/791/5175 5160/836/5216 5159/838/5218
f 5174/796/5179 5175/782/5166 5163/756/5142 5162/839/5219
f 5173/797/5177 5174/796/5179 5162/839/5219 5161/840/5217
f 5226/833/5213 5154/766/5152 5143/760/5146 5215/759/5145
f 5155/800/5182 5167/799/5181 5168/801/5183 5156/841/5220
f 5158/835/5215 5170/786/5170 5171/789/5173 5159/838/5218
f 5156/841/5220 5168/801/5183 5169/804/5186 5157/834/5214
f 5179/805/5187 5190/808/5190 5070/654/5060 5059/669/5073
f 5190/808/5190 5189/807/5189 5069/652/5058 5070/654/5060
f 5189/807/5189 5188/806/5188 5068/650/5056 5069/652/5058
f 5188/806/5188 5187/798/5180 5067/647/5053 5068/650/5056
f 5187/798/5180 5186/795/5178 5066/697/5100 5067/647/5053
f 5186/795/5178 5185/794/5176 5065/698/5098 5066/697/5100
f 5185/792/5176 5184/790/5174 5064/696/5099 5065/695/5098
f 5184/790/5174 5183/788/5172 5063/702/5104 5064/696/5099
f 5183/788/5172 5182/787/5171 5062/701/5103 5063/702/5104
f 5182/787/5171 5181/803/5185 5061/700/5102 5062/701/5103
f 5181/803/5185 5180/802/5184 5060/699/5101 5061/700/5102
f 5180/802/5184 5179/805/5187 5059/669/5073 5060/699/5101
f 5192/821/5201 5193/824/5204 5133/742/5136 5132/741/5135
f 5193/824/5204 5194/809/5191 5134/734/5129 5133/742/5136
f 5194/809/5191 5195/812/5194 5135/735/5130 5134/734/5129
f 5195/812/5194 5196/813/5195 5136/736/5131 5135/735/5130
f 5196/813/5195 5197/814/5196 5137/737/5132 5136/736/5131
f 5197/818/5196 5198/817/5198 5138/739/5133 5137/738/5132
f 5198/817/5198 5199/820/5200 5139/740/5134 5138/739/5133
f 5199/820/5200 5200/828/5208 5140/744/5138 5139/740/5134
f 5200/828/5208 5201/830/5210 5141/745/5139 5140/744/5138
f 5201/830/5210 5202/832/5212 5142/746/5140 5141/745/5139
f 5202/832/5212 5191/825/5205 5131/743/5137 5142/746/5140
f 5191/825/5205 5192/821/5201 5132/741/5135 5131/743/5137
f 5111/714/5112 5112/716/5114 5100/748/5084 5099/754/5083
f 5075/658/5064 5076/660/5066 5064/696/5099 5063/702/5104
f 5235/647/5221 5247/648/5222 5248/649/5223 5236/650/5224
f 5236/650/5224 5248/649/5223 5249/651/5225 5237/652/5226
f 5237/652/5226 5249/651/5225 5250/653/5227 5238/654/5228
f 5242/655/5229 5254/656/5230 5255/657/5231 5243/658/5232
f 5255/657/5231 5256/659/5233 5244/660/5234 5243/658/5232
f 5256/659/5233 5257/661/5235 5245/662/5236 5244/660/5234
f 5257/663/5235 5258/664/5237 5246/665/5238 5245/666/5236
f 5258/664/5237 5259/667/5239 5247/648/5222 5246/665/5238
f 5238/654/5228 5250/653/5227 5239/668/5240 5227/669/5241
f 5240/670/5242 5252/671/5243 5253/672/5244 5241/673/5245
f 5241/673/5245 5253/672/5244 5254/656/5230 5242/655/5229
f 5239/668/5240 5251/674/5246 5252/671/5243 5240/670/5242
f 5247/648/5222 5259/667/5239 5260/675/5247 5248/649/5223
f 5248/649/5223 5260/675/5247 5261/676/5248 5249/651/5225
f 5249/651/5225 5261/676/5248 5262/677/5249 5250/653/5227
f 5254/656/5230 5266/678/5250 5267/679/5251 5255/657/5231
f 5267/679/5251 5268/680/5252 5256/659/5233 5255/657/5231
f 5268/680/5252 5269/681/5253 5257/661/5235 5256/659/5233
f 5269/682/5253 5270/683/5254 5258/664/5237 5257/663/5235
f 5270/683/5254 5271/684/5255 5259/667/5239 5258/664/5237
f 5250/653/5227 5262/677/5249 5251/674/5246 5239/668/5240
f 5252/671/5243 5264/685/5256 5265/686/5257 5253/672/5244
f 5253/672/5244 5265/686/5257 5266/678/5250 5254/656/5230
f 5251/674/5246 5263/687/5258 5264/685/5256 5252/671/5243
f 5259/667/5239 5271/684/5255 5272/688/5259 5260/675/5247
f 5260/675/5247 5272/688/5259 5273/689/5260 5261/676/5248
f 5261/676/5248 5273/689/5260 5274/690/5261 5262/677/5249
f 5388/691/5262 5389/692/5263 5377/693/5264 5376/694/5265
f 5244/660/5234 5245/662/5236 5233/695/5266 5232/696/5267
f 5245/666/5236 5246/665/5238 5234/697/5268 5233/698/5266
f 5246/665/5238 5247/648/5222 5235/647/5221 5234/697/5268
f 5227/669/5241 5239/668/5240 5240/670/5242 5228/699/5269
f 5262/677/5249 5274/690/5261 5263/687/5258 5251/674/5246
f 5229/700/5270 5241/673/5245 5242/655/5229 5230/701/5271
f 5230/701/5271 5242/655/5229 5243/658/5232 5231/702/5272
f 5228/699/5269 5240/670/5242 5241/673/5245 5229/700/5270
f 5271/703/5255 5283/704/5273 5284/705/5274 5272/706/5259
f 5272/706/5259 5284/705/5274 5285/707/5275 5273/708/5260
f 5273/708/5260 5285/707/5275 5286/709/5276 5274/710/5261
f 5278/711/5277 5290/712/5278 5291/713/5279 5279/714/5280
f 5291/713/5279 5292/715/5281 5280/716/5282 5279/714/5280
f 5292/715/5281 5293/717/5283 5281/718/5284 5280/716/5282
f 5293/719/5283 5294/720/5285 5282/721/5286 5281/722/5284
f 5294/720/5285 5295/723/5287 5283/704/5273 5282/721/5286
f 5274/710/5261 5286/709/5276 5275/724/5288 5263/725/5258
f 5276/726/5289 5288/727/5290 5289/728/5291 5277/729/5292
f 5277/729/5292 5289/728/5291 5290/712/5278 5278/711/5277
f 5275/724/5288 5287/730/5293 5288/727/5290 5276/726/5289
f 5283/704/5273 5295/723/5287 5296/731/5294 5284/705/5274
f 5284/705/5274 5296/731/5294 5297/732/5295 5285/707/5275
f 5285/707/5275 5297/732/5295 5298/733/5296 5286/709/5276
f 5290/712/5278 5302/734/5297 5303/735/5298 5291/713/5279
f 5303/735/5298 5304/736/5299 5292/715/5281 5291/713/5279
f 5304/736/5299 5305/737/5300 5293/717/5283 5292/715/5281
f 5305/738/5300 5306/739/5301 5294/720/5285 5293/719/5283
f 5306/739/5301 5307/740/5302 5295/723/5287 5294/720/5285
f 5286/709/5276 5298/733/5296 5287/730/5293 5275/724/5288
f 5288/727/5290 5300/741/5303 5301/742/5304 5289/728/5291
f 5289/728/5291 5301/742/5304 5302/734/5297 5290/712/5278
f 5287/730/5293 5299/743/5305 5300/741/5303 5288/727/5290
f 5295/723/5287 5307/740/5302 5308/744/5306 5296/731/5294
f 5296/731/5294 5308/744/5306 5309/745/5307 5297/732/5295
f 5297/732/5295 5309/745/5307 5310/746/5308 5298/733/5296
f 5280/716/5282 5281/718/5284 5269/747/5253 5268/748/5252
f 5281/722/5284 5282/721/5286 5270/749/5254 5269/750/5253
f 5282/721/5286 5283/704/5273 5271/703/5255 5270/749/5254
f 5263/725/5258 5275/724/5288 5276/726/5289 5264/751/5256
f 5298/733/5296 5310/746/5308 5299/743/5305 5287/730/5293
f 5265/752/5257 5277/729/5292 5278/711/5277 5266/753/5250
f 5266/753/5250 5278/711/5277 5279/714/5280 5267/754/5251
f 5264/751/5256 5276/726/5289 5277/729/5292 5265/752/5257
f 5319/755/5309 5331/756/5310 5332/757/5311 5320/758/5312
f 5383/759/5313 5311/760/5314 5312/761/5315 5384/762/5316
f 5321/763/5317 5333/764/5318 5334/765/5319 5322/766/5320
f 5385/767/5321 5313/768/5322 5314/769/5323 5386/770/5324
f 5388/691/5262 5316/771/5325 5317/772/5326 5389/692/5263
f 5315/773/5327 5316/771/5325 5388/691/5262 5387/774/5328
f 5390/775/5329 5318/776/5330 5319/755/5309 5391/777/5331
f 5317/778/5326 5318/776/5330 5390/775/5329 5389/779/5263
f 5384/762/5316 5312/761/5315 5313/768/5322 5385/767/5321
f 5391/777/5331 5319/755/5309 5320/758/5312 5392/780/5332
f 5386/770/5324 5314/769/5323 5315/773/5327 5387/774/5328
f 5392/780/5332 5320/758/5312 5321/763/5317 5393/781/5333
f 5331/756/5310 5343/782/5334 5344/783/5335 5332/757/5311
f 5332/757/5311 5344/783/5335 5345/784/5336 5333/764/5318
f 5333/764/5318 5345/784/5336 5346/785/5337 5334/765/5319
f 5338/786/5338 5350/787/5339 5351/788/5340 5339/789/5341
f 5351/788/5340 5352/790/5342 5340/791/5343 5339/789/5341
f 5352/790/5342 5353/792/5344 5341/793/5345 5340/791/5343
f 5353/794/5344 5354/795/5346 5342/796/5347 5341/797/5345
f 5354/795/5346 5355/798/5348 5343/782/5334 5342/796/5347
f 5334/765/5319 5346/785/5337 5335/799/5349 5323/800/5350
f 5336/801/5351 5348/802/5352 5349/803/5353 5337/804/5354
f 5337/804/5354 5349/803/5353 5350/787/5339 5338/786/5338
f 5335/799/5349 5347/805/5355 5348/802/5352 5336/801/5351
f 5343/782/5334 5355/798/5348 5356/806/5356 5344/783/5335
f 5344/783/5335 5356/806/5356 5357/807/5357 5345/784/5336
f 5345/784/5336 5357/807/5357 5358/808/5358 5346/785/5337
f 5362/809/5359 5374/810/5360 5375/811/5361 5363/812/5362
f 5375/811/5361 5376/694/5265 5364/813/5363 5363/812/5362
f 5376/694/5265 5377/693/5264 5365/814/5364 5364/813/5363
f 5377/815/5264 5378/816/5365 5366/817/5366 5365/818/5364
f 5378/816/5365 5379/819/5367 5367/820/5368 5366/817/5366
f 5346/785/5337 5358/808/5358 5347/805/5355 5335/799/5349
f 5360/821/5369 5372/822/5370 5373/823/5371 5361/824/5372
f 5361/824/5372 5373/823/5371 5374/810/5360 5362/809/5359
f 5359/825/5373 5371/826/5374 5372/822/5370 5360/821/5369
f 5367/820/5368 5379/819/5367 5380/827/5375 5368/828/5376
f 5368/828/5376 5380/827/5375 5381/829/5377 5369/830/5378
f 5369/830/5378 5381/829/5377 5382/831/5379 5370/832/5380
f 5387/774/5328 5388/691/5262 5376/694/5265 5375/811/5361
f 5390/775/5329 5391/777/5331 5379/819/5367 5378/816/5365
f 5389/779/5263 5390/775/5329 5378/816/5365 5377/815/5264
f 5380/827/5375 5392/780/5332 5393/781/5333 5381/829/5377
f 5370/832/5380 5382/831/5379 5371/826/5374 5359/825/5373
f 5372/822/5370 5384/762/5316 5385/767/5321 5373/823/5371
f 5373/823/5371 5385/767/5321 5386/770/5324 5374/810/5360
f 5371/826/5374 5383/759/5313 5384/762/5316 5372/822/5370
f 5379/819/5367 5391/777/5331 5392/780/5332 5380/827/5375
f 5374/810/5360 5386/770/5324 5387/774/5328 5375/811/5361
f 5381/829/5377 5393/781/5333 5394/833/5381 5382/831/5379
f 5313/768/5322 5325/834/5382 5326/835/5383 5314/769/5323
f 5328/836/5384 5329/837/5385 5317/772/5326 5316/771/5325
f 5327/838/5386 5328/836/5384 5316/771/5325 5315/773/5327
f 5330/839/5387 5331/756/5310 5319/755/5309 5318/776/5330
f 5329/840/5385 5330/839/5387 5318/776/5330 5317/778/5326
f 5382/831/5379 5394/833/5381 5383/759/5313 5371/826/5374
f 5311/760/5314 5323/800/5350 5324/841/5388 5312/761/5315
f 5314/769/5323 5326/835/5383 5327/838/5386 5315/773/5327
f 5312/761/5315 5324/841/5388 5325/834/5382 5313/768/5322
f 5320/758/5312 5332/757/5311 5333/764/5318 5321/763/5317
f 5322/766/5320 5334/765/5319 5323/800/5350 5311/760/5314
f 5393/781/5333 5321/763/5317 5322/766/5320 5394/833/5381
f 5325/834/5382 5337/804/5354 5338/786/5338 5326/835/5383
f 5340/791/5343 5341/793/5345 5329/837/5385 5328/836/5384
f 5339/789/5341 5340/791/5343 5328/836/5384 5327/838/5386
f 5342/796/5347 5343/782/5334 5331/756/5310 5330/839/5387
f 5341/797/5345 5342/796/5347 5330/839/5387 5329/840/5385
f 5394/833/5381 5322/766/5320 5311/760/5314 5383/759/5313
f 5323/800/5350 5335/799/5349 5336/801/5351 5324/841/5388
f 5326/835/5383 5338/786/5338 5339/789/5341 5327/838/5386
f 5324/841/5388 5336/801/5351 5337/804/5354 5325/834/5382
f 5347/805/5355 5358/808/5358 5238/654/5228 5227/669/5241
f 5358/808/5358 5357/807/5357 5237/652/5226 5238/654/5228
f 5357/807/5357 5356/806/5356 5236/650/5224 5237/652/5226
f 5356/806/5356 5355/798/5348 5235/647/5221 5236/650/5224
f 5355/798/5348 5354/795/5346 5234/697/5268 5235/647/5221
f 5354/795/5346 5353/794/5344 5233/698/5266 5234/697/5268
f 5353/792/5344 5352/790/5342 5232/696/5267 5233/695/5266
f 5352/790/5342 5351/788/5340 5231/702/5272 5232/696/5267
f 5351/788/5340 5350/787/5339 5230/701/5271 5231/702/5272
f 5350/787/5339 5349/803/5353 5229/700/5270 5230/701/5271
f 5349/803/5353 5348/802/5352 5228/699/5269 5229/700/5270
f 5348/802/5352 5347/805/5355 5227/669/5241 5228/699/5269
f 5360/821/5369 5361/824/5372 5301/742/5304 5300/741/5303
f 5361/824/5372 5362/809/5359 5302/734/5297 5301/742/5304
f 5362/809/5359 5363/812/5362 5303/735/5298 5302/734/5297
f 5363/812/5362 5364/813/5363 5304/736/5299 5303/735/5298
f 5364/813/5363 5365/814/5364 5305/737/5300 5304/736/5299
f 5365/818/5364 5366/817/5366 5306/739/5301 5305/738/5300
f 5366/817/5366 5367/820/5368 5307/740/5302 5306/739/5301
f 5367/820/5368 5368/828/5376 5308/744/5306 5307/740/5302
f 5368/828/5376 5369/830/5378 5309/745/5307 5308/744/5306
f 5369/830/5378 5370/832/5380 5310/746/5308 5309/745/5307
f 5370/832/5380 5359/825/5373 5299/743/5305 5310/746/5308
f 5359/825/5373 5360/821/5369 5300/741/5303 5299/743/5305
f 5279/714/5280 5280/716/5282 5268/748/5252 5267/754/5251
f 5243/658/5232 5244/660/5234 5232/696/5267 5231/702/5272
f 5403/647/5389 5415/648/5390 5416/649/5391 5404/650/5392
f 5404/650/5392 5416/649/5391 5417/651/5393 5405/652/5394
f 5405/652/5394 5417/651/5393 5418/653/5395 5406/654/5396
f 5410/655/5397 5422/656/5398 5423/657/5399 5411/658/5400
f 5423/657/5399 5424/659/5401 5412/660/5402 5411/658/5400
f 5424/659/5401 5425/661/5403 5413/662/5404 5412/660/5402
f 5425/663/5403 5426/664/5405 5414/665/5406 5413/666/5404
f 5426/664/5405 5427/667/5407 5415/648/5390 5414/665/5406
f 5406/654/5396 5418/653/5395 5407/668/5408 5395/669/5409
f 5408/670/5410 5420/671/5411 5421/672/5412 5409/673/5413
f 5409/673/5413 5421/672/5412 5422/656/5398 5410/655/5397
f 5407/668/5408 5419/674/5414 5420/671/5411 5408/670/5410
f 5415/648/5390 5427/667/5407 5428/675/5415 5416/649/5391
f 5416/649/5391 5428/675/5415 5429/676/5416 5417/651/5393
f 5417/651/5393 5429/676/5416 5430/677/5417 5418/653/5395
f 5422/656/5398 5434/678/5418 5435/679/5419 5423/657/5399
f 5435/679/5419 5436/680/5420 5424/659/5401 5423/657/5399
f 5436/680/5420 5437/681/5421 5425/661/5403 5424/659/5401
f 5437/682/5421 5438/683/5422 5426/664/5405 5425/663/5403
f 5438/683/5422 5439/684/5423 5427/667/5407 5426/664/5405
f 5418/653/5395 5430/677/5417 5419/674/5414 5407/668/5408
f 5420/671/5411 5432/685/5424 5433/686/5425 5421/672/5412
f 5421/672/5412 5433/686/5425 5434/678/5418 5422/656/5398
f 5419/674/5414 5431/687/5426 5432/685/5424 5420/671/5411
f 5427/667/5407 5439/684/5423 5440/688/5427 5428/675/5415
f 5428/675/5415 5440/688/5427 5441/689/5428 5429/676/5416
f 5429/676/5416 5441/689/5428 5442/690/5429 5430/677/5417
f 5556/691/5430 5557/692/5431 5545/693/5432 5544/694/5433
f 5412/660/5402 5413/662/5404 5401/695/5434 5400/696/5435
f 5413/666/5404 5414/665/5406 5402/697/5436 5401/698/5434
f 5414/665/5406 5415/648/5390 5403/647/5389 5402/697/5436
f 5395/669/5409 5407/668/5408 5408/670/5410 5396/699/5437
f 5430/677/5417 5442/690/5429 5431/687/5426 5419/674/5414
f 5397/700/5438 5409/673/5413 5410/655/5397 5398/701/5439
f 5398/701/5439 5410/655/5397 5411/658/5400 5399/702/5440
f 5396/699/5437 5408/670/5410 5409/673/5413 5397/700/5438
f 5439/703/5423 5451/704/5441 5452/705/5442 5440/706/5427
f 5440/706/5427 5452/705/5442 5453/707/5443 5441/708/5428
f 5441/708/5428 5453/707/5443 5454/709/5444 5442/710/5429
f 5446/711/5445 5458/712/5446 5459/713/5447 5447/714/5448
f 5459/713/5447 5460/715/5449 5448/716/5450 5447/714/5448
f 5460/715/5449 5461/717/5451 5449/718/5452 5448/716/5450
f 5461/719/5451 5462/720/5453 5450/721/5454 5449/722/5452
f 5462/720/5453 5463/723/5455 5451/704/5441 5450/721/5454
f 5442/710/5429 5454/709/5444 5443/724/5456 5431/725/5426
f 5444/726/5457 5456/727/5458 5457/728/5459 5445/729/5460
f 5445/729/5460 5457/728/5459 5458/712/5446 5446/711/5445
f 5443/724/5456 5455/730/5461 5456/727/5458 5444/726/5457
f 5451/704/5441 5463/723/5455 5464/731/5462 5452/705/5442
f 5452/705/5442 5464/731/5462 5465/732/5463 5453/707/5443
f 5453/707/5443 5465/732/5463 5466/733/5464 5454/709/5444
f 5458/712/5446 5470/734/5465 5471/735/5466 5459/713/5447
f 5471/735/5466 5472/736/5467 5460/715/5449 5459/713/5447
f 5472/736/5467 5473/737/5468 5461/717/5451 5460/715/5449
f 5473/738/5468 5474/739/5469 5462/720/5453 5461/719/5451
f 5474/739/5469 5475/740/5470 5463/723/5455 5462/720/5453
f 5454/709/5444 5466/733/5464 5455/730/5461 5443/724/5456
f 5456/727/5458 5468/741/5471 5469/742/5472 5457/728/5459
f 5457/728/5459 5469/742/5472 5470/734/5465 5458/712/5446
f 5455/730/5461 5467/743/5473 5468/741/5471 5456/727/5458
f 5463/723/5455 5475/740/5470 5476/744/5474 5464/731/5462
f 5464/731/5462 5476/744/5474 5477/745/5475 5465/732/5463
f 5465/732/5463 5477/745/5475 5478/746/5476 5466/733/5464
f 5448/716/5450 5449/718/5452 5437/747/5421 5436/748/5420
f 5449/722/5452 5450/721/5454 5438/749/5422 5437/750/5421
f 5450/721/5454 5451/704/5441 5439/703/5423 5438/749/5422
f 5431/725/5426 5443/724/5456 5444/726/5457 5432/751/5424
f 5466/733/5464 5478/746/5476 5467/743/5473 5455/730/5461
f 5433/752/5425 5445/729/5460 5446/711/5445 5434/753/5418
f 5434/753/5418 5446/711/5445 5447/714/5448 5435/754/5419
f 5432/751/5424 5444/726/5457 5445/729/5460 5433/752/5425
f 5487/755/5477 5499/756/5478 5500/757/5479 5488/758/5480
f 5551/759/5481 5479/760/5482 5480/761/5483 5552/762/5484
f 5489/763/5485 5501/764/5486 5502/765/5487 5490/766/5488
f 5553/767/5489 5481/768/5490 5482/769/5491 5554/770/5492
f 5556/691/5430 5484/771/5493 5485/772/5494 5557/692/5431
f 5483/773/5495 5484/771/5493 5556/691/5430 5555/774/5496
f 5558/775/5497 5486/776/5498 5487/755/5477 5559/777/5499
f 5485/778/5494 5486/776/5498 5558/775/5497 5557/779/5431
f 5552/762/5484 5480/761/5483 5481/768/5490 5553/767/5489
f 5559/777/5499 5487/755/5477 5488/758/5480 5560/780/5500
f 5554/770/5492 5482/769/5491 5483/773/5495 5555/774/5496
f 5560/780/5500 5488/758/5480 5489/763/5485 5561/781/5501
f 5499/756/5478 5511/782/5502 5512/783/5503 5500/757/5479
f 5500/757/5479 5512/783/5503 5513/784/5504 5501/764/5486
f 5501/764/5486 5513/784/5504 5514/785/5505 5502/765/5487
f 5506/786/5506 5518/787/5507 5519/788/5508 5507/789/5509
f 5519/788/5508 5520/790/5510 5508/791/5511 5507/789/5509
f 5520/790/5510 5521/792/5512 5509/793/5513 5508/791/5511
f 5521/794/5512 5522/795/5514 5510/796/5515 5509/797/5513
f 5522/795/5514 5523/798/5516 5511/782/5502 5510/796/5515
f 5502/765/5487 5514/785/5505 5503/799/5517 5491/800/5518
f 5504/801/5519 5516/802/5520 5517/803/5521 5505/804/5522
f 5505/804/5522 5517/803/5521 5518/787/5507 5506/786/5506
f 5503/799/5517 5515/805/5523 5516/802/5520 5504/801/5519
f 5511/782/5502 5523/798/5516 5524/806/5524 5512/783/5503
f 5512/783/5503 5524/806/5524 5525/807/5525 5513/784/5504
f 5513/784/5504 5525/807/5525 5526/808/5526 5514/785/5505
f 5530/809/5527 5542/810/5528 5543/811/5529 5531/812/5530
f 5543/811/5529 5544/694/5433 5532/813/5531 5531/812/5530
f 5544/694/5433 5545/693/5432 5533/814/5532 5532/813/5531
f 5545/815/5432 5546/816/5533 5534/817/5534 5533/818/5532
f 5546/816/5533 5547/819/5535 5535/820/5536 5534/817/5534
f 5514/785/5505 5526/808/5526 5515/805/5523 5503/799/5517
f 5528/821/5537 5540/822/5538 5541/823/5539 5529/824/5540
f 5529/824/5540 5541/823/5539 5542/810/5528 5530/809/5527
f 5527/825/5541 5539/826/5542 5540/822/5538 5528/821/5537
f 5535/820/5536 5547/819/5535 5548/827/5543 5536/828/5544
f 5536/828/5544 5548/827/5543 5549/829/5545 5537/830/5546
f 5537/830/5546 5549/829/5545 5550/831/5547 5538/832/5548
f 5555/774/5496 5556/691/5430 5544/694/5433 5543/811/5529
f 5558/775/5497 5559/777/5499 5547/819/5535 5546/816/5533
f 5557/779/5431 5558/775/5497 5546/816/5533 5545/815/5432
f 5548/827/5543 5560/780/5500 5561/781/5501 5549/829/5545
f 5538/832/5548 5550/831/5547 5539/826/5542 5527/825/5541
f 5540/822/5538 5552/762/5484 5553/767/5489 5541/823/5539
f 5541/823/5539 5553/767/5489 5554/770/5492 5542/810/5528
f 5539/826/5542 5551/759/5481 5552/762/5484 5540/822/5538
f 5547/819/5535 5559/777/5499 5560/780/5500 5548/827/5543
f 5542/810/5528 5554/770/5492 5555/774/5496 5543/811/5529
f 5549/829/5545 5561/781/5501 5562/833/5549 5550/831/5547
f 5481/768/5490 5493/834/5550 5494/835/5551 5482/769/5491
f 5496/836/5552 5497/837/5553 5485/772/5494 5484/771/5493
f 5495/838/5554 5496/836/5552 5484/771/5493 5483/773/5495
f 5498/839/5555 5499/756/5478 5487/755/5477 5486/776/5498
f 5497/840/5553 5498/839/5555 5486/776/5498 5485/778/5494
f 5550/831/5547 5562/833/5549 5551/759/5481 5539/826/5542
f 5479/760/5482 5491/800/5518 5492/841/5556 5480/761/5483
f 5482/769/5491 5494/835/5551 5495/838/5554 5483/773/5495
f 5480/761/5483 5492/841/5556 5493/834/5550 5481/768/5490
f 5488/758/5480 5500/757/5479 5501/764/5486 5489/763/5485
f 5490/766/5488 5502/765/5487 5491/800/5518 5479/760/5482
f 5561/781/5501 5489/763/5485 5490/766/5488 5562/833/5549
f 5493/834/5550 5505/804/5522 5506/786/5506 5494/835/5551
f 5508/791/5511 5509/793/5513 5497/837/5553 5496/836/5552
f 5507/789/5509 5508/791/5511 5496/836/5552 5495/838/5554
f 5510/796/5515 5511/782/5502 5499/756/5478 5498/839/5555
f 5509/797/5513 5510/796/5515 5498/839/5555 5497/840/5553
f 5562/833/5549 5490/766/5488 5479/760/5482 5551/759/5481
f 5491/800/5518 5503/799/5517 5504/801/5519 5492/841/5556
f 5494/835/5551 5506/786/5506 5507/789/5509 5495/838/5554
f 5492/841/5556 5504/801/5519 5505/804/5522 5493/834/5550
f 5515/805/5523 5526/808/5526 5406/654/5396 5395/669/5409
f 5526/808/5526 5525/807/5525 5405/652/5394 5406/654/5396
f 5525/807/5525 5524/806/5524 5404/650/5392 5405/652/5394
f 5524/806/5524 5523/798/5516 5403/647/5389 5404/650/5392
f 5523/798/5516 5522/795/5514 5402/697/5436 5403/647/5389
f 5522/795/5514 5521/794/5512 5401/698/5434 5402/697/5436
f 5521/792/5512 5520/790/5510 5400/696/5435 5401/695/5434
f 5520/790/5510 5519/788/5508 5399/702/5440 5400/696/5435
f 5519/788/5508 5518/787/5507 5398/701/5439 5399/702/5440
f 5518/787/5507 5517/803/5521 5397/700/5438 5398/701/5439
f 5517/803/5521 5516/802/5520 5396/699/5437 5397/700/5438
f 5516/802/5520 5515/805/5523 5395/669/5409 5396/699/5437
f 5528/821/5537 5529/824/5540 5469/742/5472 5468/741/5471
f 5529/824/5540 5530/809/5527 5470/734/5465 5469/742/5472
f 5530/809/5527 5531/812/5530 5471/735/5466 5470/734/5465
f 5531/812/5530 5532/813/5531 5472/736/5467 5471/735/5466
f 5532/813/5531 5533/814/5532 5473/737/5468 5472/736/5467
f 5533/818/5532 5534/817/5534 5474/739/5469 5473/738/5468
f 5534/817/5534 5535/820/5536 5475/740/5470 5474/739/5469
f 5535/820/5536 5536/828/5544 5476/744/5474 5475/740/5470
f 5536/828/5544 5537/830/5546 5477/745/5475 5476/744/5474
f 5537/830/5546 5538/832/5548 5478/746/5476 5477/745/5475
f 5538/832/5548 5527/825/5541 5467/743/5473 5478/746/5476
f 5527/825/5541 5528/821/5537 5468/741/5471 5467/743/5473
f 5447/714/5448 5448/716/5450 5436/748/5420 5435/754/5419
f 5411/658/5400 5412/660/5402 5400/696/5435 5399/702/5440
f 5571/647/5557 5583/648/5558 5584/649/5559 5572/650/5560
f 5572/650/5560 5584/649/5559 5585/651/5561 5573/652/5562
f 5573/652/5562 5585/651/5561 5586/653/5563 5574/654/5564
f 5578/655/5565 5590/656/5566 5591/657/5567 5579/658/5568
f 5591/657/5567 5592/659/5569 5580/660/5570 5579/658/5568
f 5592/659/5569 5593/661/5571 5581/662/5572 5580/660/5570
f 5593/663/5571 5594/664/5573 5582/665/5574 5581/666/5572
f 5594/664/5573 5595/667/5575 5583/648/5558 5582/665/5574
f 5574/654/5564 5586/653/5563 5575/668/5576 5563/669/5577
f 5576/670/5578 5588/671/5579 5589/672/5580 5577/673/5581
f 5577/673/5581 5589/672/5580 5590/656/5566 5578/655/5565
f 5575/668/5576 5587/674/5582 5588/671/5579 5576/670/5578
f 5583/648/5558 5595/667/5575 5596/675/5583 5584/649/5559
f 5584/649/5559 5596/675/5583 5597/676/5584 5585/651/5561
f 5585/651/5561 5597/676/5584 5598/677/5585 5586/653/5563
f 5590/656/5566 5602/678/5586 5603/679/5587 5591/657/5567
f 5603/679/5587 5604/680/5588 5592/659/5569 5591/657/5567
f 5604/680/5588 5605/681/5589 5593/661/5571 5592/659/5569
f 5605/682/5589 5606/683/5590 5594/664/5573 5593/663/5571
f 5606/683/5590 5607/684/5591 5595/667/5575 5594/664/5573
f 5586/653/5563 5598/677/5585 5587/674/5582 5575/668/5576
f 5588/671/5579 5600/685/5095 5601/686/5592 5589/672/5580
f 5589/672/5580 5601/686/5592 5602/678/5586 5590/656/5566
f 5587/674/5582 5599/687/5593 5600/685/5095 5588/671/5579
f 5595/667/5575 5607/684/5591 5608/688/5594 5596/675/5583
f 5596/675/5583 5608/688/5594 5609/689/5595 5597/676/5584
f 5597/676/5584 5609/689/5595 5610/690/5596 5598/677/5585
f 5724/691/5597 5725/692/5598 5713/693/5599 5712/694/5600
f 5580/660/5570 5581/662/5572 5569/695/5601 5568/696/5602
f 5581/666/5572 5582/665/5574 5570/697/5603 5569/698/5601
f 5582/665/5574 5583/648/5558 5571/647/5557 5570/697/5603
f 5563/669/5577 5575/668/5576 5576/670/5578 5564/699/5604
f 5598/677/5585 5610/690/5596 5599/687/5593 5587/674/5582
f 5565/700/5605 5577/673/5581 5578/655/5565 5566/701/5606
f 5566/701/5606 5578/655/5565 5579/658/5568 5567/702/5607
f 5564/699/5604 5576/670/5578 5577/673/5581 5565/700/5605
f 5607/703/5591 5619/704/5608 5620/705/5609 5608/706/5594
f 5608/706/5594 5620/705/5609 5621/707/5610 5609/708/5595
f 5609/708/5595 5621/707/5610 5622/709/5611 5610/710/5596
f 5614/711/5612 5626/712/5613 5627/713/5614 5615/714/5615
f 5627/713/5614 5628/715/5616 5616/716/5617 5615/714/5615
f 5628/715/5616 5629/717/5618 5617/718/5619 5616/716/5617
f 5629/719/5618 5630/720/5620 5618/721/5621 5617/722/5619
f 5630/720/5620 5631/723/5622 5619/704/5608 5618/721/5621
f 5610/710/5596 5622/709/5611 5611/724/5623 5599/725/5593
f 5612/726/5624 5624/727/5625 5625/728/5626 5613/729/5627
f 5613/729/5627 5625/728/5626 5626/712/5613 5614/711/5612
f 5611/724/5623 5623/730/5628 5624/727/5625 5612/726/5624
f 5619/704/5608 5631/723/5622 5632/731/5629 5620/705/5609
f 5620/705/5609 5632/731/5629 5633/732/5630 5621/707/5610
f 5621/707/5610 5633/732/5630 5634/733/5631 5622/709/5611
f 5626/712/5613 5638/734/5632 5639/735/5633 5627/713/5614
f 5639/735/5633 5640/736/5634 5628/715/5616 5627/713/5614
f 5640/736/5634 5641/737/5635 5629/717/5618 5628/715/5616
f 5641/738/5635 5642/739/5636 5630/720/5620 5629/719/5618
f 5642/739/5636 5643/740/5637 5631/723/5622 5630/720/5620
f 5622/709/5611 5634/733/5631 5623/730/5628 5611/724/5623
f 5624/727/5625 5636/741/5638 5637/742/5639 5625/728/5626
f 5625/728/5626 5637/742/5639 5638/734/5632 5626/712/5613
f 5623/730/5628 5635/743/5640 5636/741/5638 5624/727/5625
f 5631/723/5622 5643/740/5637 5644/744/5641 5632/731/5629
f 5632/731/5629 5644/744/5641 5645/745/5642 5633/732/5630
f 5633/732/5630 5645/745/5642 5646/746/5643 5634/733/5631
f 5616/716/5617 5617/718/5619 5605/747/5589 5604/748/5588
f 5617/722/5619 5618/721/5621 5606/749/5590 5605/750/5589
f 5618/721/5621 5619/704/5608 5607/703/5591 5606/749/5590
f 5599/725/5593 5611/724/5623 5612/726/5624 5600/751/5095
f 5634/733/5631 5646/746/5643 5635/743/5640 5623/730/5628
f 5601/752/5592 5613/729/5627 5614/711/5612 5602/753/5586
f 5602/753/5586 5614/711/5612 5615/714/5615 5603/754/5587
f 5600/751/5095 5612/726/5624 5613/729/5627 5601/752/5592
f 5655/755/5644 5667/756/5645 5668/757/5646 5656/758/5647
f 5719/759/5648 5647/760/5649 5648/761/5650 5720/762/5651
f 5657/763/5652 5669/764/5653 5670/765/5654 5658/766/5655
f 5721/767/5656 5649/768/5657 5650/769/5658 5722/770/5659
f 5724/691/5597 5652/771/5660 5653/772/5661 5725/692/5598
f 5651/773/5662 5652/771/5660 5724/691/5597 5723/774/5663
f 5726/775/5664 5654/776/5665 5655/755/5644 5727/777/5666
f 5653/778/5661 5654/776/5665 5726/775/5664 5725/779/5598
f 5720/762/5651 5648/761/5650 5649/768/5657 5721/767/5656
f 5727/777/5666 5655/755/5644 5656/758/5647 5728/780/5667
f 5722/770/5659 5650/769/5658 5651/773/5662 5723/774/5663
f 5728/780/5667 5656/758/5647 5657/763/5652 5729/781/5668
f 5667/756/5645 5679/782/5669 5680/783/5670 5668/757/5646
f 5668/757/5646 5680/783/5670 5681/784/5671 5669/764/5653
f 5669/764/5653 5681/784/5671 5682/785/5672 5670/765/5654
f 5674/786/5673 5686/787/5674 5687/788/5675 5675/789/5676
f 5687/788/5675 5688/790/5677 5676/791/5678 5675/789/5676
f 5688/790/5677 5689/792/5679 5677/793/5680 5676/791/5678
f 5689/794/5679 5690/795/5681 5678/796/5682 5677/797/5680
f 5690/795/5681 5691/798/5683 5679/782/5669 5678/796/5682
f 5670/765/5654 5682/785/5672 5671/799/5684 5659/800/5685
f 5672/801/5686 5684/802/5687 5685/803/5688 5673/804/5689
f 5673/804/5689 5685/803/5688 5686/787/5674 5674/786/5673
f 5671/799/5684 5683/805/5690 5684/802/5687 5672/801/5686
f 5679/782/5669 5691/798/5683 5692/806/5691 5680/783/5670
f 5680/783/5670 5692/806/5691 5693/807/5692 5681/784/5671
f 5681/784/5671 5693/807/5692 5694/808/5693 5682/785/5672
f 5698/809/5694 5710/810/5695 5711/811/5696 5699/812/5697
f 5711/811/5696 5712/694/5600 5700/813/5698 5699/812/5697
f 5712/694/5600 5713/693/5599 5701/814/5699 5700/813/5698
f 5713/815/5599 5714/816/5700 5702/817/5701 5701/818/5699
f 5714/816/5700 5715/819/5702 5703/820/5703 5702/817/5701
f 5682/785/5672 5694/808/5693 5683/805/5690 5671/799/5684
f 5696/821/5704 5708/822/5705 5709/823/5706 5697/824/5707
f 5697/824/5707 5709/823/5706 5710/810/5695 5698/809/5694
f 5695/825/5708 5707/826/5709 5708/822/5705 5696/821/5704
f 5703/820/5703 5715/819/5702 5716/827/5710 5704/828/5711
f 5704/828/5711 5716/827/5710 5717/829/5712 5705/830/5713
f 5705/830/5713 5717/829/5712 5718/831/5714 5706/832/5715
f 5723/774/5663 5724/691/5597 5712/694/5600 5711/811/5696
f 5726/775/5664 5727/777/5666 5715/819/5702 5714/816/5700
f 5725/779/5598 5726/775/5664 5714/816/5700 5713/815/5599
f 5716/827/5710 5728/780/5667 5729/781/5668 5717/829/5712
f 5706/832/5715 5718/831/5714 5707/826/5709 5695/825/5708
f 5708/822/5705 5720/762/5651 5721/767/5656 5709/823/5706
f 5709/823/5706 5721/767/5656 5722/770/5659 5710/810/5695
f 5707/826/5709 5719/759/5648 5720/762/5651 5708/822/5705
f 5715/819/5702 5727/777/5666 5728/780/5667 5716/827/5710
f 5710/810/5695 5722/770/5659 5723/774/5663 5711/811/5696
f 5717/829/5712 5729/781/5668 5730/833/5716 5718/831/5714
f 5649/768/5657 5661/834/5717 5662/835/5718 5650/769/5658
f 5664/836/5719 5665/837/5720 5653/772/5661 5652/771/5660
f 5663/838/5721 5664/836/5719 5652/771/5660 5651/773/5662
f 5666/839/5722 5667/756/5645 5655/755/5644 5654/776/5665
f 5665/840/5720 5666/839/5722 5654/776/5665 5653/778/5661
f 5718/831/5714 5730/833/5716 5719/759/5648 5707/826/5709
f 5647/760/5649 5659/800/5685 5660/841/5723 5648/761/5650
f 5650/769/5658 5662/835/5718 5663/838/5721 5651/773/5662
f 5648/761/5650 5660/841/5723 5661/834/5717 5649/768/5657
f 5656/758/5647 5668/757/5646 5669/764/5653 5657/763/5652
f 5658/766/5655 5670/765/5654 5659/800/5685 5647/760/5649
f 5729/781/5668 5657/763/5652 5658/766/5655 5730/833/5716
f 5661/834/5717 5673/804/5689 5674/786/5673 5662/835/5718
f 5676/791/5678 5677/793/5680 5665/837/5720 5664/836/5719
f 5675/789/5676 5676/791/5678 5664/836/5719 5663/838/5721
f 5678/796/5682 5679/782/5669 5667/756/5645 5666/839/5722
f 5677/797/5680 5678/796/5682 5666/839/5722 5665/840/5720
f 5730/833/5716 5658/766/5655 5647/760/5649 5719/759/5648
f 5659/800/5685 5671/799/5684 5672/801/5686 5660/841/5723
f 5662/835/5718 5674/786/5673 5675/789/5676 5663/838/5721
f 5660/841/5723 5672/801/5686 5673/804/5689 5661/834/5717
f 5683/805/5690 5694/808/5693 5574/654/5564 5563/669/5577
f 5694/808/5693 5693/807/5692 5573/652/5562 5574/654/5564
f 5693/807/5692 5692/806/5691 5572/650/5560 5573/652/5562
f 5692/806/5691 5691/798/5683 5571/647/5557 5572/650/5560
f 5691/798/5683 5690/795/5681 5570/697/5603 5571/647/5557
f 5690/795/5681 5689/794/5679 5569/698/5601 5570/697/5603
f 5689/792/5679 5688/790/5677 5568/696/5602 5569/695/5601
f 5688/790/5677 5687/788/5675 5567/702/5607 5568/696/5602
f 5687/788/5675 5686/787/5674 5566/701/5606 5567/702/5607
f 5686/787/5674 5685/803/5688 5565/700/5605 5566/701/5606
f 5685/803/5688 5684/802/5687 5564/699/5604 5565/700/5605
f 5684/802/5687 5683/805/5690 5563/669/5577 5564/699/5604
f 5696/821/5704 5697/824/5707 5637/742/5639 5636/741/5638
f 5697/824/5707 5698/809/5694 5638/734/5632 5637/742/5639
f 5698/809/5694 5699/812/5697 5639/735/5633 5638/734/5632
f 5699/812/5697 5700/813/5698 5640/736/5634 5639/735/5633
f 5700/813/5698 5701/814/5699 5641/737/5635 5640/736/5634
f 5701/818/5699 5702/817/5701 5642/739/5636 5641/738/5635
f 5702/817/5701 5703/820/5703 5643/740/5637 5642/739/5636
f 5703/820/5703 5704/828/5711 5644/744/5641 5643/740/5637
f 5704/828/5711 5705/830/5713 5645/745/5642 5644/744/5641
f 5705/830/5713 5706/832/5715 5646/746/5643 5645/745/5642
f 5706/832/5715 5695/825/5708 5635/743/5640 5646/746/5643
f 5695/825/5708 5696/821/5704 5636/741/5638 5635/743/5640
f 5615/714/5615 5616/716/5617 5604/748/5588 5603/754/5587
f 5579/658/5568 5580/660/5570 5568/696/5602 5567/702/5607
f 5739/647/5724 5751/648/5725 5752/649/5726 5740/650/5727
f 5740/650/5727 5752/649/5726 5753/651/5728 5741/652/5729
f 5741/652/5729 5753/651/5728 5754/653/5730 5742/654/5731
f 5746/655/5732 5758/656/5733 5759/657/5734 5747/658/5735
f 5759/657/5734 5760/659/5736 5748/660/5737 5747/658/5735
f 5760/659/5736 5761/661/5738 5749/662/5739 5748/660/5737
f 5761/663/5738 5762/664/5740 5750/665/5741 5749/666/5739
f 5762/664/5740 5763/667/5742 5751/648/5725 5750/665/5741
f 5742/654/5731 5754/653/5730 5743/668/5743 5731/669/5744
f 5744/670/5745 5756/671/5746 5757/672/5747 5745/673/5748
f 5745/673/5748 5757/672/5747 5758/656/5733 5746/655/5732
f 5743/668/5743 5755/674/5749 5756/671/5746 5744/670/5745
f 5751/648/5725 5763/667/5742 5764/675/5750 5752/649/5726
f 5752/649/5726 5764/675/5750 5765/676/5751 5753/651/5728
f 5753/651/5728 5765/676/5751 5766/677/5752 5754/653/5730
f 5758/656/5733 5770/678/5753 5771/679/5754 5759/657/5734
f 5771/679/5754 5772/680/5755 5760/659/5736 5759/657/5734
f 5772/680/5755 5773/681/5756 5761/661/5738 5760/659/5736
f 5773/682/5756 5774/683/5757 5762/664/5740 5761/663/5738
f 5774/683/5757 5775/684/5758 5763/667/5742 5762/664/5740
f 5754/653/5730 5766/677/5752 5755/674/5749 5743/668/5743
f 5756/671/5746 5768/685/5759 5769/686/5760 5757/672/5747
f 5757/672/5747 5769/686/5760 5770/678/5753 5758/656/5733
f 5755/674/5749 5767/687/5761 5768/685/5759 5756/671/5746
f 5763/667/5742 5775/684/5758 5776/688/5762 5764/675/5750
f 5764/675/5750 5776/688/5762 5777/689/5763 5765/676/5751
f 5765/676/5751 5777/689/5763 5778/690/5764 5766/677/5752
f 5892/691/5765 5893/692/5766 5881/693/5767 5880/694/5768
f 5748/660/5737 5749/662/5739 5737/695/5769 5736/696/5770
f 5749/666/5739 5750/665/5741 5738/697/5771 5737/698/5769
f 5750/665/5741 5751/648/5725 5739/647/5724 5738/697/5771
f 5731/669/5744 5743/668/5743 5744/670/5745 5732/699/5772
f 5766/677/5752 5778/690/5764 5767/687/5761 5755/674/5749
f 5733/700/5773 5745/673/5748 5746/655/5732 5734/701/5774
f 5734/701/5774 5746/655/5732 5747/658/5735 5735/702/5775
f 5732/699/5772 5744/670/5745 5745/673/5748 5733/700/5773
f 5775/703/5758 5787/704/5776 5788/705/5777 5776/706/5762
f 5776/706/5762 5788/705/5777 5789/707/5778 5777/708/5763
f 5777/708/5763 5789/707/5778 5790/709/5779 5778/710/5764
f 5782/711/5780 5794/712/5781 5795/713/5782 5783/714/5783
f 5795/713/5782 5796/715/5784 5784/716/5785 5783/714/5783
f 5796/715/5784 5797/717/5786 5785/718/5787 5784/716/5785
f 5797/719/5786 5798/720/5788 5786/721/5789 5785/722/5787
f 5798/720/5788 5799/723/5790 5787/704/5776 5786/721/5789
f 5778/710/5764 5790/709/5779 5779/724/5791 5767/725/5761
f 5780/726/5792 5792/727/5793 5793/728/5794 5781/729/5795
f 5781/729/5795 5793/728/5794 5794/712/5781 5782/711/5780
f 5779/724/5791 5791/730/5796 5792/727/5793 5780/726/5792
f 5787/704/5776 5799/723/5790 5800/731/5797 5788/705/5777
f 5788/705/5777 5800/731/5797 5801/732/5798 5789/707/5778
f 5789/707/5778 5801/732/5798 5802/733/5799 5790/709/5779
f 5794/712/5781 5806/734/5800 5807/735/5801 5795/713/5782
f 5807/735/5801 5808/736/5802 5796/715/5784 5795/713/5782
f 5808/736/5802 5809/737/5803 5797/717/5786 5796/715/5784
f 5809/738/5803 5810/739/5804 5798/720/5788 5797/719/5786
f 5810/739/5804 5811/740/5805 5799/723/5790 5798/720/5788
f 5790/709/5779 5802/733/5799 5791/730/5796 5779/724/5791
f 5792/727/5793 5804/741/5806 5805/742/5807 5793/728/5794
f 5793/728/5794 5805/742/5807 5806/734/5800 5794/712/5781
f 5791/730/5796 5803/743/5808 5804/741/5806 5792/727/5793
f 5799/723/5790 5811/740/5805 5812/744/5809 5800/731/5797
f 5800/731/5797 5812/744/5809 5813/745/5810 5801/732/5798
f 5801/732/5798 5813/745/5810 5814/746/5811 5802/733/5799
f 5784/716/5785 5785/718/5787 5773/747/5756 5772/748/5755
f 5785/722/5787 5786/721/5789 5774/749/5757 5773/750/5756
f 5786/721/5789 5787/704/5776 5775/703/5758 5774/749/5757
f 5767/725/5761 5779/724/5791 5780/726/5792 5768/751/5759
f 5802/733/5799 5814/746/5811 5803/743/5808 5791/730/5796
f 5769/752/5760 5781/729/5795 5782/711/5780 5770/753/5753
f 5770/753/5753 5782/711/5780 5783/714/5783 5771/754/5754
f 5768/751/5759 5780/726/5792 5781/729/5795 5769/752/5760
f 5823/755/5812 5835/756/5813 5836/757/5814 5824/758/5815
f 5887/759/5816 5815/760/5817 5816/761/5818 5888/762/5819
f 5825/763/5820 5837/764/5821 5838/765/5822 5826/766/5823
f 5889/767/5824 5817/768/5825 5818/769/5826 5890/770/5827
f 5892/691/5765 5820/771/5828 5821/772/5829 5893/692/5766
f 5819/773/5830 5820/771/5828 5892/691/5765 5891/774/5831
f 5894/775/5832 5822/776/5833 5823/755/5812 5895/777/5834
f 5821/778/5829 5822/776/5833 5894/775/5832 5893/779/5766
f 5888/762/5819 5816/761/5818 5817/768/5825 5889/767/5824
f 5895/777/5834 5823/755/5812 5824/758/5815 5896/780/5835
f 5890/770/5827 5818/769/5826 5819/773/5830 5891/774/5831
f 5896/780/5835 5824/758/5815 5825/763/5820 5897/781/5836
f 5835/756/5813 5847/782/5837 5848/783/5838 5836/757/5814
f 5836/757/5814 5848/783/5838 5849/784/5839 5837/764/5821
f 5837/764/5821 5849/784/5839 5850/785/5840 5838/765/5822
f 5842/786/5841 5854/787/5842 5855/788/5843 5843/789/5844
f 5855/788/5843 5856/790/5845 5844/791/5846 5843/789/5844
f 5856/790/5845 5857/792/5847 5845/793/5848 5844/791/5846
f 5857/794/5847 5858/795/5849 5846/796/5850 5845/797/5848
f 5858/795/5849 5859/798/5851 5847/782/5837 5846/796/5850
f 5838/765/5822 5850/785/5840 5839/799/5852 5827/800/5853
f 5840/801/5854 5852/802/5855 5853/803/5856 5841/804/5857
f 5841/804/5857 5853/803/5856 5854/787/5842 5842/786/5841
f 5839/799/5852 5851/805/5858 5852/802/5855 5840/801/5854
f 5847/782/5837 5859/798/5851 5860/806/5859 5848/783/5838
f 5848/783/5838 5860/806/5859 5861/807/5860 5849/784/5839
f 5849/784/5839 5861/807/5860 5862/808/5861 5850/785/5840
f 5866/809/5862 5878/810/5863 5879/811/5864 5867/812/5865
f 5879/811/5864 5880/694/5768 5868/813/5866 5867/812/5865
f 5880/694/5768 5881/693/5767 5869/814/5867 5868/813/5866
f 5881/815/5767 5882/816/5868 5870/817/5869 5869/818/5867
f 5882/816/5868 5883/819/5870 5871/820/5871 5870/817/5869
f 5850/785/5840 5862/808/5861 5851/805/5858 5839/799/5852
f 5864/821/5872 5876/822/5873 5877/823/5874 5865/824/5875
f 5865/824/5875 5877/823/5874 5878/810/5863 5866/809/5862
f 5863/825/5876 5875/826/5877 5876/822/5873 5864/821/5872
f 5871/820/5871 5883/819/5870 5884/827/5878 5872/828/5879
f 5872/828/5879 5884/827/5878 5885/829/5880 5873/830/5881
f 5873/830/5881 5885/829/5880 5886/831/5882 5874/832/5883
f 5891/774/5831 5892/691/5765 5880/694/5768 5879/811/5864
f 5894/775/5832 5895/777/5834 5883/819/5870 5882/816/5868
f 5893/779/5766 5894/775/5832 5882/816/5868 5881/815/5767
f 5884/827/5878 5896/780/5835 5897/781/5836 5885/829/5880
f 5874/832/5883 5886/831/5882 5875/826/5877 5863/825/5876
f 5876/822/5873 5888/762/5819 5889/767/5824 5877/823/5874
f 5877/823/5874 5889/767/5824 5890/770/5827 5878/810/5863
f 5875/826/5877 5887/759/5816 5888/762/5819 5876/822/5873
f 5883/819/5870 5895/777/5834 5896/780/5835 5884/827/5878
f 5878/810/5863 5890/770/5827 5891/774/5831 5879/811/5864
f 5885/829/5880 5897/781/5836 5898/833/5884 5886/831/5882
f 5817/768/5825 5829/834/5885 5830/835/5886 5818/769/5826
f 5832/836/5887 5833/837/5888 5821/772/5829 5820/771/5828
f 5831/838/5889 5832/836/5887 5820/771/5828 5819/773/5830
f 5834/839/5890 5835/756/5813 5823/755/5812 5822/776/5833
f 5833/840/5888 5834/839/5890 5822/776/5833 5821/778/5829
f 5886/831/5882 5898/833/5884 5887/759/5816 5875/826/5877
f 5815/760/5817 5827/800/5853 5828/841/5891 5816/761/5818
f 5818/769/5826 5830/835/5886 5831/838/5889 5819/773/5830
f 5816/761/5818 5828/841/5891 5829/834/5885 5817/768/5825
f 5824/758/5815 5836/757/5814 5837/764/5821 5825/763/5820
f 5826/766/5823 5838/765/5822 5827/800/5853 5815/760/5817
f 5897/781/5836 5825/763/5820 5826/766/5823 5898/833/5884
f 5829/834/5885 5841/804/5857 5842/786/5841 5830/835/5886
f 5844/791/5846 5845/793/5848 5833/837/5888 5832/836/5887
f 5843/789/5844 5844/791/5846 5832/836/5887 5831/838/5889
f 5846/796/5850 5847/782/5837 5835/756/5813 5834/839/5890
f 5845/797/5848 5846/796/5850 5834/839/5890 5833/840/5888
f 5898/833/5884 5826/766/5823 5815/760/5817 5887/759/5816
f 5827/800/5853 5839/799/5852 5840/801/5854 5828/841/5891
f 5830/835/5886 5842/786/5841 5843/789/5844 5831/838/5889
f 5828/841/5891 5840/801/5854 5841/804/5857 5829/834/5885
f 5851/805/5858 5862/808/5861 5742/654/5731 5731/669/5744
f 5862/808/5861 5861/807/5860 5741/652/5729 5742/654/5731
f 5861/807/5860 5860/806/5859 5740/650/5727 5741/652/5729
f 5860/806/5859 5859/798/5851 5739/647/5724 5740/650/5727
f 5859/798/5851 5858/795/5849 5738/697/5771 5739/647/5724
f 5858/795/5849 5857/794/5847 5737/698/5769 5738/697/5771
f 5857/792/5847 5856/790/5845 5736/696/5770 5737/695/5769
f 5856/790/5845 5855/788/5843 5735/702/5775 5736/696/5770
f 5855/788/5843 5854/787/5842 5734/701/5774 5735/702/5775
f 5854/787/5842 5853/803/5856 5733/700/5773 5734/701/5774
f 5853/803/5856 5852/802/5855 5732/699/5772 5733/700/5773
f 5852/802/5855 5851/805/5858 5731/669/5744 5732/699/5772
f 5864/821/5872 5865/824/5875 5805/742/5807 5804/741/5806
f 5865/824/5875 5866/809/5862 5806/734/5800 5805/742/5807
f 5866/809/5862 5867/812/5865 5807/735/5801 5806/734/5800
f 5867/812/5865 5868/813/5866 5808/736/5802 5807/735/5801
f 5868/813/5866 5869/814/5867 5809/737/5803 5808/736/5802
f 5869/818/5867 5870/817/5869 5810/739/5804 5809/738/5803
f 5870/817/5869 5871/820/5871 5811/740/5805 5810/739/5804
f 5871/820/5871 5872/828/5879 5812/744/5809 5811/740/5805
f 5872/828/5879 5873/830/5881 5813/745/5810 5812/744/5809
f 5873/830/5881 5874/832/5883 5814/746/5811 5813/745/5810
f 5874/832/5883 5863/825/5876 5803/743/5808 5814/746/5811
f 5863/825/5876 5864/821/5872 5804/741/5806 5803/743/5808
f 5783/714/5783 5784/716/5785 5772/748/5755 5771/754/5754
f 5747/658/5735 5748/660/5737 5736/696/5770 5735/702/5775
f 5907/647/5892 5919/648/5893 5920/649/5894 5908/650/5895
f 5908/650/5895 5920/649/5894 5921/651/5896 5909/652/5897
f 5909/652/5897 5921/651/5896 5922/653/5898 5910/654/5899
f 5914/655/5900 5926/656/5901 5927/657/5902 5915/658/5903
f 5927/657/5902 5928/659/5904 5916/660/5905 5915/658/5903
f 5928/659/5904 5929/661/5906 5917/662/5907 5916/660/5905
f 5929/663/5906 5930/664/5908 5918/665/5909 5917/666/5907
f 5930/664/5908 5931/667/5910 5919/648/5893 5918/665/5909
f 5910/654/5899 5922/653/5898 5911/668/5911 5899/669/5912
f 5912/670/5913 5924/671/5914 5925/672/5915 5913/673/5916
f 5913/673/5916 5925/672/5915 5926/656/5901 5914/655/5900
f 5911/668/5911 5923/674/5917 5924/671/5914 5912/670/5913
f 5919/648/5893 5931/667/5910 5932/675/5918 5920/649/5894
f 5920/649/5894 5932/675/5918 5933/676/5919 5921/651/5896
f 5921/651/5896 5933/676/5919 5934/677/5920 5922/653/5898
f 5926/656/5901 5938/678/5921 5939/679/5922 5927/657/5902
f 5939/679/5922 5940/680/5923 5928/659/5904 5927/657/5902
f 5940/680/5923 5941/681/5924 5929/661/5906 5928/659/5904
f 5941/682/5924 5942/683/5925 5930/664/5908 5929/663/5906
f 5942/683/5925 5943/684/5926 5931/667/5910 5930/664/5908
f 5922/653/5898 5934/677/5920 5923/674/5917 5911/668/5911
f 5924/671/5914 5936/685/5927 5937/686/5928 5925/672/5915
f 5925/672/5915 5937/686/5928 5938/678/5921 5926/656/5901
f 5923/674/5917 5935/687/5929 5936/685/5927 5924/671/5914
f 5931/667/5910 5943/684/5926 5944/688/5930 5932/675/5918
f 5932/675/5918 5944/688/5930 5945/689/5931 5933/676/5919
f 5933/676/5919 5945/689/5931 5946/690/5932 5934/677/5920
f 6060/691/5933 6061/692/5934 6049/693/5935 6048/694/5936
f 5916/660/5905 5917/662/5907 5905/695/5937 5904/696/5938
f 5917/666/5907 5918/665/5909 5906/697/5939 5905/698/5937
f 5918/665/5909 5919/648/5893 5907/647/5892 5906/697/5939
f 5899/669/5912 5911/668/5911 5912/670/5913 5900/699/5940
f 5934/677/5920 5946/690/5932 5935/687/5929 5923/674/5917
f 5901/700/5941 5913/673/5916 5914/655/5900 5902/701/5942
f 5902/701/5942 5914/655/5900 5915/658/5903 5903/702/5943
f 5900/699/5940 5912/670/5913 5913/673/5916 5901/700/5941
f 5943/703/5926 5955/704/5944 5956/705/5945 5944/706/5930
f 5944/706/5930 5956/705/5945 5957/707/5946 5945/708/5931
f 5945/708/5931 5957/707/5946 5958/709/5947 5946/710/5932
f 5950/711/5948 5962/712/5949 5963/713/5950 5951/714/5951
f 5963/713/5950 5964/715/5952 5952/716/5953 5951/714/5951
f 5964/715/5952 5965/717/5954 5953/718/5955 5952/716/5953
f 5965/719/5954 5966/720/5956 5954/721/5957 5953/722/5955
f 5966/720/5956 5967/723/5958 5955/704/5944 5954/721/5957
f 5946/710/5932 5958/709/5947 5947/724/5959 5935/725/5929
f 5948/726/5960 5960/727/5961 5961/728/5962 5949/729/5963
f 5949/729/5963 5961/728/5962 5962/712/5949 5950/711/5948
f 5947/724/5959 5959/730/5964 5960/727/5961 5948/726/5960
f 5955/704/5944 5967/723/5958 5968/731/5965 5956/705/5945
f 5956/705/5945 5968/731/5965 5969/732/5966 5957/707/5946
f 5957/707/5946 5969/732/5966 5970/733/5967 5958/709/5947
f 5962/712/5949 5974/734/5968 5975/735/5969 5963/713/5950
f 5975/735/5969 5976/736/5970 5964/715/5952 5963/713/5950
f 5976/736/5970 5977/737/5971 5965/717/5954 5964/715/5952
f 5977/738/5971 5978/739/5972 5966/720/5956 5965/719/5954
f 5978/739/5972 5979/740/5973 5967/723/5958 5966/720/5956
f 5958/709/5947 5970/733/5967 5959/730/5964 5947/724/5959
f 5960/727/5961 5972/741/5974 5973/742/5975 5961/728/5962
f 5961/728/5962 5973/742/5975 5974/734/5968 5962/712/5949
f 5959/730/5964 5971/743/5976 5972/741/5974 5960/727/5961
f 5967/723/5958 5979/740/5973 5980/744/5977 5968/731/5965
f 5968/731/5965 5980/744/5977 5981/745/5978 5969/732/5966
f 5969/732/5966 5981/745/5978 5982/746/5979 5970/733/5967
f 5952/716/5953 5953/718/5955 5941/747/5924 5940/748/5923
f 5953/722/5955 5954/721/5957 5942/749/5925 5941/750/5924
f 5954/721/5957 5955/704/5944 5943/703/5926 5942/749/5925
f 5935/725/5929 5947/724/5959 5948/726/5960 5936/751/5927
f 5970/733/5967 5982/746/5979 5971/743/5976 5959/730/5964
f 5937/752/5928 5949/729/5963 5950/711/5948 5938/753/5921
f 5938/753/5921 5950/711/5948 5951/714/5951 5939/754/5922
f 5936/751/5927 5948/726/5960 5949/729/5963 5937/752/5928
f 5991/755/5980 6003/756/5981 6004/757/5982 5992/758/5983
f 6055/759/5984 5983/760/5985 5984/761/5986 6056/762/5987
f 5993/763/5988 6005/764/5989 6006/765/5990 5994/766/5991
f 6057/767/5992 5985/768/5993 5986/769/5994 6058/770/5995
f 6060/691/5933 5988/771/5996 5989/772/5997 6061/692/5934
f 5987/773/5998 5988/771/5996 6060/691/5933 6059/774/5999
f 6062/775/6000 5990/776/6001 5991/755/5980 6063/777/6002
f 5989/778/5997 5990/776/6001 6062/775/6000 6061/779/5934
f 6056/762/5987 5984/761/5986 5985/768/5993 6057/767/5992
f 6063/777/6002 5991/755/5980 5992/758/5983 6064/780/6003
f 6058/770/5995 5986/769/5994 5987/773/5998 6059/774/5999
f 6064/780/6003 5992/758/5983 5993/763/5988 6065/781/6004
f 6003/756/5981 6015/782/6005 6016/783/6006 6004/757/5982
f 6004/757/5982 6016/783/6006 6017/784/6007 6005/764/5989
f 6005/764/5989 6017/784/6007 6018/785/6008 6006/765/5990
f 6010/786/6009 6022/787/6010 6023/788/6011 6011/789/6012
f 6023/788/6011 6024/790/6013 6012/791/6014 6011/789/6012
f 6024/790/6013 6025/792/6015 6013/793/6016 6012/791/6014
f 6025/794/6015 6026/795/6017 6014/796/6018 6013/797/6016
f 6026/795/6017 6027/798/6019 6015/782/6005 6014/796/6018
f 6006/765/5990 6018/785/6008 6007/799/6020 5995/800/6021
f 6008/801/6022 6020/802/6023 6021/803/6024 6009/804/6025
f 6009/804/6025 6021/803/6024 6022/787/6010 6010/786/6009
f 6007/799/6020 6019/805/6026 6020/802/6023 6008/801/6022
f 6015/782/6005 6027/798/6019 6028/806/6027 6016/783/6006
f 6016/783/6006 6028/806/6027 6029/807/6028 6017/784/6007
f 6017/784/6007 6029/807/6028 6030/808/6029 6018/785/6008
f 6034/809/6030 6046/810/6031 6047/811/6032 6035/812/6033
f 6047/811/6032 6048/694/5936 6036/813/6034 6035/812/6033
f 6048/694/5936 6049/693/5935 6037/814/6035 6036/813/6034
f 6049/815/5935 6050/816/6036 6038/817/6037 6037/818/6035
f 6050/816/6036 6051/819/6038 6039/820/6039 6038/817/6037
f 6018/785/6008 6030/808/6029 6019/805/6026 6007/799/6020
f 6032/821/6040 6044/822/6041 6045/823/6042 6033/824/6043
f 6033/824/6043 6045/823/6042 6046/810/6031 6034/809/6030
f 6031/825/6044 6043/826/6045 6044/822/6041 6032/821/6040
f 6039/820/6039 6051/819/6038 6052/827/6046 6040/828/6047
f 6040/828/6047 6052/827/6046 6053/829/6048 6041/830/6049
f 6041/830/6049 6053/829/6048 6054/831/6050 6042/832/6051
f 6059/774/5999 6060/691/5933 6048/694/5936 6047/811/6032
f 6062/775/6000 6063/777/6002 6051/819/6038 6050/816/6036
f 6061/779/5934 6062/775/6000 6050/816/6036 6049/815/5935
f 6052/827/6046 6064/780/6003 6065/781/6004 6053/829/6048
f 6042/832/6051 6054/831/6050 6043/826/6045 6031/825/6044
f 6044/822/6041 6056/762/5987 6057/767/5992 6045/823/6042
f 6045/823/6042 6057/767/5992 6058/770/5995 6046/810/6031
f 6043/826/6045 6055/759/5984 6056/762/5987 6044/822/6041
f 6051/819/6038 6063/777/6002 6064/780/6003 6052/827/6046
f 6046/810/6031 6058/770/5995 6059/774/5999 6047/811/6032
f 6053/829/6048 6065/781/6004 6066/833/6052 6054/831/6050
f 5985/768/5993 5997/834/6053 5998/835/6054 5986/769/5994
f 6000/836/6055 6001/837/6056 5989/772/5997 5988/771/5996
f 5999/838/6057 6000/836/6055 5988/771/5996 5987/773/5998
f 6002/839/6058 6003/756/5981 5991/755/5980 5990/776/6001
f 6001/840/6056 6002/839/6058 5990/776/6001 5989/778/5997
f 6054/831/6050 6066/833/6052 6055/759/5984 6043/826/6045
f 5983/760/5985 5995/800/6021 5996/841/6059 5984/761/5986
f 5986/769/5994 5998/835/6054 5999/838/6057 5987/773/5998
f 5984/761/5986 5996/841/6059 5997/834/6053 5985/768/5993
f 5992/758/5983 6004/757/5982 6005/764/5989 5993/763/5988
f 5994/766/5991 6006/765/5990 5995/800/6021 5983/760/5985
f 6065/781/6004 5993/763/5988 5994/766/5991 6066/833/6052
f 5997/834/6053 6009/804/6025 6010/786/6009 5998/835/6054
f 6012/791/6014 6013/793/6016 6001/837/6056 6000/836/6055
f 6011/789/6012 6012/791/6014 6000/836/6055 5999/838/6057
f 6014/796/6018 6015/782/6005 6003/756/5981 6002/839/6058
f 6013/797/6016 6014/796/6018 6002/839/6058 6001/840/6056
f 6066/833/6052 5994/766/5991 5983/760/5985 6055/759/5984
f 5995/800/6021 6007/799/6020 6008/801/6022 5996/841/6059
f 5998/835/6054 6010/786/6009 6011/789/6012 5999/838/6057
f 5996/841/6059 6008/801/6022 6009/804/6025 5997/834/6053
f 6019/805/6026 6030/808/6029 5910/654/5899 5899/669/5912
f 6030/808/6029 6029/807/6028 5909/652/5897 5910/654/5899
f 6029/807/6028 6028/806/6027 5908/650/5895 5909/652/5897
f 6028/806/6027 6027/798/6019 5907/647/5892 5908/650/5895
f 6027/798/6019 6026/795/6017 5906/697/5939 5907/647/5892
f 6026/795/6017 6025/794/6015 5905/698/5937 5906/697/5939
f 6025/792/6015 6024/790/6013 5904/696/5938 5905/695/5937
f 6024/790/6013 6023/788/6011 5903/702/5943 5904/696/5938
f 6023/788/6011 6022/787/6010 5902/701/5942 5903/702/5943
f 6022/787/6010 6021/803/6024 5901/700/5941 5902/701/5942
f 6021/803/6024 6020/802/6023 5900/699/5940 5901/700/5941
f 6020/802/6023 6019/805/6026 5899/669/5912 5900/699/5940
f 6032/821/6040 6033/824/6043 5973/742/5975 5972/741/5974
f 6033/824/6043 6034/809/6030 5974/734/5968 5973/742/5975
f 6034/809/6030 6035/812/6033 5975/735/5969 5974/734/5968
f 6035/812/6033 6036/813/6034 5976/736/5970 5975/735/5969
f 6036/813/6034 6037/814/6035 5977/737/5971 5976/736/5970
f 6037/818/6035 6038/817/6037 5978/739/5972 5977/738/5971
f 6038/817/6037 6039/820/6039 5979/740/5973 5978/739/5972
f 6039/820/6039 6040/828/6047 5980/744/5977 5979/740/5973
f 6040/828/6047 6041/830/6049 5981/745/5978 5980/744/5977
f 6041/830/6049 6042/832/6051 5982/746/5979 5981/745/5978
f 6042/832/6051 6031/825/6044 5971/743/5976 5982/746/5979
f 6031/825/6044 6032/821/6040 5972/741/5974 5971/743/5976
f 5951/714/5951 5952/716/5953 5940/748/5923 5939/754/5922
f 5915/658/5903 5916/660/5905 5904/696/5938 5903/702/5943
f 6075/647/6060 6087/648/6061 6088/649/6062 6076/650/6063
f 6076/650/6063 6088/649/6062 6089/651/6064 6077/652/6065
f 6077/652/6065 6089/651/6064 6090/653/6066 6078/654/6067
f 6082/655/6068 6094/656/6069 6095/657/6070 6083/658/6071
f 6095/657/6070 6096/659/6072 6084/660/6073 6083/658/6071
f 6096/659/6072 6097/661/6074 6085/662/6075 6084/660/6073
f 6097/663/6074 6098/664/6076 6086/665/6077 6085/666/6075
f 6098/664/6076 6099/667/6078 6087/648/6061 6086/665/6077
f 6078/654/6067 6090/653/6066 6079/668/6079 6067/669/6080
f 6080/670/6081 6092/671/6082 6093/672/6083 6081/673/6084
f 6081/673/6084 6093/672/6083 6094/656/6069 6082/655/6068
f 6079/668/6079 6091/674/6085 6092/671/6082 6080/670/6081
f 6087/648/6061 6099/667/6078 6100/675/6086 6088/649/6062
f 6088/649/6062 6100/675/6086 6101/676/6087 6089/651/6064
f 6089/651/6064 6101/676/6087 6102/677/6088 6090/653/6066
f 6094/656/6069 6106/678/6089 6107/679/6090 6095/657/6070
f 6107/679/6090 6108/680/6091 6096/659/6072 6095/657/6070
f 6108/680/6091 6109/681/6092 6097/661/6074 6096/659/6072
f 6109/682/6092 6110/683/6093 6098/664/6076 6097/663/6074
f 6110/683/6093 6111/684/6094 6099/667/6078 6098/664/6076
f 6090/653/6066 6102/677/6088 6091/674/6085 6079/668/6079
f 6092/671/6082 6104/685/6095 6105/686/6096 6093/672/6083
f 6093/672/6083 6105/686/6096 6106/678/6089 6094/656/6069
f 6091/674/6085 6103/687/6097 6104/685/6095 6092/671/6082
f 6099/667/6078 6111/684/6094 6112/688/6098 6100/675/6086
f 6100/675/6086 6112/688/6098 6113/689/6099 6101/676/6087
f 6101/676/6087 6113/689/6099 6114/690/6100 6102/677/6088
f 6228/691/6101 6229/692/6102 6217/693/6103 6216/694/6104
f 6084/660/6073 6085/662/6075 6073/695/6105 6072/696/6106
f 6085/666/6075 6086/665/6077 6074/697/6107 6073/698/6105
f 6086/665/6077 6087/648/6061 6075/647/6060 6074/697/6107
f 6067/669/6080 6079/668/6079 6080/670/6081 6068/699/6108
f 6102/677/6088 6114/690/6100 6103/687/6097 6091/674/6085
f 6069/700/6109 6081/673/6084 6082/655/6068 6070/701/6110
f 6070/701/6110 6082/655/6068 6083/658/6071 6071/702/6111
f 6068/699/6108 6080/670/6081 6081/673/6084 6069/700/6109
f 6111/703/6094 6123/704/6112 6124/705/6113 6112/706/6098
f 6112/706/6098 6124/705/6113 6125/707/6114 6113/708/6099
f 6113/708/6099 6125/707/6114 6126/709/6115 6114/710/6100
f 6118/711/6116 6130/712/6117 6131/713/6118 6119/714/6119
f 6131/713/6118 6132/715/6120 6120/716/6121 6119/714/6119
f 6132/715/6120 6133/717/6122 6121/718/6123 6120/716/6121
f 6133/719/6122 6134/720/6124 6122/721/6125 6121/722/6123
f 6134/720/6124 6135/723/6126 6123/704/6112 6122/721/6125
f 6114/710/6100 6126/709/6115 6115/724/6127 6103/725/6097
f 6116/726/6128 6128/727/6129 6129/728/6130 6117/729/6131
f 6117/729/6131 6129/728/6130 6130/712/6117 6118/711/6116
f 6115/724/6127 6127/730/6132 6128/727/6129 6116/726/6128
f 6123/704/6112 6135/723/6126 6136/731/6133 6124/705/6113
f 6124/705/6113 6136/731/6133 6137/732/6134 6125/707/6114
f 6125/707/6114 6137/732/6134 6138/733/6135 6126/709/6115
f 6130/712/6117 6142/734/6136 6143/735/6137 6131/713/6118
f 6143/735/6137 6144/736/6138 6132/715/6120 6131/713/6118
f 6144/736/6138 6145/737/6139 6133/717/6122 6132/715/6120
f 6145/738/6139 6146/739/6140 6134/720/6124 6133/719/6122
f 6146/739/6140 6147/740/6141 6135/723/6126 6134/720/6124
f 6126/709/6115 6138/733/6135 6127/730/6132 6115/724/6127
f 6128/727/6129 6140/741/6142 6141/742/6143 6129/728/6130
f 6129/728/6130 6141/742/6143 6142/734/6136 6130/712/6117
f 6127/730/6132 6139/743/6144 6140/741/6142 6128/727/6129
f 6135/723/6126 6147/740/6141 6148/744/6145 6136/731/6133
f 6136/731/6133 6148/744/6145 6149/745/6146 6137/732/6134
f 6137/732/6134 6149/745/6146 6150/746/6147 6138/733/6135
f 6120/716/6121 6121/718/6123 6109/747/6092 6108/748/6091
f 6121/722/6123 6122/721/6125 6110/749/6093 6109/750/6092
f 6122/721/6125 6123/704/6112 6111/703/6094 6110/749/6093
f 6103/725/6097 6115/724/6127 6116/726/6128 6104/751/6095
f 6138/733/6135 6150/746/6147 6139/743/6144 6127/730/6132
f 6105/752/6096 6117/729/6131 6118/711/6116 6106/753/6089
f 6106/753/6089 6118/711/6116 6119/714/6119 6107/754/6090
f 6104/751/6095 6116/726/6128 6117/729/6131 6105/752/6096
f 6159/755/6148 6171/756/6149 6172/757/6150 6160/758/6151
f 6223/759/6152 6151/760/6153 6152/761/6154 6224/762/6155
f 6161/763/6156 6173/764/6157 6174/765/6158 6162/766/6159
f 6225/767/6160 6153/768/6161 6154/769/6162 6226/770/6163
f 6228/691/6101 6156/771/6164 6157/772/6165 6229/692/6102
f 6155/773/6166 6156/771/6164 6228/691/6101 6227/774/6167
f 6230/775/6168 6158/776/6169 6159/755/6148 6231/777/6170
f 6157/778/6165 6158/776/6169 6230/775/6168 6229/779/6102
f 6224/762/6155 6152/761/6154 6153/768/6161 6225/767/6160
f 6231/777/6170 6159/755/6148 6160/758/6151 6232/780/6171
f 6226/770/6163 6154/769/6162 6155/773/6166 6227/774/6167
f 6232/780/6171 6160/758/6151 6161/763/6156 6233/781/6172
f 6171/756/6149 6183/782/6173 6184/783/6174 6172/757/6150
f 6172/757/6150 6184/783/6174 6185/784/6175 6173/764/6157
f 6173/764/6157 6185/784/6175 6186/785/6176 6174/765/6158
f 6178/786/6177 6190/787/6178 6191/788/6179 6179/789/6180
f 6191/788/6179 6192/790/6181 6180/791/6182 6179/789/6180
f 6192/790/6181 6193/792/6183 6181/793/6184 6180/791/6182
f 6193/794/6183 6194/795/6185 6182/796/6186 6181/797/6184
f 6194/795/6185 6195/798/6187 6183/782/6173 6182/796/6186
f 6174/765/6158 6186/785/6176 6175/799/6188 6163/800/6189
f 6176/801/6190 6188/802/6191 6189/803/6192 6177/804/6193
f 6177/804/6193 6189/803/6192 6190/787/6178 6178/786/6177
f 6175/799/6188 6187/805/6194 6188/802/6191 6176/801/6190
f 6183/782/6173 6195/798/6187 6196/806/6195 6184/783/6174
f 6184/783/6174 6196/806/6195 6197/807/6196 6185/784/6175
f 6185/784/6175 6197/807/6196 6198/808/6197 6186/785/6176
f 6202/809/6198 6214/810/6199 6215/811/6200 6203/812/6201
f 6215/811/6200 6216/694/6104 6204/813/6202 6203/812/6201
f 6216/694/6104 6217/693/6103 6205/814/6203 6204/813/6202
f 6217/815/6103 6218/816/6204 6206/817/6205 6205/818/6203
f 6218/816/6204 6219/819/6206 6207/820/6207 6206/817/6205
f 6186/785/6176 6198/808/6197 6187/805/6194 6175/799/6188
f 6200/821/6208 6212/822/6209 6213/823/6210 6201/824/6211
f 6201/824/6211 6213/823/6210 6214/810/6199 6202/809/6198
f 6199/825/6212 6211/826/6213 6212/822/6209 6200/821/6208
f 6207/820/6207 6219/819/6206 6220/827/6214 6208/828/6215
f 6208/828/6215 6220/827/6214 6221/829/6216 6209/830/6217
f 6209/830/6217 6221/829/6216 6222/831/6218 6210/832/6219
f 6227/774/6167 6228/691/6101 6216/694/6104 6215/811/6200
f 6230/775/6168 6231/777/6170 6219/819/6206 6218/816/6204
f 6229/779/6102 6230/775/6168 6218/816/6204 6217/815/6103
f 6220/827/6214 6232/780/6171 6233/781/6172 6221/829/6216
f 6210/832/6219 6222/831/6218 6211/826/6213 6199/825/6212
f 6212/822/6209 6224/762/6155 6225/767/6160 6213/823/6210
f 6213/823/6210 6225/767/6160 6226/770/6163 6214/810/6199
f 6211/826/6213 6223/759/6152 6224/762/6155 6212/822/6209
f 6219/819/6206 6231/777/6170 6232/780/6171 6220/827/6214
f 6214/810/6199 6226/770/6163 6227/774/6167 6215/811/6200
f 6221/829/6216 6233/781/6172 6234/833/6220 6222/831/6218
f 6153/768/6161 6165/834/6221 6166/835/6222 6154/769/6162
f 6168/836/6223 6169/837/6224 6157/772/6165 6156/771/6164
f 6167/838/6225 6168/836/6223 6156/771/6164 6155/773/6166
f 6170/839/6226 6171/756/6149 6159/755/6148 6158/776/6169
f 6169/840/6224 6170/839/6226 6158/776/6169 6157/778/6165
f 6222/831/6218 6234/833/6220 6223/759/6152 6211/826/6213
f 6151/760/6153 6163/800/6189 6164/841/6227 6152/761/6154
f 6154/769/6162 6166/835/6222 6167/838/6225 6155/773/6166
f 6152/761/6154 6164/841/6227 6165/834/6221 6153/768/6161
f 6160/758/6151 6172/757/6150 6173/764/6157 6161/763/6156
f 6162/766/6159 6174/765/6158 6163/800/6189 6151/760/6153
f 6233/781/6172 6161/763/6156 6162/766/6159 6234/833/6220
f 6165/834/6221 6177/804/6193 6178/786/6177 6166/835/6222
f 6180/791/6182 6181/793/6184 6169/837/6224 6168/836/6223
f 6179/789/6180 6180/791/6182 6168/836/6223 6167/838/6225
f 6182/796/6186 6183/782/6173 6171/756/6149 6170/839/6226
f 6181/797/6184 6182/796/6186 6170/839/6226 6169/840/6224
f 6234/833/6220 6162/766/6159 6151/760/6153 6223/759/6152
f 6163/800/6189 6175/799/6188 6176/801/6190 6164/841/6227
f 6166/835/6222 6178/786/6177 6179/789/6180 6167/838/6225
f 6164/841/6227 6176/801/6190 6177/804/6193 6165/834/6221
f 6187/805/6194 6198/808/6197 6078/654/6067 6067/669/6080
f 6198/808/6197 6197/807/6196 6077/652/6065 6078/654/6067
f 6197/807/6196 6196/806/6195 6076/650/6063 6077/652/6065
f 6196/806/6195 6195/798/6187 6075/647/6060 6076/650/6063
f 6195/798/6187 6194/795/6185 6074/697/6107 6075/647/6060
f 6194/795/6185 6193/794/6183 6073/698/6105 6074/697/6107
f 6193/792/6183 6192/790/6181 6072/696/6106 6073/695/6105
f 6192/790/6181 6191/788/6179 6071/702/6111 6072/696/6106
f 6191/788/6179 6190/787/6178 6070/701/6110 6071/702/6111
f 6190/787/6178 6189/803/6192 6069/700/6109 6070/701/6110
f 6189/803/6192 6188/802/6191 6068/699/6108 6069/700/6109
f 6188/802/6191 6187/805/6194 6067/669/6080 6068/699/6108
f 6200/821/6208 6201/824/6211 6141/742/6143 6140/741/6142
f 6201/824/6211 6202/809/6198 6142/734/6136 6141/742/6143
f 6202/809/6198 6203/812/6201 6143/735/6137 6142/734/6136
f 6203/812/6201 6204/813/6202 6144/736/6138 6143/735/6137
f 6204/813/6202 6205/814/6203 6145/737/6139 6144/736/6138
f 6205/818/6203 6206/817/6205 6146/739/6140 6145/738/6139
f 6206/817/6205 6207/820/6207 6147/740/6141 6146/739/6140
f 6207/820/6207 6208/828/6215 6148/744/6145 6147/740/6141
f 6208/828/6215 6209/830/6217 6149/745/6146 6148/744/6145
f 6209/830/6217 6210/832/6219 6150/746/6147 6149/745/6146
f 6210/832/6219 6199/825/6212 6139/743/6144 6150/746/6147
f 6199/825/6212 6200/821/6208 6140/741/6142 6139/743/6144
f 6119/714/6119 6120/716/6121 6108/748/6091 6107/754/6090
f 6083/658/6071 6084/660/6073 6072/696/6106 6071/702/6111
f 6243/647/6228 6255/648/6229 6256/649/6230 6244/650/6231
f 6244/650/6231 6256/649/6230 6257/651/6232 6245/652/6233
f 6245/652/6233 6257/651/6232 6258/653/6234 6246/654/6235
f 6250/655/6236 6262/656/6237 6263/657/6238 6251/658/6239
f 6263/657/6238 6264/659/6240 6252/660/6241 6251/658/6239
f 6264/659/6240 6265/661/6242 6253/662/6243 6252/660/6241
f 6265/663/6242 6266/664/6244 6254/665/6245 6253/666/6243
f 6266/664/6244 6267/667/6246 6255/648/6229 6254/665/6245
f 6246/654/6235 6258/653/6234 6247/668/6247 6235/669/6248
f 6248/670/6249 6260/671/6250 6261/672/6251 6249/673/6252
f 6249/673/6252 6261/672/6251 6262/656/6237 6250/655/6236
f 6247/668/6247 6259/674/6253 6260/671/6250 6248/670/6249
f 6255/648/6229 6267/667/6246 6268/675/6254 6256/649/6230
f 6256/649/6230 6268/675/6254 6269/676/6255 6257/651/6232
f 6257/651/6232 6269/676/6255 6270/677/6256 6258/653/6234
f 6262/656/6237 6274/678/6257 6275/679/6258 6263/657/6238
f 6275/679/6258 6276/680/6259 6264/659/6240 6263/657/6238
f 6276/680/6259 6277/681/6260 6265/661/6242 6264/659/6240
f 6277/682/6260 6278/683/6261 6266/664/6244 6265/663/6242
f 6278/683/6261 6279/684/6262 6267/667/6246 6266/664/6244
f 6258/653/6234 6270/677/6256 6259/674/6253 6247/668/6247
f 6260/671/6250 6272/685/6263 6273/686/6264 6261/672/6251
f 6261/672/6251 6273/686/6264 6274/678/6257 6262/656/6237
f 6259/674/6253 6271/687/6265 6272/685/6263 6260/671/6250
f 6267/667/6246 6279/684/6262 6280/688/6266 6268/675/6254
f 6268/675/6254 6280/688/6266 6281/689/6267 6269/676/6255
f 6269/676/6255 6281/689/6267 6282/690/6268 6270/677/6256
f 6396/691/6269 6397/692/6270 6385/693/6271 6384/694/6272
f 6252/660/6241 6253/662/6243 6241/695/6273 6240/696/6274
f 6253/666/6243 6254/665/6245 6242/697/6275 6241/698/6273
f 6254/665/6245 6255/648/6229 6243/647/6228 6242/697/6275
f 6235/669/6248 6247/668/6247 6248/670/6249 6236/699/6276
f 6270/677/6256 6282/690/6268 6271/687/6265 6259/674/6253
f 6237/700/6277 6249/673/6252 6250/655/6236 6238/701/6278
f 6238/701/6278 6250/655/6236 6251/658/6239 6239/702/6279
f 6236/699/6276 6248/670/6249 6249/673/6252 6237/700/6277
f 6279/703/6262 6291/704/6280 6292/705/6281 6280/706/6266
f 6280/706/6266 6292/705/6281 6293/707/6282 6281/708/6267
f 6281/708/6267 6293/707/6282 6294/709/6283 6282/710/6268
f 6286/711/6284 6298/712/6285 6299/713/6286 6287/714/6287
f 6299/713/6286 6300/715/6288 6288/716/6289 6287/714/6287
f 6300/715/6288 6301/717/6290 6289/718/6291 6288/716/6289
f 6301/719/6290 6302/720/6292 6290/721/6293 6289/722/6291
f 6302/720/6292 6303/723/6294 6291/704/6280 6290/721/6293
f 6282/710/6268 6294/709/6283 6283/724/6295 6271/725/6265
f 6284/726/6296 6296/727/6297 6297/728/6298 6285/729/6299
f 6285/729/6299 6297/728/6298 6298/712/6285 6286/711/6284
f 6283/724/6295 6295/730/6300 6296/727/6297 6284/726/6296
f 6291/704/6280 6303/723/6294 6304/731/6301 6292/705/6281
f 6292/705/6281 6304/731/6301 6305/732/6302 6293/707/6282
f 6293/707/6282 6305/732/6302 6306/733/6303 6294/709/6283
f 6298/712/6285 6310/734/6304 6311/735/6305 6299/713/6286
f 6311/735/6305 6312/736/6306 6300/715/6288 6299/713/6286
f 6312/736/6306 6313/737/6307 6301/717/6290 6300/715/6288
f 6313/738/6307 6314/739/6308 6302/720/6292 6301/719/6290
f 6314/739/6308 6315/740/6309 6303/723/6294 6302/720/6292
f 6294/709/6283 6306/733/6303 6295/730/6300 6283/724/6295
f 6296/727/6297 6308/741/6310 6309/742/6311 6297/728/6298
f 6297/728/6298 6309/742/6311 6310/734/6304 6298/712/6285
f 6295/730/6300 6307/743/6312 6308/741/6310 6296/727/6297
f 6303/723/6294 6315/740/6309 6316/744/6313 6304/731/6301
f 6304/731/6301 6316/744/6313 6317/745/6314 6305/732/6302
f 6305/732/6302 6317/745/6314 6318/746/6315 6306/733/6303
f 6288/716/6289 6289/718/6291 6277/747/6260 6276/748/6259
f 6289/722/6291 6290/721/6293 6278/749/6261 6277/750/6260
f 6290/721/6293 6291/704/6280 6279/703/6262 6278/749/6261
f 6271/725/6265 6283/724/6295 6284/726/6296 6272/751/6263
f 6306/733/6303 6318/746/6315 6307/743/6312 6295/730/6300
f 6273/752/6264 6285/729/6299 6286/711/6284 6274/753/6257
f 6274/753/6257 6286/711/6284 6287/714/6287 6275/754/6258
f 6272/751/6263 6284/726/6296 6285/729/6299 6273/752/6264
f 6327/755/6316 6339/756/6317 6340/757/6318 6328/758/6319
f 6391/759/6320 6319/760/6321 6320/761/6322 6392/762/6323
f 6329/763/6324 6341/764/6325 6342/765/6326 6330/766/6327
f 6393/767/6328 6321/768/6329 6322/769/6330 6394/770/6331
f 6396/691/6269 6324/771/6332 6325/772/6333 6397/692/6270
f 6323/773/6334 6324/771/6332 6396/691/6269 6395/774/6335
f 6398/775/6336 6326/776/6337 6327/755/6316 6399/777/6338
f 6325/778/6333 6326/776/6337 6398/775/6336 6397/779/6270
f 6392/762/6323 6320/761/6322 6321/768/6329 6393/767/6328
f 6399/777/6338 6327/755/6316 6328/758/6319 6400/780/6339
f 6394/770/6331 6322/769/6330 6323/773/6334 6395/774/6335
f 6400/780/6339 6328/758/6319 6329/763/6324 6401/781/6340
f 6339/756/6317 6351/782/6341 6352/783/6342 6340/757/6318
f 6340/757/6318 6352/783/6342 6353/784/6343 6341/764/6325
f 6341/764/6325 6353/784/6343 6354/785/6344 6342/765/6326
f 6346/786/6345 6358/787/6346 6359/788/6347 6347/789/6348
f 6359/788/6347 6360/790/6349 6348/791/6350 6347/789/6348
f 6360/790/6349 6361/792/6351 6349/793/6352 6348/791/6350
f 6361/794/6351 6362/795/6353 6350/796/6354 6349/797/6352
f 6362/795/6353 6363/798/6355 6351/782/6341 6350/796/6354
f 6342/765/6326 6354/785/6344 6343/799/6356 6331/800/6357
f 6344/801/6358 6356/802/6359 6357/803/6360 6345/804/6361
f 6345/804/6361 6357/803/6360 6358/787/6346 6346/786/6345
f 6343/799/6356 6355/805/6362 6356/802/6359 6344/801/6358
f 6351/782/6341 6363/798/6355 6364/806/6363 6352/783/6342
f 6352/783/6342 6364/806/6363 6365/807/6364 6353/784/6343
f 6353/784/6343 6365/807/6364 6366/808/6365 6354/785/6344
f 6370/809/6366 6382/810/6367 6383/811/6368 6371/812/6369
f 6383/811/6368 6384/694/6272 6372/813/6370 6371/812/6369
f 6384/694/6272 6385/693/6271 6373/814/6371 6372/813/6370
f 6385/815/6271 6386/816/6372 6374/817/6373 6373/818/6371
f 6386/816/6372 6387/819/6374 6375/820/6375 6374/817/6373
f 6354/785/6344 6366/808/6365 6355/805/6362 6343/799/6356
f 6368/821/6376 6380/822/6377 6381/823/6378 6369/824/6379
f 6369/824/6379 6381/823/6378 6382/810/6367 6370/809/6366
f 6367/825/6380 6379/826/6381 6380/822/6377 6368/821/6376
f 6375/820/6375 6387/819/6374 6388/827/6382 6376/828/6383
f 6376/828/6383 6388/827/6382 6389/829/6384 6377/830/6385
f 6377/830/6385 6389/829/6384 6390/831/6386 6378/832/6387
f 6395/774/6335 6396/691/6269 6384/694/6272 6383/811/6368
f 6398/775/6336 6399/777/6338 6387/819/6374 6386/816/6372
f 6397/779/6270 6398/775/6336 6386/816/6372 6385/815/6271
f 6388/827/6382 6400/780/6339 6401/781/6340 6389/829/6384
f 6378/832/6387 6390/831/6386 6379/826/6381 6367/825/6380
f 6380/822/6377 6392/762/6323 6393/767/6328 6381/823/6378
f 6381/823/6378 6393/767/6328 6394/770/6331 6382/810/6367
f 6379/826/6381 6391/759/6320 6392/762/6323 6380/822/6377
f 6387/819/6374 6399/777/6338 6400/780/6339 6388/827/6382
f 6382/810/6367 6394/770/6331 6395/774/6335 6383/811/6368
f 6389/829/6384 6401/781/6340 6402/833/6388 6390/831/6386
f 6321/768/6329 6333/834/6389 6334/835/6390 6322/769/6330
f 6336/836/6391 6337/837/6392 6325/772/6333 6324/771/6332
f 6335/838/6393 6336/836/6391 6324/771/6332 6323/773/6334
f 6338/839/6394 6339/756/6317 6327/755/6316 6326/776/6337
f 6337/840/6392 6338/839/6394 6326/776/6337 6325/778/6333
f 6390/831/6386 6402/833/6388 6391/759/6320 6379/826/6381
f 6319/760/6321 6331/800/6357 6332/841/6395 6320/761/6322
f 6322/769/6330 6334/835/6390 6335/838/6393 6323/773/6334
f 6320/761/6322 6332/841/6395 6333/834/6389 6321/768/6329
f 6328/758/6319 6340/757/6318 6341/764/6325 6329/763/6324
f 6330/766/6327 6342/765/6326 6331/800/6357 6319/760/6321
f 6401/781/6340 6329/763/6324 6330/766/6327 6402/833/6388
f 6333/834/6389 6345/804/6361 6346/786/6345 6334/835/6390
f 6348/791/6350 6349/793/6352 6337/837/6392 6336/836/6391
f 6347/789/6348 6348/791/6350 6336/836/6391 6335/838/6393
f 6350/796/6354 6351/782/6341 6339/756/6317 6338/839/6394
f 6349/797/6352 6350/796/6354 6338/839/6394 6337/840/6392
f 6402/833/6388 6330/766/6327 6319/760/6321 6391/759/6320
f 6331/800/6357 6343/799/6356 6344/801/6358 6332/841/6395
f 6334/835/6390 6346/786/6345 6347/789/6348 6335/838/6393
f 6332/841/6395 6344/801/6358 6345/804/6361 6333/834/6389
f 6355/805/6362 6366/808/6365 6246/654/6235 6235/669/6248
f 6366/808/6365 6365/807/6364 6245/652/6233 6246/654/6235
f 6365/807/6364 6364/806/6363 6244/650/6231 6245/652/6233
f 6364/806/6363 6363/798/6355 6243/647/6228 6244/650/6231
f 6363/798/6355 6362/795/6353 6242/697/6275 6243/647/6228
f 6362/795/6353 6361/794/6351 6241/698/6273 6242/697/6275
f 6361/792/6351 6360/790/6349 6240/696/6274 6241/695/6273
f 6360/790/6349 6359/788/6347 6239/702/6279 6240/696/6274
f 6359/788/6347 6358/787/6346 6238/701/6278 6239/702/6279
f 6358/787/6346 6357/803/6360 6237/700/6277 6238/701/6278
f 6357/803/6360 6356/802/6359 6236/699/6276 6237/700/6277
f 6356/802/6359 6355/805/6362 6235/669/6248 6236/699/6276
f 6368/821/6376 6369/824/6379 6309/742/6311 6308/741/6310
f 6369/824/6379 6370/809/6366 6310/734/6304 6309/742/6311
f 6370/809/6366 6371/812/6369 6311/735/6305 6310/734/6304
f 6371/812/6369 6372/813/6370 6312/736/6306 6311/735/6305
f 6372/813/6370 6373/814/6371 6313/737/6307 6312/736/6306
f 6373/818/6371 6374/817/6373 6314/739/6308 6313/738/6307
f 6374/817/6373 6375/820/6375 6315/740/6309 6314/739/6308
f 6375/820/6375 6376/828/6383 6316/744/6313 6315/740/6309
f 6376/828/6383 6377/830/6385 6317/745/6314 6316/744/6313
f 6377/830/6385 6378/832/6387 6318/746/6315 6317/745/6314
f 6378/832/6387 6367/825/6380 6307/743/6312 6318/746/6315
f 6367/825/6380 6368/821/6376 6308/741/6310 6307/743/6312
f 6287/714/6287 6288/716/6289 6276/748/6259 6275/754/6258
f 6251/658/6239 6252/660/6241 6240/696/6274 6239/702/6279
f 3500/802/3504 3499/805/3507 6403/842/3443 6414/854/6396
f 3501/803/3505 3500/802/3504 6414/854/6396 6413/853/6397
f 3502/787/3491 3501/803/3505 6413/853/6397 6412/852/1
f 3503/788/3492 3502/787/3491 6412/852/1 6411/851/6398
f 3504/790/3494 3503/788/3492 6411/851/6398 6410/850/3453
f 3505/792/3496 3504/790/3494 6410/850/3453 6409/849/3448
f 3506/795/3498 3505/794/3496 6409/848/3448 6408/847/3447
f 3507/798/3500 3506/795/3498 6408/847/3447 6407/846/6399
f 3508/806/3508 3507/798/3500 6407/846/6399 6406/845/9
f 3509/807/3509 3508/806/3508 6406/845/9 6405/844/6400
f 3510/808/3510 3509/807/3509 6405/844/6400 6404/843/3455
f 3499/805/3507 3510/808/3510 6404/843/3455 6403/842/3443
f 3511/825/3525 3512/821/3521 6415/855/3453 6426/867/3448
f 3522/832/3532 3511/825/3525 6426/867/3448 6425/866/3456
f 3521/830/3530 3522/832/3532 6425/866/3456 6424/865/6399
f 3520/828/3528 3521/830/3530 6424/865/6399 6423/864/9
f 3519/820/3520 3520/828/3528 6423/864/9 6422/863/6400
f 3518/817/3518 3519/820/3520 6422/863/6400 6421/862/6401
f 3517/818/3516 3518/817/3518 6421/862/6401 6420/861/3443
f 3516/813/3515 3517/814/3516 6420/860/3443 6419/859/3454
f 3515/812/3514 3516/813/3515 6419/859/3454 6418/858/6397
f 3514/809/3511 3515/812/3514 6418/858/6397 6417/857/1
f 3513/824/3524 3514/809/3511 6417/857/1 6416/856/6398
f 3512/821/3521 3513/824/3524 6416/856/6398 6415/855/3453
o Rope_Fence_001
v -0.035000 1.113902 0.000000
v -0.033287 1.113902 -0.010816
v -0.028316 1.113902 -0.020572
v -0.020572 1.113902 -0.028316
v -0.010816 1.113902 -0.033287
v -0.000000 1.113902 -0.035000
v 0.010816 1.113902 -0.033287
v 0.020572 1.113902 -0.028316
v 0.028316 1.113902 -0.020572
v 0.033287 1.113902 -0.010816
v 0.035000 1.113902 -0.000000
v 0.033287 1.113902 0.010816
v 0.028316 1.113902 0.020572
v 0.020572 1.113902 0.028316
v 0.010816 1.113902 0.033287
v 0.000000 1.113902 0.035000
v -0.010816 1.113902 0.033287
v -0.020572 1.113902 0.028316
v -0.028316 1.113902 0.020572
v -0.033287 1.113902 0.010816
v -0.034815 2.050097 0.000000
v -0.033923 2.048318 -0.006639
v -0.032193 2.043458 -0.011499
v -0.020572 2.059302 -0.028316
v -0.010816 2.059302 -0.033287
v -0.000000 2.059302 -0.035000
v 0.010816 2.059302 -0.033287
v 0.020572 2.059302 -0.028316
v 0.032399 2.043428 -0.011447
v 0.033663 2.048266 -0.006609
v 0.035021 2.050037 -0.000000
v 0.033663 2.048266 0.006609
v 0.032399 2.043428 0.011447
v 0.020572 2.059302 0.028316
v 0.010816 2.059302 0.033287
v 0.000000 2.059302 0.035000
v -0.010816 2.059302 0.033287
v -0.020572 2.059302 0.028316
v -0.032193 2.043458 0.011499
v -0.033923 2.048318 0.006639
v -0.033923 2.025320 -0.006639
v -0.032193 2.030180 -0.011499
v -0.020572 2.014336 -0.028316
v -0.010816 2.014336 -0.033287
v -0.000000 2.014336 -0.035000
v 0.010816 2.014336 -0.033287
v 0.020572 2.014336 -0.028316
v 0.032399 2.030210 -0.011447
v 0.033663 2.025372 -0.006609
v 0.035021 2.023601 -0.000000
v 0.033663 2.025372 0.006609
v 0.032399 2.030210 0.011447
v 0.020572 2.014336 0.028316
v 0.010816 2.014336 0.033287
v 0.000000 2.014336 0.035000
v -0.010816 2.014336 0.033287
v -0.020572 2.014336 0.028316
v -0.032193 2.030180 0.011499
v -0.033923 2.025320 0.006639
v -0.034815 2.023541 0.000000
v -0.031694 2.036819 -0.013278
v -0.020572 2.036819 -0.028316
v -0.010816 2.036819 -0.033287
v -0.000000 2.036819 -0.035000
v 0.010816 2.036819 -0.033287
v 0.020572 2.036819 -0.028316
v 0.031900 2.036819 -0.013218
v 0.031900 2.036819 0.013218
v 0.020572 2.036819 0.028316
v 0.010816 2.036819 0.033287
v 0.000000 2.036819 0.035000
v -0.010816 2.036819 0.033287
v -0.020572 2.036819 0.028316
v -0.031694 2.036819 0.013278
v -0.033287 2.059302 0.010816
v -0.035000 2.059302 0.000000
v -0.028316 2.059302 0.020572
v -0.033287 2.059302 -0.010816
v -0.028316 2.059302 -0.020572
v -0.028316 2.036819 -0.020572
v -0.028316 2.014336 -0.020572
v -0.028316 2.036819 0.020572
v -0.028316 2.014336 0.020572
v -0.035000 2.014336 0.000000
v -0.033287 2.014336 -0.010816
v -0.033287 2.014336 0.010816
v 0.033287 2.059302 0.010816
v 0.028316 2.059302 0.020572
v 0.035000 2.059302 -0.000000
v 0.033287 2.059302 -0.010816
v 0.028316 2.059302 -0.020572
v 0.028316 2.036819 -0.020572
v 0.028316 2.014336 -0.020572
v 0.028316 2.036819 0.020572
v 0.028316 2.014336 0.020572
v 0.033287 2.014336 -0.010816
v 0.035000 2.014336 -0.000000
v 0.033287 2.014336 0.010816
v -0.026462 2.113902 0.000000
v -0.035000 2.105469 0.000000
v -0.025166 2.113902 -0.008177
v -0.033287 2.105469 -0.010816
v -0.021408 2.113902 -0.015554
v -0.028316 2.105469 -0.020572
v -0.015554 2.113902 -0.021408
v -0.020572 2.105469 -0.028316
v -0.008177 2.113902 -0.025166
v -0.010816 2.105469 -0.033287
v -0.000000 2.113902 -0.026462
v -0.000000 2.105469 -0.035000
v 0.008177 2.113902 -0.025166
v 0.010816 2.105469 -0.033287
v 0.015554 2.113902 -0.021408
v 0.020572 2.105469 -0.028316
v 0.021408 2.113902 -0.015554
v 0.028316 2.105469 -0.020572
v 0.025166 2.113902 -0.008177
v 0.033287 2.105469 -0.010816
v 0.026462 2.113902 -0.000000
v 0.035000 2.105469 -0.000000
v 0.025166 2.113902 0.008177
v 0.033287 2.105469 0.010816
v 0.021408 2.113902 0.015554
v 0.028316 2.105469 0.020572
v 0.015554 2.113902 0.021408
v 0.020572 2.105469 0.028316
v 0.008177 2.113902 0.025166
v 0.010816 2.105469 0.033287
v 0.000000 2.113902 0.026462
v 0.000000 2.105469 0.035000
v -0.008177 2.113902 0.025166
v -0.010816 2.105469 0.033287
v -0.015554 2.113902 0.021408
v -0.020572 2.105469 0.028316
v -0.021408 2.113902 0.015554
v -0.028316 2.105469 0.020572
v -0.025166 2.113902 0.008177
v -0.033287 2.105469 0.010816
v -1.001433 1.816031 -0.007049
v -1.001433 1.818950 0.000000
v -1.001433 1.816031 0.007049
v -1.001433 1.808982 0.009969
v -1.001433 1.801933 0.007049
v -1.001433 1.799013 0.000000
v -1.001433 1.801933 -0.007049
v -1.001433 1.808982 -0.009969
v -0.883928 1.820264 -0.007049
v -0.884140 1.823176 0.000000
v -0.883928 1.820264 0.007049
v -0.883417 1.813233 0.009969
v -0.882906 1.806203 0.007049
v -0.882695 1.803291 0.000000
v -0.882906 1.806203 -0.007049
v -0.883417 1.813233 -0.009969
v -0.768532 1.832906 -0.007049
v -0.768938 1.835797 0.000000
v -0.768532 1.832906 0.007049
v -0.767552 1.825925 0.009969
v -0.766571 1.818945 0.007049
v -0.766165 1.816054 0.000000
v -0.766571 1.818945 -0.007049
v -0.767552 1.825925 -0.009969
v -0.656919 1.852060 -0.007049
v -0.657485 1.854924 0.000000
v -0.656919 1.852060 0.007049
v -0.655552 1.845145 0.009969
v -0.654185 1.838230 0.007049
v -0.653619 1.835365 0.000000
v -0.654185 1.838230 -0.007049
v -0.655552 1.845145 -0.009969
v -0.550817 1.875824 -0.007049
v -0.551514 1.878659 0.000000
v -0.550817 1.875824 0.007049
v -0.549135 1.868979 0.009969
v -0.547453 1.862134 0.007049
v -0.546756 1.859298 0.000000
v -0.547453 1.862134 -0.007049
v -0.549135 1.868979 -0.009969
v -0.451952 1.902293 -0.007049
v -0.452753 1.905100 0.000000
v -0.451952 1.902293 0.007049
v -0.450018 1.895515 0.009969
v -0.448083 1.888736 0.007049
v -0.447282 1.885929 0.000000
v -0.448083 1.888736 -0.007049
v -0.450018 1.895515 -0.009969
v -0.362043 1.929559 -0.007049
v -0.362924 1.932343 0.000000
v -0.362043 1.929559 0.007049
v -0.359915 1.922839 0.009969
v -0.357787 1.916119 0.007049
v -0.356906 1.913336 0.000000
v -0.357787 1.916119 -0.007049
v -0.359915 1.922839 -0.009969
v -0.282802 1.955718 -0.007049
v -0.283737 1.958484 0.000000
v -0.282802 1.955718 0.007049
v -0.280544 1.949041 0.009969
v -0.278287 1.942363 0.007049
v -0.277351 1.939597 0.000000
v -0.278287 1.942363 -0.007049
v -0.280544 1.949041 -0.009969
v -0.215937 1.978863 -0.007049
v -0.216896 1.981621 0.000000
v -0.215937 1.978863 0.007049
v -0.213622 1.972205 0.009969
v -0.211306 1.965548 0.007049
v -0.210347 1.962790 0.000000
v -0.211306 1.965548 -0.007049
v -0.213622 1.972205 -0.009969
v -0.162616 1.997494 -0.007049
v -0.163579 2.000250 0.000000
v -0.162616 1.997494 0.007049
v -0.160291 1.990840 0.009969
v -0.157966 1.984185 0.007049
v -0.157003 1.981429 0.000000
v -0.157966 1.984185 -0.007049
v -0.160291 1.990840 -0.009969
v -0.121726 2.011779 -0.007049
v -0.122688 2.014535 0.000000
v -0.121726 2.011779 0.007049
v -0.119401 2.005124 0.009969
v -0.117077 1.998470 0.007049
v -0.116114 1.995713 0.000000
v -0.117077 1.998470 -0.007049
v -0.119401 2.005124 -0.009969
v -0.091554 2.022315 -0.007049
v -0.092516 2.025071 -0.000000
v -0.091554 2.022315 0.007049
v -0.089231 2.015659 0.009969
v -0.086909 2.009004 0.007049
v -0.085947 2.006247 0.000000
v -0.086909 2.009004 -0.007049
v -0.089231 2.015659 -0.009969
v -0.070377 2.029701 -0.007049
v -0.071337 2.032458 -0.000000
v -0.070377 2.029701 0.007049
v -0.068058 2.023044 0.009969
v -0.065740 2.016387 0.007049
v -0.064779 2.013630 0.000000
v -0.065740 2.016387 -0.007049
v -0.068058 2.023044 -0.009969
v -0.056467 2.034538 -0.007049
v -0.057424 2.037297 -0.000000
v -0.056467 2.034538 0.007049
v -0.054159 2.027878 0.009969
v -0.051850 2.021218 0.007049
v -0.050894 2.018459 0.000000
v -0.051850 2.021218 -0.007049
v -0.054159 2.027878 -0.009969
v -0.048094 2.037431 -0.007049
v -0.049039 2.040194 -0.000000
v -0.048094 2.037431 0.007049
v -0.045811 2.030762 0.009969
v -0.043528 2.024093 0.007049
v -0.042582 2.021331 0.000000
v -0.043528 2.024093 -0.007049
v -0.045811 2.030762 -0.009969
v -0.043483 2.038994 -0.007049
v -0.044391 2.041770 -0.000000
v -0.043483 2.038994 0.007049
v -0.041292 2.032295 0.009969
v -0.039100 2.025595 0.007049
v -0.038192 2.022820 0.000000
v -0.039100 2.025595 -0.007049
v -0.041292 2.032295 -0.009969
v -0.039025 2.040396 -0.007049
v -0.039814 2.043207 -0.000000
v -0.039025 2.040396 0.007049
v -0.037119 2.033610 0.009969
v -0.035213 2.026824 0.007049
v -0.034423 2.024013 0.000000
v -0.035213 2.026824 -0.007049
v -0.037119 2.033610 -0.009969
v -0.035619 2.041229 -0.007049
v -0.036150 2.044100 -0.000000
v -0.035619 2.041229 0.007049
v -0.034336 2.034298 0.009969
v -0.033053 2.027367 0.007049
v -0.032522 2.024496 0.000000
v -0.033053 2.027367 -0.007049
v -0.034336 2.034298 -0.009969
v -0.032377 2.041636 -0.007049
v -0.032597 2.044547 -0.000000
v -0.032377 2.041636 0.007049
v -0.031846 2.034607 0.009969
v -0.031316 2.027578 0.007049
v -0.031096 2.024667 0.000000
v -0.031316 2.027578 -0.007049
v -0.031846 2.034607 -0.009969
v -0.028918 2.041737 -0.007049
v -0.028958 2.044657 -0.000000
v -0.028918 2.041737 0.007049
v -0.028822 2.034689 0.009969
v -0.028726 2.027641 0.007049
v -0.028686 2.024721 0.000000
v -0.028726 2.027641 -0.007049
v -0.028822 2.034689 -0.009969
v 0.000025 2.041741 -0.007049
v 0.000024 2.044661 -0.000000
v 0.000025 2.041741 0.007049
v 0.000025 2.034692 0.009969
v 0.000026 2.027643 0.007049
v 0.000026 2.024724 0.000000
v 0.000026 2.027643 -0.007049
v 0.000025 2.034692 -0.009969
v 0.000026 2.041741 -0.007049
v 0.000026 2.044661 -0.000000
v 0.000026 2.041741 0.007049
v 0.000025 2.034692 0.009969
v 0.000025 2.027643 0.007049
v 0.000024 2.024724 0.000000
v 0.000025 2.027643 -0.007049
v 0.000025 2.034692 -0.009969
v 0.028968 2.041737 -0.007049
v 0.029008 2.044657 -0.000000
v 0.028968 2.041737 0.007049
v 0.028873 2.034689 0.009969
v 0.028777 2.027641 0.007049
v 0.028737 2.024721 0.000000
v 0.028777 2.027641 -0.007049
v 0.028873 2.034689 -0.009969
v 0.032427 2.041636 -0.007049
v 0.032647 2.044547 -0.000000
v 0.032427 2.041636 0.007049
v 0.031897 2.034607 0.009969
v 0.031366 2.027578 0.007049
v 0.031146 2.024667 0.000000
v 0.031366 2.027578 -0.007049
v 0.031897 2.034607 -0.009969
v 0.035669 2.041229 -0.007049
v 0.036200 2.044100 -0.000000
v 0.035669 2.041229 0.007049
v 0.034386 2.034298 0.009969
v 0.033104 2.027367 0.007049
v 0.032573 2.024496 0.000000
v 0.033104 2.027367 -0.007049
v 0.034386 2.034298 -0.009969
v 0.039075 2.040396 -0.007049
v 0.039865 2.043207 -0.000000
v 0.039075 2.040396 0.007049
v 0.037169 2.033610 0.009969
v 0.035263 2.026824 0.007049
v 0.034473 2.024013 0.000000
v 0.035263 2.026824 -0.007049
v 0.037169 2.033610 -0.009969
v 0.043533 2.038994 -0.007049
v 0.044441 2.041770 -0.000000
v 0.043533 2.038994 0.007049
v 0.041342 2.032295 0.009969
v 0.039151 2.025595 0.007049
v 0.038243 2.022820 -0.000000
v 0.039151 2.025595 -0.007049
v 0.041342 2.032295 -0.009969
v 0.048144 2.037431 -0.007049
v 0.049090 2.040194 -0.000000
v 0.048144 2.037431 0.007049
v 0.045861 2.030762 0.009969
v 0.043578 2.024093 0.007049
v 0.042633 2.021331 -0.000000
v 0.043578 2.024093 -0.007049
v 0.045861 2.030762 -0.009969
v 0.056518 2.034538 -0.007049
v 0.057474 2.037297 -0.000000
v 0.056518 2.034538 0.007049
v 0.054209 2.027878 0.009969
v 0.051901 2.021218 0.007049
v 0.050944 2.018459 -0.000000
v 0.051901 2.021218 -0.007049
v 0.054209 2.027878 -0.009969
v 0.070427 2.029701 -0.007049
v 0.071388 2.032458 -0.000000
v 0.070427 2.029701 0.007049
v 0.068109 2.023044 0.009969
v 0.065790 2.016387 0.007049
v 0.064830 2.013630 -0.000000
v 0.065790 2.016387 -0.007049
v 0.068109 2.023044 -0.009969
v 0.091605 2.022315 -0.007049
v 0.092567 2.025071 -0.000000
v 0.091605 2.022315 0.007049
v 0.089282 2.015659 0.009969
v 0.086959 2.009004 0.007049
v 0.085997 2.006247 -0.000000
v 0.086959 2.009004 -0.007049
v 0.089282 2.015659 -0.009969
v 0.121776 2.011779 -0.007049
v 0.122739 2.014535 -0.000000
v 0.121776 2.011779 0.007049
v 0.119452 2.005124 0.009969
v 0.117128 1.998470 0.007049
v 0.116165 1.995713 -0.000000
v 0.117128 1.998470 -0.007049
v 0.119452 2.005124 -0.009969
v 0.162666 1.997494 -0.007049
v 0.163629 2.000250 -0.000000
v 0.162666 1.997494 0.007049
v 0.160341 1.990840 0.009969
v 0.158016 1.984185 0.007049
v 0.157053 1.981429 -0.000000
v 0.158016 1.984185 -0.007049
v 0.160341 1.990840 -0.009969
v 0.215988 1.978863 -0.007049
v 0.216947 1.981621 -0.000000
v 0.215988 1.978863 0.007049
v 0.213672 1.972205 0.009969
v 0.211357 1.965548 0.007049
v 0.210398 1.962790 -0.000000
v 0.211357 1.965548 -0.007049
v 0.213672 1.972205 -0.009969
v 0.282853 1.955718 -0.007049
v 0.283788 1.958484 -0.000000
v 0.282853 1.955718 0.007049
v 0.280595 1.949041 0.009969
v 0.278337 1.942363 0.007049
v 0.277402 1.939597 -0.000000
v 0.278337 1.942363 -0.007049
v 0.280595 1.949041 -0.009969
v 0.362093 1.929559 -0.007049
v 0.362975 1.932343 -0.000000
v 0.362093 1.929559 0.007049
v 0.359966 1.922839 0.009969
v 0.357838 1.916119 0.007049
v 0.356956 1.913336 -0.000000
v 0.357838 1.916119 -0.007049
v 0.359966 1.922839 -0.009969
v 0.452003 1.902293 -0.007049
v 0.452804 1.905100 -0.000000
v 0.452003 1.902293 0.007049
v 0.450068 1.895515 0.009969
v 0.448133 1.888736 0.007049
v 0.447332 1.885929 -0.000000
v 0.448133 1.888736 -0.007049
v 0.450068 1.895515 -0.009969
v 0.550868 1.875824 -0.007049
v 0.551565 1.878659 -0.000000
v 0.550868 1.875824 0.007049
v 0.549186 1.868979 0.009969
v 0.547504 1.862134 0.007049
v 0.546807 1.859298 -0.000000
v 0.547504 1.862134 -0.007049
v 0.549186 1.868979 -0.009969
v 0.656970 1.852060 -0.007049
v 0.657536 1.854924 -0.000000
v 0.656970 1.852060 0.007049
v 0.655603 1.845145 0.009969
v 0.654236 1.838230 0.007049
v 0.653670 1.835365 -0.000000
v 0.654236 1.838230 -0.007049
v 0.655603 1.845145 -0.009969
v 0.768583 1.832906 -0.007049
v 0.768989 1.835797 -0.000000
v 0.768583 1.832906 0.007049
v 0.767602 1.825925 0.009969
v 0.766622 1.818945 0.007049
v 0.766216 1.816054 -0.000000
v 0.766622 1.818945 -0.007049
v 0.767602 1.825925 -0.009969
v 0.883979 1.820264 -0.007049
v 0.884191 1.823176 -0.000000
v 0.883979 1.820264 0.007049
v 0.883468 1.813233 0.009969
v 0.882957 1.806203 0.007049
v 0.882745 1.803291 -0.000000
v 0.882957 1.806203 -0.007049
v 0.883468 1.813233 -0.009969
v 1.001484 1.816031 -0.007049
v 1.001484 1.818950 -0.000000
v 1.001484 1.816031 0.007049
v 1.001484 1.808982 0.009969
v 1.001484 1.801933 0.007049
v 1.001484 1.799013 -0.000000
v 1.001484 1.801933 -0.007049
v 1.001484 1.808982 -0.009969
vn -0.9512 -0.0157 0.3082
vn -0.9511 -0.0000 0.3090
vn -1.0000 -0.0000 -0.0000
vn -1.0000 -0.0042 -0.0000
vn -0.8173 -0.0067 -0.5761
vn -0.8090 -0.0000 -0.5878
vn -0.5878 -0.0000 -0.8090
vn -0.3090 -0.0000 -0.9511
vn -0.0000 -0.0000 -1.0000
vn 0.3090 -0.0000 -0.9511
vn 0.5878 -0.0000 -0.8090
vn 0.8090 -0.0000 -0.5878
vn 0.8186 -0.0051 -0.5743
vn 0.9511 -0.0000 -0.3090
vn 0.9520 -0.0144 -0.3059
vn 1.0000 -0.0000 -0.0000
vn 1.0000 -0.0083 -0.0000
vn 0.9511 -0.0000 0.3090
vn 0.9520 -0.0144 0.3059
vn 0.8090 -0.0000 0.5878
vn 0.8186 -0.0051 0.5743
vn 0.5878 -0.0000 0.8090
vn 0.3090 -0.0000 0.9511
vn -0.0000 -0.0000 1.0000
vn -0.3090 -0.0000 0.9511
vn -0.5878 -0.0000 0.8090
vn -0.8090 -0.0000 0.5878
vn -0.8173 -0.0067 0.5761
vn -0.9511 -0.0000 -0.3090
vn -0.9512 -0.0157 -0.3082
vn -0.0000 -1.0000 -0.0000
vn -0.0009 0.5181 0.8553
vn -0.0009 -0.0000 1.0000
vn -0.0009 0.5222 0.8528
vn -0.0009 0.8816 0.4719
vn -0.0009 0.8822 0.4709
vn -0.8267 -0.0000 0.5626
vn 0.8218 -0.0000 0.5698
vn 0.8218 -0.0000 -0.5698
vn -0.8267 -0.0000 -0.5626
vn -0.0009 1.0000 -0.0000
vn -0.0009 0.8816 -0.4719
vn -0.0009 0.8822 -0.4709
vn -1.0000 0.0042 -0.0000
vn -0.9512 0.0157 -0.3082
vn -0.8173 0.0067 -0.5761
vn 0.8186 0.0051 -0.5743
vn 0.9520 0.0144 -0.3059
vn 1.0000 0.0083 -0.0000
vn 0.9520 0.0144 0.3059
vn 0.8186 0.0051 0.5743
vn -0.8173 0.0067 0.5761
vn -0.9512 0.0157 0.3082
vn -0.0009 0.5181 -0.8553
vn -0.0009 0.5222 -0.8528
vn -0.0009 -0.0000 -1.0000
vn -0.0009 -1.0000 -0.0000
vn -0.0009 -0.8816 -0.4719
vn -0.0009 -0.8822 -0.4709
vn -0.0009 -0.8816 0.4719
vn -0.0009 -0.8822 0.4709
vn -0.0009 -0.5181 0.8553
vn -0.0009 -0.5222 0.8528
vn -0.0009 -0.5181 -0.8553
vn -0.0009 -0.5222 -0.8528
vn -1.0000 -0.0083 -0.0000
vn -0.9572 -0.0287 0.2880
vn -0.9162 -0.0116 0.4005
vn -0.9162 -0.0116 -0.4005
vn -0.9572 -0.0287 -0.2880
vn -0.9162 0.0116 -0.4005
vn -0.9173 -0.0000 -0.3983
vn -0.9173 -0.0000 0.3983
vn -0.9162 0.0116 0.4005
vn -1.0000 0.0083 -0.0000
vn -0.9572 0.0287 -0.2880
vn -0.9572 0.0287 0.2880
vn 0.9154 -0.0074 0.4026
vn 0.9574 -0.0274 0.2875
vn 0.9999 -0.0166 -0.0000
vn 0.9574 -0.0274 -0.2875
vn 0.9154 -0.0074 -0.4026
vn 0.9102 -0.0000 -0.4143
vn 0.9154 0.0074 -0.4026
vn 0.9154 0.0074 0.4026
vn 0.9102 -0.0000 0.4143
vn 0.9574 0.0274 -0.2875
vn 0.9999 0.0166 -0.0000
vn 0.9574 0.0274 0.2875
vn -0.6683 0.7115 -0.2172
vn -0.7027 0.7115 -0.0000
vn -0.5685 0.7115 -0.4130
vn -0.4130 0.7115 -0.5685
vn -0.2171 0.7115 -0.6683
vn -0.0000 0.7115 -0.7027
vn 0.2171 0.7115 -0.6683
vn 0.4130 0.7115 -0.5685
vn 0.5685 0.7115 -0.4130
vn 0.6683 0.7115 -0.2172
vn 0.7027 0.7115 -0.0000
vn 0.6683 0.7115 0.2172
vn 0.5685 0.7115 0.4130
vn 0.4130 0.7115 0.5685
vn 0.2171 0.7115 0.6683
vn -0.0000 0.7115 0.7027
vn -0.2171 0.7115 0.6683
vn -0.4130 0.7115 0.5685
vn -0.5685 0.7115 0.4130
vn -0.6683 0.7115 0.2172
vn -0.0000 1.0000 -0.0000
vn -0.0253 0.7024 -0.7113
vn -0.0509 0.7007 -0.7116
vn 0.0006 -0.0089 -1.0000
vn 0.0003 -0.0088 -1.0000
vn -0.0360 0.9994 -0.0000
vn -0.0725 0.9974 -0.0000
vn -0.0253 0.7024 0.7113
vn -0.0509 0.7007 0.7116
vn 0.0003 -0.0088 1.0000
vn 0.0006 -0.0089 1.0000
vn 0.0256 -0.7112 0.7025
vn 0.0516 -0.7096 0.7027
vn 0.0360 -0.9994 -0.0000
vn 0.0725 -0.9974 -0.0000
vn 0.0256 -0.7112 -0.7025
vn 0.0516 -0.7096 -0.7027
vn -0.0978 0.6965 -0.7108
vn 0.0010 -0.0073 -1.0000
vn -0.1391 0.9903 -0.0000
vn -0.0978 0.6965 0.7108
vn 0.0010 -0.0073 1.0000
vn 0.0988 -0.7039 0.7034
vn 0.1391 -0.9903 -0.0000
vn 0.0988 -0.7039 -0.7034
vn -0.1365 0.6907 -0.7102
vn 0.0012 -0.0060 -1.0000
vn -0.1939 0.9810 -0.0000
vn -0.1365 0.6907 0.7102
vn 0.0012 -0.0060 1.0000
vn 0.1377 -0.6967 0.7040
vn 0.1939 -0.9810 -0.0000
vn 0.1377 -0.6967 -0.7040
vn -0.1681 0.6842 -0.7096
vn 0.0012 -0.0049 -1.0000
vn -0.2386 0.9711 -0.0000
vn -0.1681 0.6842 0.7096
vn 0.0012 -0.0049 1.0000
vn 0.1693 -0.6891 0.7046
vn 0.2386 -0.9711 -0.0000
vn 0.1693 -0.6891 -0.7046
vn -0.1935 0.6780 -0.7091
vn 0.0011 -0.0038 -1.0000
vn -0.2745 0.9616 -0.0000
vn -0.1935 0.6780 0.7091
vn 0.0011 -0.0038 1.0000
vn 0.1946 -0.6819 0.7051
vn 0.2744 -0.9616 -0.0000
vn 0.1946 -0.6819 -0.7051
vn -0.2130 0.6727 -0.7086
vn 0.0009 -0.0028 -1.0000
vn -0.3019 0.9533 -0.0000
vn -0.2130 0.6727 0.7086
vn 0.0009 -0.0028 1.0000
vn 0.2139 -0.6755 0.7056
vn 0.3019 -0.9534 -0.0000
vn 0.2139 -0.6755 -0.7056
vn -0.2262 0.6690 -0.7080
vn 0.0006 -0.0017 -1.0000
vn -0.3203 0.9473 -0.0000
vn -0.2262 0.6690 0.7080
vn 0.0006 -0.0017 1.0000
vn 0.2268 -0.6707 0.7062
vn 0.3203 -0.9473 -0.0000
vn 0.2268 -0.6707 -0.7062
vn -0.2322 0.6677 -0.7073
vn 0.0001 -0.0003 -1.0000
vn -0.3285 0.9445 -0.0000
vn -0.2322 0.6677 0.7073
vn 0.0001 -0.0003 1.0000
vn 0.2323 -0.6680 0.7069
vn 0.3285 -0.9445 -0.0000
vn 0.2323 -0.6680 -0.7069
vn -0.2332 0.6675 -0.7071
vn -0.3298 0.9440 -0.0000
vn -0.2332 0.6675 0.7071
vn 0.2332 -0.6675 0.7071
vn 0.3298 -0.9440 -0.0000
vn 0.2332 -0.6675 -0.7071
vn -0.2332 0.6676 -0.7071
vn -0.3297 0.9441 -0.0000
vn -0.2332 0.6676 0.7071
vn 0.2332 -0.6676 0.7071
vn 0.3297 -0.9441 -0.0000
vn 0.2332 -0.6676 -0.7071
vn -0.2330 0.6676 -0.7071
vn -0.3295 0.9442 -0.0000
vn -0.2330 0.6676 0.7071
vn 0.2330 -0.6676 0.7071
vn 0.3295 -0.9442 -0.0000
vn 0.2330 -0.6676 -0.7071
vn -0.2326 0.6678 -0.7071
vn -0.0000 0.0001 -1.0000
vn -0.3289 0.9444 -0.0000
vn -0.2326 0.6678 0.7071
vn -0.0000 0.0001 1.0000
vn 0.2326 -0.6677 0.7072
vn 0.3289 -0.9444 -0.0000
vn 0.2326 -0.6677 -0.7072
vn -0.2316 0.6682 -0.7070
vn -0.0001 0.0002 -1.0000
vn -0.3275 0.9448 -0.0000
vn -0.2316 0.6682 0.7070
vn -0.0001 0.0002 1.0000
vn 0.2315 -0.6680 0.7072
vn 0.3275 -0.9448 -0.0000
vn 0.2315 -0.6680 -0.7072
vn -0.2291 0.6693 -0.7068
vn -0.0002 0.0007 -1.0000
vn -0.3238 0.9461 -0.0000
vn -0.2291 0.6693 0.7068
vn -0.0002 0.0007 1.0000
vn 0.2289 -0.6687 0.7074
vn 0.3239 -0.9461 -0.0000
vn 0.2289 -0.6687 -0.7074
vn -0.2200 0.6735 -0.7057
vn -0.0007 0.0025 -1.0000
vn -0.3105 0.9506 -0.0000
vn -0.2200 0.6735 0.7057
vn -0.0007 0.0025 1.0000
vn 0.2197 -0.6708 0.7084
vn 0.3114 -0.9503 -0.0000
vn 0.2197 -0.6708 -0.7084
vn -0.1912 0.6849 -0.7031
vn -0.0017 0.0075 -1.0000
vn -0.2686 0.9632 -0.0000
vn -0.1912 0.6849 0.7031
vn -0.0017 0.0075 1.0000
vn 0.1919 -0.6768 0.7107
vn 0.2734 -0.9619 -0.0000
vn 0.1919 -0.6768 -0.7107
vn -0.1295 0.7020 -0.7003
vn -0.0025 0.0143 -0.9999
vn -0.1812 0.9834 -0.0000
vn -0.1295 0.7020 0.7003
vn -0.0025 0.0143 0.9999
vn 0.1278 -0.6874 0.7150
vn 0.1830 -0.9831 -0.0000
vn 0.1278 -0.6874 -0.7150
vn -0.0549 0.7107 -0.7014
vn -0.0013 0.0117 -0.9999
vn -0.0773 0.9970 -0.0000
vn -0.0549 0.7107 0.7014
vn -0.0013 0.0117 0.9999
vn 0.0509 -0.6992 0.7131
vn 0.0718 -0.9974 -0.0000
vn 0.0509 -0.6992 -0.7131
vn -0.0104 0.7089 -0.7053
vn -0.0003 0.0033 -1.0000
vn -0.0149 0.9999 -0.0000
vn -0.0104 0.7089 0.7053
vn -0.0003 0.0033 1.0000
vn 0.0085 -0.7057 0.7085
vn 0.0118 -0.9999 -0.0000
vn 0.0085 -0.7057 -0.7085
vn -0.0001 0.7071 -0.7071
vn -0.0001 1.0000 -0.0000
vn -0.0001 0.7071 0.7071
vn 0.0001 -0.7071 0.7071
vn 0.0001 -1.0000 -0.0000
vn 0.0001 -0.7071 -0.7071
vn 0.0001 0.7071 -0.7071
vn 0.0104 0.7089 -0.7053
vn 0.0003 0.0033 -1.0000
vn 0.0001 1.0000 -0.0000
vn 0.0149 0.9999 -0.0000
vn 0.0001 0.7071 0.7071
vn 0.0104 0.7089 0.7053
vn 0.0003 0.0033 1.0000
vn -0.0001 -0.7071 0.7071
vn -0.0085 -0.7057 0.7085
vn -0.0001 -1.0000 -0.0000
vn -0.0118 -0.9999 -0.0000
vn -0.0001 -0.7071 -0.7071
vn -0.0085 -0.7057 -0.7085
vn 0.0549 0.7107 -0.7014
vn 0.0013 0.0117 -0.9999
vn 0.0773 0.9970 -0.0000
vn 0.0549 0.7107 0.7014
vn 0.0013 0.0117 0.9999
vn -0.0509 -0.6992 0.7131
vn -0.0718 -0.9974 -0.0000
vn -0.0509 -0.6992 -0.7131
vn 0.1295 0.7020 -0.7003
vn 0.0025 0.0143 -0.9999
vn 0.1813 0.9834 -0.0000
vn 0.1295 0.7020 0.7003
vn 0.0025 0.0143 0.9999
vn -0.1278 -0.6874 0.7150
vn -0.1829 -0.9831 -0.0000
vn -0.1278 -0.6874 -0.7150
vn 0.1912 0.6849 -0.7031
vn 0.0017 0.0075 -1.0000
vn 0.2686 0.9632 -0.0000
vn 0.1912 0.6849 0.7031
vn 0.0017 0.0075 1.0000
vn -0.1919 -0.6768 0.7107
vn -0.2734 -0.9619 -0.0000
vn -0.1919 -0.6768 -0.7107
vn 0.2200 0.6735 -0.7057
vn 0.0007 0.0025 -1.0000
vn 0.3105 0.9506 -0.0000
vn 0.2200 0.6735 0.7057
vn 0.0007 0.0025 1.0000
vn -0.2197 -0.6708 0.7084
vn -0.3114 -0.9503 -0.0000
vn -0.2197 -0.6708 -0.7084
vn 0.2291 0.6693 -0.7068
vn 0.0002 0.0007 -1.0000
vn 0.3238 0.9461 -0.0000
vn 0.2291 0.6693 0.7068
vn 0.0002 0.0007 1.0000
vn -0.2289 -0.6687 0.7074
vn -0.3239 -0.9461 -0.0000
vn -0.2289 -0.6687 -0.7074
vn 0.2316 0.6682 -0.7070
vn 0.0001 0.0002 -1.0000
vn 0.3275 0.9448 -0.0000
vn 0.2316 0.6682 0.7070
vn 0.0001 0.0002 1.0000
vn -0.2315 -0.6680 0.7072
vn -0.3275 -0.9448 -0.0000
vn -0.2315 -0.6680 -0.7072
vn 0.2326 0.6678 -0.7071
vn 0.3289 0.9444 -0.0000
vn 0.2326 0.6678 0.7071
vn -0.2326 -0.6677 0.7072
vn -0.3289 -0.9444 -0.0000
vn -0.2326 -0.6677 -0.7072
vn 0.2330 0.6676 -0.7071
vn 0.3295 0.9442 -0.0000
vn 0.2330 0.6676 0.7071
vn -0.2330 -0.6676 0.7071
vn -0.3295 -0.9442 -0.0000
vn -0.2330 -0.6676 -0.7071
vn 0.2332 0.6676 -0.7071
vn 0.3297 0.9441 -0.0000
vn 0.2332 0.6676 0.7071
vn -0.2332 -0.6676 0.7071
vn -0.3297 -0.9441 -0.0000
vn -0.2332 -0.6676 -0.7071
vn 0.2332 0.6675 -0.7071
vn 0.3298 0.9440 -0.0000
vn 0.2332 0.6675 0.7071
vn -0.2332 -0.6675 0.7071
vn -0.3298 -0.9440 -0.0000
vn -0.2332 -0.6675 -0.7071
vn 0.2322 0.6677 -0.7073
vn -0.0001 -0.0003 -1.0000
vn 0.3285 0.9445 -0.0000
vn 0.2322 0.6677 0.7073
vn -0.0001 -0.0003 1.0000
vn -0.2323 -0.6680 0.7069
vn -0.3285 -0.9445 -0.0000
vn -0.2323 -0.6680 -0.7069
vn 0.2262 0.6690 -0.7080
vn -0.0006 -0.0017 -1.0000
vn 0.3203 0.9473 -0.0000
vn 0.2262 0.6690 0.7080
vn -0.0006 -0.0017 1.0000
vn -0.2268 -0.6707 0.7062
vn -0.3203 -0.9473 -0.0000
vn -0.2268 -0.6707 -0.7062
vn 0.2130 0.6727 -0.7086
vn -0.0009 -0.0028 -1.0000
vn 0.3019 0.9533 -0.0000
vn 0.2130 0.6727 0.7086
vn -0.0009 -0.0028 1.0000
vn -0.2139 -0.6755 0.7056
vn -0.3019 -0.9534 -0.0000
vn -0.2139 -0.6755 -0.7056
vn 0.1935 0.6780 -0.7091
vn -0.0011 -0.0038 -1.0000
vn 0.2745 0.9616 -0.0000
vn 0.1935 0.6780 0.7091
vn -0.0011 -0.0038 1.0000
vn -0.1946 -0.6819 0.7051
vn -0.2744 -0.9616 -0.0000
vn -0.1946 -0.6819 -0.7051
vn 0.1681 0.6842 -0.7096
vn -0.0012 -0.0049 -1.0000
vn 0.2386 0.9711 -0.0000
vn 0.1681 0.6842 0.7096
vn -0.0012 -0.0049 1.0000
vn -0.1693 -0.6891 0.7046
vn -0.2386 -0.9711 -0.0000
vn -0.1693 -0.6891 -0.7046
vn 0.1365 0.6907 -0.7102
vn -0.0012 -0.0060 -1.0000
vn 0.1939 0.9810 -0.0000
vn 0.1365 0.6907 0.7102
vn -0.0012 -0.0060 1.0000
vn -0.1377 -0.6967 0.7040
vn -0.1939 -0.9810 -0.0000
vn -0.1377 -0.6967 -0.7040
vn 0.0978 0.6965 -0.7108
vn -0.0010 -0.0073 -1.0000
vn 0.1391 0.9903 -0.0000
vn 0.0978 0.6965 0.7108
vn -0.0010 -0.0073 1.0000
vn -0.0988 -0.7039 0.7034
vn -0.1391 -0.9903 -0.0000
vn -0.0988 -0.7039 -0.7034
vn 0.0509 0.7007 -0.7116
vn -0.0006 -0.0089 -1.0000
vn 0.0725 0.9974 -0.0000
vn 0.0509 0.7007 0.7116
vn -0.0006 -0.0089 1.0000
vn -0.0516 -0.7096 0.7027
vn -0.0725 -0.9974 -0.0000
vn -0.0516 -0.7096 -0.7027
vn 0.0253 0.7024 -0.7113
vn -0.0003 -0.0088 -1.0000
vn 0.0360 0.9994 -0.0000
vn 0.0253 0.7024 0.7113
vn -0.0003 -0.0088 1.0000
vn -0.0256 -0.7112 0.7025
vn -0.0360 -0.9994 -0.0000
vn -0.0256 -0.7112 -0.7025
vt 0.176798 0.953395
vt 0.176840 0.999926
vt 0.165789 0.999931
vt 0.165777 0.953397
vt 0.143718 0.953365
vt 0.143690 0.999927
vt 0.132645 0.999925
vt 0.132664 0.953351
vt 0.121600 0.999923
vt 0.121610 0.953344
vt 0.110553 0.999922
vt 0.110556 0.953340
vt 0.099506 0.999922
vt 0.099503 0.953340
vt 0.088460 0.999923
vt 0.088451 0.953344
vt 0.077414 0.999925
vt 0.077401 0.953354
vt 0.066352 0.999924
vt 0.066369 0.953387
vt 0.055311 0.999919
vt 0.055335 0.953367
vt 0.044250 0.999911
vt 0.044304 0.953378
vt 0.033207 0.999898
vt 0.033271 0.953338
vt 0.022162 0.999886
vt 0.022221 0.953318
vt 0.011116 0.999874
vt 0.011171 0.953302
vt 0.000069 0.999861
vt 0.000121 0.953289
vt 0.220983 0.953296
vt 0.221043 0.999872
vt 0.209995 0.999886
vt 0.209933 0.953308
vt 0.198948 0.999900
vt 0.198882 0.953324
vt 0.187903 0.999914
vt 0.187831 0.953346
vt 0.154730 0.999931
vt 0.154756 0.953405
vt 0.868155 0.868281
vt 0.887117 0.854505
vt 0.909407 0.847263
vt 0.932844 0.847263
vt 0.955134 0.854505
vt 0.974095 0.868281
vt 0.987871 0.887243
vt 0.995114 0.909533
vt 0.995114 0.932970
vt 0.987871 0.955260
vt 0.974095 0.974221
vt 0.955134 0.987997
vt 0.932844 0.995239
vt 0.909406 0.995239
vt 0.887116 0.987997
vt 0.868155 0.974221
vt 0.854379 0.955260
vt 0.847137 0.932970
vt 0.847137 0.909532
vt 0.854379 0.887242
vt 0.512048 0.209309
vt 0.515529 0.160808
vt 0.966276 0.160171
vt 0.969871 0.208885
vt 0.503124 0.257812
vt 0.982166 0.257594
vt 0.198849 0.930617
vt 0.187778 0.930620
vt 0.209909 0.930611
vt 0.220963 0.930605
vt 0.011197 0.930606
vt 0.000146 0.930598
vt 0.022254 0.930612
vt 0.033322 0.930619
vt 0.088437 0.930634
vt 0.077366 0.930630
vt 0.099500 0.930635
vt 0.110558 0.930635
vt 0.121618 0.930635
vt 0.132681 0.930634
vt 0.143754 0.930635
vt 0.493508 0.306310
vt 0.988499 0.306310
vt 0.503124 0.354809
vt 0.982166 0.355026
vt 0.165766 0.000069
vt 0.165761 0.907864
vt 0.154741 0.907862
vt 0.154715 0.000069
vt 0.143706 0.907906
vt 0.143653 0.000069
vt 0.132658 0.907922
vt 0.132615 0.000070
vt 0.121609 0.907930
vt 0.121575 0.000070
vt 0.110559 0.907933
vt 0.110534 0.000070
vt 0.099510 0.907931
vt 0.099494 0.000070
vt 0.088461 0.907925
vt 0.088453 0.000071
vt 0.077414 0.907913
vt 0.077413 0.000071
vt 0.066383 0.907875
vt 0.066374 0.000071
vt 0.055350 0.907888
vt 0.055312 0.000072
vt 0.044318 0.907871
vt 0.044275 0.000072
vt 0.033288 0.907903
vt 0.033213 0.000073
vt 0.022243 0.907913
vt 0.022174 0.000073
vt 0.011198 0.907917
vt 0.011134 0.000074
vt 0.000154 0.907916
vt 0.000093 0.000075
vt 0.220987 0.000071
vt 0.220959 0.907911
vt 0.209912 0.907911
vt 0.209947 0.000070
vt 0.198864 0.907907
vt 0.198906 0.000070
vt 0.187816 0.907896
vt 0.187866 0.000070
vt 0.176781 0.907857
vt 0.176828 0.000069
vt 0.512048 0.403311
vt 0.969871 0.403736
vt 0.515529 0.451812
vt 0.966276 0.452449
vt 0.493097 0.597250
vt 0.502850 0.548779
vt 0.981890 0.549917
vt 0.988085 0.598649
vt 0.502850 0.063841
vt 0.493097 0.015370
vt 0.988086 0.013971
vt 0.981890 0.062704
vt 0.511911 0.112318
vt 0.969733 0.111448
vt 0.511911 0.500302
vt 0.969733 0.501172
vt 0.165774 0.944100
vt 0.172564 0.942288
vt 0.177791 0.937355
vt 0.153750 0.937362
vt 0.158982 0.942292
vt 0.153747 0.923904
vt 0.151880 0.930633
vt 0.179651 0.930623
vt 0.177789 0.923899
vt 0.165763 0.917160
vt 0.158974 0.918970
vt 0.172555 0.918967
vt 0.043441 0.937321
vt 0.048511 0.942221
vt 0.055339 0.944010
vt 0.062170 0.942226
vt 0.067243 0.937329
vt 0.069099 0.930629
vt 0.067244 0.923938
vt 0.043450 0.923926
vt 0.041587 0.930623
vt 0.062175 0.919031
vt 0.055348 0.917243
vt 0.048518 0.919029
vt 0.739260 0.982792
vt 0.680523 0.992096
vt 0.680523 0.945725
vt 0.724931 0.938692
vt 0.792248 0.955794
vt 0.764992 0.918280
vt 0.834299 0.913743
vt 0.796784 0.886487
vt 0.861297 0.860755
vt 0.817196 0.846426
vt 0.870600 0.802018
vt 0.824230 0.802018
vt 0.861297 0.743281
vt 0.817196 0.757610
vt 0.834299 0.690293
vt 0.796784 0.717549
vt 0.792248 0.648242
vt 0.764992 0.685757
vt 0.739260 0.621244
vt 0.724931 0.665345
vt 0.680523 0.611941
vt 0.680523 0.658311
vt 0.621786 0.621244
vt 0.636115 0.665345
vt 0.568798 0.648242
vt 0.596054 0.685757
vt 0.526747 0.690293
vt 0.564261 0.717549
vt 0.499749 0.743281
vt 0.543849 0.757610
vt 0.490446 0.802018
vt 0.536816 0.802018
vt 0.499749 0.860755
vt 0.543849 0.846426
vt 0.526747 0.913743
vt 0.564261 0.886487
vt 0.568798 0.955794
vt 0.596054 0.918280
vt 0.621786 0.982792
vt 0.636115 0.938692
vt 0.386882 0.501331
vt 0.386882 0.445001
vt 0.416824 0.445001
vt 0.416824 0.501331
vt 0.356940 0.501331
vt 0.356940 0.445001
vt 0.326998 0.501331
vt 0.326998 0.445001
vt 0.297057 0.501331
vt 0.297057 0.445001
vt 0.267115 0.501331
vt 0.267115 0.445001
vt 0.237173 0.501331
vt 0.237173 0.445001
vt 0.446766 0.501331
vt 0.446766 0.445001
vt 0.476707 0.445001
vt 0.476707 0.501331
vt 0.386882 0.389402
vt 0.416824 0.389402
vt 0.356940 0.389402
vt 0.326998 0.389402
vt 0.297057 0.389402
vt 0.267115 0.389402
vt 0.237173 0.389402
vt 0.446766 0.389402
vt 0.476707 0.389402
vt 0.386882 0.335198
vt 0.416824 0.335198
vt 0.356940 0.335198
vt 0.326998 0.335198
vt 0.297057 0.335198
vt 0.267115 0.335198
vt 0.237173 0.335198
vt 0.446766 0.335198
vt 0.476707 0.335198
vt 0.386882 0.283179
vt 0.416824 0.283179
vt 0.356940 0.283179
vt 0.326998 0.283179
vt 0.297057 0.283179
vt 0.267115 0.283179
vt 0.237173 0.283179
vt 0.446766 0.283179
vt 0.476707 0.283179
vt 0.386882 0.234235
vt 0.416824 0.234235
vt 0.356940 0.234235
vt 0.326998 0.234235
vt 0.297057 0.234235
vt 0.267115 0.234235
vt 0.237173 0.234235
vt 0.446766 0.234235
vt 0.476707 0.234235
vt 0.386882 0.189323
vt 0.416824 0.189323
vt 0.356940 0.189323
vt 0.326998 0.189323
vt 0.297057 0.189323
vt 0.267115 0.189323
vt 0.237173 0.189323
vt 0.446766 0.189323
vt 0.476707 0.189323
vt 0.386882 0.149454
vt 0.416824 0.149454
vt 0.356940 0.149454
vt 0.326998 0.149454
vt 0.297057 0.149454
vt 0.267115 0.149454
vt 0.237173 0.149454
vt 0.446766 0.149454
vt 0.476707 0.149454
vt 0.386882 0.115673
vt 0.416824 0.115673
vt 0.356940 0.115673
vt 0.326998 0.115673
vt 0.297057 0.115673
vt 0.267115 0.115673
vt 0.237173 0.115673
vt 0.446766 0.115673
vt 0.476707 0.115673
vt 0.386882 0.088726
vt 0.416824 0.088726
vt 0.356940 0.088726
vt 0.326998 0.088726
vt 0.297057 0.088726
vt 0.267115 0.088726
vt 0.237173 0.088726
vt 0.446766 0.088726
vt 0.476707 0.088726
vt 0.386882 0.068066
vt 0.416824 0.068066
vt 0.356940 0.068066
vt 0.326998 0.068066
vt 0.297057 0.068066
vt 0.267115 0.068066
vt 0.237173 0.068066
vt 0.446766 0.068066
vt 0.476707 0.068066
vt 0.386882 0.052823
vt 0.416824 0.052823
vt 0.356940 0.052823
vt 0.326998 0.052823
vt 0.297057 0.052823
vt 0.267115 0.052823
vt 0.237173 0.052823
vt 0.446766 0.052823
vt 0.476707 0.052823
vt 0.386882 0.042127
vt 0.416824 0.042127
vt 0.356940 0.042127
vt 0.326998 0.042127
vt 0.297057 0.042127
vt 0.267115 0.042127
vt 0.237173 0.042127
vt 0.446766 0.042127
vt 0.476707 0.042127
vt 0.386882 0.035107
vt 0.416824 0.035107
vt 0.356940 0.035107
vt 0.326998 0.035107
vt 0.297057 0.035107
vt 0.267115 0.035107
vt 0.237173 0.035107
vt 0.446766 0.035107
vt 0.476707 0.035107
vt 0.386882 0.030894
vt 0.416824 0.030894
vt 0.356940 0.030894
vt 0.326998 0.030894
vt 0.297057 0.030894
vt 0.267115 0.030894
vt 0.237173 0.030894
vt 0.446766 0.030894
vt 0.476707 0.030894
vt 0.386882 0.028618
vt 0.416824 0.028618
vt 0.356940 0.028618
vt 0.326998 0.028618
vt 0.297057 0.028618
vt 0.267115 0.028618
vt 0.237173 0.028618
vt 0.446766 0.028618
vt 0.476707 0.028618
vt 0.386882 0.026531
vt 0.416824 0.026531
vt 0.356940 0.026531
vt 0.326998 0.026531
vt 0.297057 0.026531
vt 0.267115 0.026531
vt 0.237173 0.026531
vt 0.446766 0.026531
vt 0.476707 0.026531
vt 0.386882 0.025164
vt 0.416824 0.025164
vt 0.356940 0.025164
vt 0.326998 0.025164
vt 0.297057 0.025164
vt 0.267115 0.025164
vt 0.237173 0.025164
vt 0.446766 0.025164
vt 0.476707 0.025164
vt 0.386882 0.023967
vt 0.416824 0.023967
vt 0.356940 0.023967
vt 0.326998 0.023967
vt 0.297057 0.023967
vt 0.267115 0.023967
vt 0.237173 0.023967
vt 0.446766 0.023967
vt 0.476707 0.023967
vt 0.386882 0.022524
vt 0.416824 0.022524
vt 0.356940 0.022524
vt 0.326998 0.022524
vt 0.297057 0.022524
vt 0.267115 0.022524
vt 0.237173 0.022524
vt 0.446766 0.022524
vt 0.476707 0.022524
vt 0.386882 0.008764
vt 0.416824 0.008764
vt 0.356940 0.008764
vt 0.326998 0.008764
vt 0.297057 0.008764
vt 0.267115 0.008764
vt 0.237173 0.008764
vt 0.446766 0.008764
vt 0.476707 0.008764
vt 0.386882 0.993899
vt 0.386882 0.980139
vt 0.416824 0.980139
vt 0.416824 0.993899
vt 0.356940 0.993899
vt 0.356940 0.980139
vt 0.326998 0.993899
vt 0.326998 0.980139
vt 0.297057 0.993899
vt 0.297057 0.980139
vt 0.267115 0.993899
vt 0.267115 0.980139
vt 0.237173 0.993899
vt 0.237173 0.980139
vt 0.446766 0.993899
vt 0.446766 0.980139
vt 0.476707 0.980139
vt 0.476707 0.993899
vt 0.386882 0.978696
vt 0.416824 0.978696
vt 0.356940 0.978696
vt 0.326998 0.978696
vt 0.297057 0.978696
vt 0.267115 0.978696
vt 0.237173 0.978696
vt 0.446766 0.978696
vt 0.476707 0.978696
vt 0.386882 0.977499
vt 0.416824 0.977499
vt 0.356940 0.977499
vt 0.326998 0.977499
vt 0.297057 0.977499
vt 0.267115 0.977499
vt 0.237173 0.977499
vt 0.446766 0.977499
vt 0.476707 0.977499
vt 0.386882 0.976131
vt 0.416824 0.976131
vt 0.356940 0.976131
vt 0.326998 0.976131
vt 0.297057 0.976131
vt 0.267115 0.976131
vt 0.237173 0.976131
vt 0.446766 0.976131
vt 0.476707 0.976131
vt 0.386882 0.974044
vt 0.416824 0.974044
vt 0.356940 0.974044
vt 0.326998 0.974044
vt 0.297057 0.974044
vt 0.267115 0.974044
vt 0.237173 0.974044
vt 0.446766 0.974044
vt 0.476707 0.974044
vt 0.386882 0.971768
vt 0.416824 0.971768
vt 0.356940 0.971768
vt 0.326998 0.971768
vt 0.297057 0.971768
vt 0.267115 0.971768
vt 0.237173 0.971768
vt 0.446766 0.971768
vt 0.476707 0.971768
vt 0.386882 0.967555
vt 0.416824 0.967555
vt 0.356940 0.967555
vt 0.326998 0.967555
vt 0.297057 0.967555
vt 0.267115 0.967555
vt 0.237173 0.967555
vt 0.446766 0.967555
vt 0.476707 0.967555
vt 0.386882 0.960536
vt 0.416824 0.960536
vt 0.356940 0.960536
vt 0.326998 0.960536
vt 0.297057 0.960536
vt 0.267115 0.960536
vt 0.237173 0.960536
vt 0.446766 0.960536
vt 0.476707 0.960536
vt 0.386882 0.949839
vt 0.416824 0.949839
vt 0.356940 0.949839
vt 0.326998 0.949839
vt 0.297057 0.949839
vt 0.267115 0.949839
vt 0.237173 0.949839
vt 0.446766 0.949839
vt 0.476707 0.949839
vt 0.386882 0.934596
vt 0.416824 0.934596
vt 0.356940 0.934596
vt 0.326998 0.934596
vt 0.297057 0.934596
vt 0.267115 0.934596
vt 0.237173 0.934596
vt 0.446766 0.934596
vt 0.476707 0.934596
vt 0.386882 0.913936
vt 0.416824 0.913936
vt 0.356940 0.913936
vt 0.326998 0.913936
vt 0.297057 0.913936
vt 0.267115 0.913936
vt 0.237173 0.913936
vt 0.446766 0.913936
vt 0.476707 0.913936
vt 0.386882 0.886989
vt 0.416824 0.886989
vt 0.356940 0.886989
vt 0.326998 0.886989
vt 0.297057 0.886989
vt 0.267115 0.886989
vt 0.237173 0.886989
vt 0.446766 0.886989
vt 0.476707 0.886989
vt 0.386882 0.853208
vt 0.416824 0.853208
vt 0.356940 0.853208
vt 0.326998 0.853208
vt 0.297057 0.853208
vt 0.267115 0.853208
vt 0.237173 0.853208
vt 0.446766 0.853208
vt 0.476707 0.853208
vt 0.386882 0.813339
vt 0.416824 0.813339
vt 0.356940 0.813339
vt 0.326998 0.813339
vt 0.297057 0.813339
vt 0.267115 0.813339
vt 0.237173 0.813339
vt 0.446766 0.813339
vt 0.476707 0.813339
vt 0.386882 0.768427
vt 0.416824 0.768427
vt 0.356940 0.768427
vt 0.326998 0.768427
vt 0.297057 0.768427
vt 0.267115 0.768427
vt 0.237173 0.768427
vt 0.446766 0.768427
vt 0.476707 0.768427
vt 0.386882 0.719483
vt 0.416824 0.719483
vt 0.356940 0.719483
vt 0.326998 0.719483
vt 0.297057 0.719483
vt 0.267115 0.719483
vt 0.237173 0.719483
vt 0.446766 0.719483
vt 0.476707 0.719483
vt 0.386882 0.667464
vt 0.416824 0.667464
vt 0.356940 0.667464
vt 0.326998 0.667464
vt 0.297057 0.667464
vt 0.267115 0.667464
vt 0.237173 0.667464
vt 0.446766 0.667464
vt 0.476707 0.667464
vt 0.386882 0.613260
vt 0.416824 0.613260
vt 0.356940 0.613260
vt 0.326998 0.613260
vt 0.297057 0.613260
vt 0.267115 0.613260
vt 0.237173 0.613260
vt 0.446766 0.613260
vt 0.476707 0.613260
vt 0.386882 0.557661
vt 0.416824 0.557661
vt 0.356940 0.557661
vt 0.326998 0.557661
vt 0.297057 0.557661
vt 0.267115 0.557661
vt 0.237173 0.557661
vt 0.446766 0.557661
vt 0.476707 0.557661
s 1
usemtl Rope_Fence
f 6501/868/6402 6564/869/6403 6526/870/6404 6502/871/6405
f 6505/872/6406 6530/873/6407 6532/874/6408 6450/875/6408
f 6450/875/6408 6532/874/6408 6534/876/6409 6451/877/6409
f 6451/877/6409 6534/876/6409 6536/878/6410 6452/879/6410
f 6452/879/6410 6536/878/6410 6538/880/6411 6453/881/6411
f 6453/881/6411 6538/880/6411 6540/882/6412 6454/883/6412
f 6454/883/6412 6540/882/6412 6542/884/6413 6517/885/6414
f 6517/885/6414 6542/884/6413 6544/886/6415 6516/887/6416
f 6516/887/6416 6544/886/6415 6546/888/6417 6515/889/6418
f 6515/889/6418 6546/888/6417 6548/890/6419 6513/891/6420
f 6513/891/6420 6548/890/6419 6550/892/6421 6514/893/6422
f 6514/893/6422 6550/892/6421 6552/894/6423 6460/895/6423
f 6460/895/6423 6552/894/6423 6554/896/6424 6461/897/6424
f 6461/897/6424 6554/896/6424 6556/898/6425 6462/899/6425
f 6462/900/6425 6556/901/6425 6558/902/6426 6463/903/6426
f 6463/903/6426 6558/902/6426 6560/904/6427 6464/905/6427
f 6464/905/6427 6560/904/6427 6562/906/6428 6503/907/6429
f 6503/907/6429 6562/906/6428 6564/869/6403 6501/868/6402
f 6502/871/6405 6526/870/6404 6528/908/6430 6504/909/6431
f 6504/909/6431 6528/908/6430 6530/873/6407 6505/872/6406
f 6427/910/6432 6428/911/6432 6429/912/6432 6430/913/6432 6431/914/6432 6432/915/6432 6433/916/6432 6434/917/6432 6435/918/6432 6436/919/6432 6437/920/6432 6438/921/6432 6439/922/6432 6440/923/6432 6441/924/6432 6442/925/6432 6443/926/6432 6444/927/6432 6445/928/6432 6446/929/6432
f 6474/930/6433 6493/931/6434 6487/932/6434 6468/933/6435
f 6475/934/6436 6474/930/6433 6468/933/6435 6467/935/6437
f 6499/936/6427 6464/905/6427 6503/907/6429 6508/937/6438
f 6498/938/6426 6463/903/6426 6464/905/6427 6499/936/6427
f 6497/939/6425 6462/900/6425 6463/903/6426 6498/938/6426
f 6496/940/6424 6461/897/6424 6462/899/6425 6497/941/6425
f 6495/942/6423 6460/895/6423 6461/897/6424 6496/940/6424
f 6520/943/6439 6514/893/6422 6460/895/6423 6495/942/6423
f 6492/944/6412 6454/883/6412 6517/885/6414 6518/945/6440
f 6491/946/6411 6453/881/6411 6454/883/6412 6492/944/6412
f 6490/947/6410 6452/879/6410 6453/881/6411 6491/946/6411
f 6489/948/6409 6451/877/6409 6452/879/6410 6490/947/6410
f 6488/949/6408 6450/875/6408 6451/877/6409 6489/948/6409
f 6506/950/6441 6505/872/6406 6450/875/6408 6488/949/6408
f 6476/951/6442 6475/934/6436 6467/935/6437 6486/952/6442
f 6477/953/6443 6476/951/6442 6486/952/6442 6485/954/6444
f 6427/955/6404 6510/956/6445 6511/957/6446 6428/958/6430
f 6428/958/6430 6511/957/6446 6507/959/6447 6429/960/6407
f 6429/960/6407 6507/959/6447 6469/961/6408 6430/962/6408
f 6430/962/6408 6469/961/6408 6470/963/6409 6431/964/6409
f 6431/964/6409 6470/963/6409 6471/965/6410 6432/966/6410
f 6432/966/6410 6471/965/6410 6472/967/6411 6433/968/6411
f 6433/968/6411 6472/967/6411 6473/969/6412 6434/970/6412
f 6434/970/6412 6473/969/6412 6519/971/6448 6435/972/6413
f 6435/972/6413 6519/971/6448 6522/973/6449 6436/974/6415
f 6436/974/6415 6522/973/6449 6523/975/6450 6437/976/6417
f 6437/976/6417 6523/975/6450 6524/977/6451 6438/978/6419
f 6438/978/6419 6524/977/6451 6521/979/6452 6439/980/6421
f 6439/980/6421 6521/979/6452 6479/981/6423 6440/982/6423
f 6440/982/6423 6479/981/6423 6480/983/6424 6441/984/6424
f 6441/984/6424 6480/983/6424 6481/985/6425 6442/986/6425
f 6442/987/6425 6481/988/6425 6482/989/6426 6443/990/6426
f 6443/990/6426 6482/989/6426 6483/991/6427 6444/992/6427
f 6444/992/6427 6483/991/6427 6509/993/6453 6445/994/6428
f 6445/994/6428 6509/993/6453 6512/995/6454 6446/996/6403
f 6446/996/6403 6512/995/6454 6510/956/6445 6427/955/6404
f 6478/997/6455 6477/953/6443 6485/954/6444 6484/998/6456
f 6494/999/6457 6478/997/6455 6484/998/6456 6500/1000/6457
f 6507/959/6447 6506/950/6441 6488/949/6408 6469/961/6408
f 6469/961/6408 6488/949/6408 6489/948/6409 6470/963/6409
f 6470/963/6409 6489/948/6409 6490/947/6410 6471/965/6410
f 6471/965/6410 6490/947/6410 6491/946/6411 6472/967/6411
f 6472/967/6411 6491/946/6411 6492/944/6412 6473/969/6412
f 6473/969/6412 6492/944/6412 6518/945/6440 6519/971/6448
f 6457/1001/6458 6458/1002/6459 6466/1003/6460 6447/1004/6458
f 6456/1005/6461 6457/1006/6458 6447/1007/6458 6448/1008/6462
f 6455/1009/6463 6456/1005/6461 6448/1008/6462 6449/1010/6464
f 6493/931/6434 6455/1009/6463 6449/1010/6464 6487/932/6434
f 6521/979/6452 6520/943/6439 6495/942/6423 6479/981/6423
f 6479/981/6423 6495/942/6423 6496/940/6424 6480/983/6424
f 6480/983/6424 6496/940/6424 6497/941/6425 6481/985/6425
f 6481/988/6425 6497/939/6425 6498/938/6426 6482/989/6426
f 6482/989/6426 6498/938/6426 6499/936/6427 6483/991/6427
f 6483/991/6427 6499/936/6427 6508/937/6438 6509/993/6453
f 6459/1011/6465 6494/999/6457 6500/1000/6457 6465/1012/6466
f 6458/1002/6459 6459/1011/6465 6465/1012/6466 6466/1003/6460
f 6447/1013/6467 6466/1014/6468 6501/868/6402 6502/871/6405
f 6466/1014/6468 6465/1015/6469 6503/907/6429 6501/868/6402
f 6449/1016/6470 6448/1017/6471 6504/909/6431 6505/872/6406
f 6448/1017/6471 6447/1013/6467 6502/871/6405 6504/909/6431
f 6468/1018/6472 6487/1019/6473 6506/950/6441 6507/959/6447
f 6500/1020/6474 6484/1021/6475 6509/993/6453 6508/937/6438
f 6486/1022/6476 6467/1023/6477 6511/957/6446 6510/956/6445
f 6467/1023/6477 6468/1018/6472 6507/959/6447 6511/957/6446
f 6484/1021/6475 6485/1024/6478 6512/995/6454 6509/993/6453
f 6485/1024/6478 6486/1022/6476 6510/956/6445 6512/995/6454
f 6487/1019/6473 6449/1016/6470 6505/872/6406 6506/950/6441
f 6465/1015/6469 6500/1020/6474 6508/937/6438 6503/907/6429
f 6459/1025/6479 6458/1026/6480 6513/891/6420 6514/893/6422
f 6458/1026/6480 6457/1027/6481 6515/889/6418 6513/891/6420
f 6457/1027/6481 6456/1028/6482 6516/887/6416 6515/889/6418
f 6456/1028/6482 6455/1029/6483 6517/885/6414 6516/887/6416
f 6493/1030/6484 6474/1031/6485 6519/971/6448 6518/945/6440
f 6478/1032/6486 6494/1033/6487 6520/943/6439 6521/979/6452
f 6474/1031/6485 6475/1034/6488 6522/973/6449 6519/971/6448
f 6475/1034/6488 6476/1035/6489 6523/975/6450 6522/973/6449
f 6476/1035/6489 6477/1036/6490 6524/977/6451 6523/975/6450
f 6477/1036/6490 6478/1032/6486 6521/979/6452 6524/977/6451
f 6455/1029/6483 6493/1030/6484 6518/945/6440 6517/885/6414
f 6494/1033/6487 6459/1025/6479 6514/893/6422 6520/943/6439
f 6528/1037/6491 6526/1038/6492 6525/1039/6492 6527/1040/6491
f 6530/1041/6493 6528/1037/6491 6527/1040/6491 6529/1042/6493
f 6532/1043/6494 6530/1041/6493 6529/1042/6493 6531/1044/6494
f 6534/1045/6495 6532/1043/6494 6531/1044/6494 6533/1046/6495
f 6536/1047/6496 6534/1045/6495 6533/1046/6495 6535/1048/6496
f 6538/1049/6497 6536/1047/6496 6535/1048/6496 6537/1050/6497
f 6540/1051/6498 6538/1049/6497 6537/1050/6497 6539/1052/6498
f 6542/1053/6499 6540/1051/6498 6539/1052/6498 6541/1054/6499
f 6544/1055/6500 6542/1053/6499 6541/1054/6499 6543/1056/6500
f 6546/1057/6501 6544/1055/6500 6543/1056/6500 6545/1058/6501
f 6548/1059/6502 6546/1057/6501 6545/1058/6501 6547/1060/6502
f 6550/1061/6503 6548/1059/6502 6547/1060/6502 6549/1062/6503
f 6552/1063/6504 6550/1061/6503 6549/1062/6503 6551/1064/6504
f 6554/1065/6505 6552/1063/6504 6551/1064/6504 6553/1066/6505
f 6556/1067/6506 6554/1065/6505 6553/1066/6505 6555/1068/6506
f 6558/1069/6507 6556/1067/6506 6555/1068/6506 6557/1070/6507
f 6560/1071/6508 6558/1069/6507 6557/1070/6507 6559/1072/6508
f 6562/1073/6509 6560/1071/6508 6559/1072/6508 6561/1074/6509
f 6564/1075/6510 6562/1073/6509 6561/1074/6509 6563/1076/6510
f 6526/1038/6492 6564/1075/6510 6563/1076/6510 6525/1039/6492
f 6527/1040/6511 6525/1039/6511 6563/1076/6511 6561/1074/6511 6559/1072/6511 6557/1070/6511 6555/1068/6511 6553/1066/6511 6551/1064/6511 6549/1062/6511 6547/1060/6511 6545/1058/6511 6543/1056/6511 6541/1054/6511 6539/1052/6511 6537/1050/6511 6535/1048/6511 6533/1046/6511 6531/1044/6511 6529/1042/6511
f 6565/1077/6512 6573/1078/6513 6580/1079/6514 6572/1080/6515
f 6566/1081/6516 6574/1082/6517 6573/1078/6513 6565/1077/6512
f 6567/1083/6518 6575/1084/6519 6574/1082/6517 6566/1081/6516
f 6568/1085/6520 6576/1086/6521 6575/1084/6519 6567/1083/6518
f 6569/1087/6522 6577/1088/6523 6576/1086/6521 6568/1085/6520
f 6570/1089/6524 6578/1090/6525 6577/1088/6523 6569/1087/6522
f 6571/1091/6526 6579/1092/6527 6578/1093/6525 6570/1094/6524
f 6572/1080/6515 6580/1079/6514 6579/1092/6527 6571/1091/6526
f 6573/1078/6513 6581/1095/6528 6588/1096/6529 6580/1079/6514
f 6574/1082/6517 6582/1097/6530 6581/1095/6528 6573/1078/6513
f 6575/1084/6519 6583/1098/6531 6582/1097/6530 6574/1082/6517
f 6576/1086/6521 6584/1099/6532 6583/1098/6531 6575/1084/6519
f 6577/1088/6523 6585/1100/6533 6584/1099/6532 6576/1086/6521
f 6578/1090/6525 6586/1101/6534 6585/1100/6533 6577/1088/6523
f 6579/1092/6527 6587/1102/6535 6586/1103/6534 6578/1093/6525
f 6580/1079/6514 6588/1096/6529 6587/1102/6535 6579/1092/6527
f 6581/1095/6528 6589/1104/6536 6596/1105/6537 6588/1096/6529
f 6582/1097/6530 6590/1106/6538 6589/1104/6536 6581/1095/6528
f 6583/1098/6531 6591/1107/6539 6590/1106/6538 6582/1097/6530
f 6584/1099/6532 6592/1108/6540 6591/1107/6539 6583/1098/6531
f 6585/1100/6533 6593/1109/6541 6592/1108/6540 6584/1099/6532
f 6586/1101/6534 6594/1110/6542 6593/1109/6541 6585/1100/6533
f 6587/1102/6535 6595/1111/6543 6594/1112/6542 6586/1103/6534
f 6588/1096/6529 6596/1105/6537 6595/1111/6543 6587/1102/6535
f 6589/1104/6536 6597/1113/6544 6604/1114/6545 6596/1105/6537
f 6590/1106/6538 6598/1115/6546 6597/1113/6544 6589/1104/6536
f 6591/1107/6539 6599/1116/6547 6598/1115/6546 6590/1106/6538
f 6592/1108/6540 6600/1117/6548 6599/1116/6547 6591/1107/6539
f 6593/1109/6541 6601/1118/6549 6600/1117/6548 6592/1108/6540
f 6594/1110/6542 6602/1119/6550 6601/1118/6549 6593/1109/6541
f 6595/1111/6543 6603/1120/6551 6602/1121/6550 6594/1112/6542
f 6596/1105/6537 6604/1114/6545 6603/1120/6551 6595/1111/6543
f 6597/1113/6544 6605/1122/6552 6612/1123/6553 6604/1114/6545
f 6598/1115/6546 6606/1124/6554 6605/1122/6552 6597/1113/6544
f 6599/1116/6547 6607/1125/6555 6606/1124/6554 6598/1115/6546
f 6600/1117/6548 6608/1126/6556 6607/1125/6555 6599/1116/6547
f 6601/1118/6549 6609/1127/6557 6608/1126/6556 6600/1117/6548
f 6602/1119/6550 6610/1128/6558 6609/1127/6557 6601/1118/6549
f 6603/1120/6551 6611/1129/6559 6610/1130/6558 6602/1121/6550
f 6604/1114/6545 6612/1123/6553 6611/1129/6559 6603/1120/6551
f 6605/1122/6552 6613/1131/6560 6620/1132/6561 6612/1123/6553
f 6606/1124/6554 6614/1133/6562 6613/1131/6560 6605/1122/6552
f 6607/1125/6555 6615/1134/6563 6614/1133/6562 6606/1124/6554
f 6608/1126/6556 6616/1135/6564 6615/1134/6563 6607/1125/6555
f 6609/1127/6557 6617/1136/6565 6616/1135/6564 6608/1126/6556
f 6610/1128/6558 6618/1137/6566 6617/1136/6565 6609/1127/6557
f 6611/1129/6559 6619/1138/6567 6618/1139/6566 6610/1130/6558
f 6612/1123/6553 6620/1132/6561 6619/1138/6567 6611/1129/6559
f 6613/1131/6560 6621/1140/6568 6628/1141/6569 6620/1132/6561
f 6614/1133/6562 6622/1142/6570 6621/1140/6568 6613/1131/6560
f 6615/1134/6563 6623/1143/6571 6622/1142/6570 6614/1133/6562
f 6616/1135/6564 6624/1144/6572 6623/1143/6571 6615/1134/6563
f 6617/1136/6565 6625/1145/6573 6624/1144/6572 6616/1135/6564
f 6618/1137/6566 6626/1146/6574 6625/1145/6573 6617/1136/6565
f 6619/1138/6567 6627/1147/6575 6626/1148/6574 6618/1139/6566
f 6620/1132/6561 6628/1141/6569 6627/1147/6575 6619/1138/6567
f 6621/1140/6568 6629/1149/6576 6636/1150/6577 6628/1141/6569
f 6622/1142/6570 6630/1151/6578 6629/1149/6576 6621/1140/6568
f 6623/1143/6571 6631/1152/6579 6630/1151/6578 6622/1142/6570
f 6624/1144/6572 6632/1153/6580 6631/1152/6579 6623/1143/6571
f 6625/1145/6573 6633/1154/6581 6632/1153/6580 6624/1144/6572
f 6626/1146/6574 6634/1155/6582 6633/1154/6581 6625/1145/6573
f 6627/1147/6575 6635/1156/6583 6634/1157/6582 6626/1148/6574
f 6628/1141/6569 6636/1150/6577 6635/1156/6583 6627/1147/6575
f 6629/1149/6576 6637/1158/6584 6644/1159/6410 6636/1150/6577
f 6630/1151/6578 6638/1160/6585 6637/1158/6584 6629/1149/6576
f 6631/1152/6579 6639/1161/6586 6638/1160/6585 6630/1151/6578
f 6632/1153/6580 6640/1162/6425 6639/1161/6586 6631/1152/6579
f 6633/1154/6581 6641/1163/6587 6640/1162/6425 6632/1153/6580
f 6634/1155/6582 6642/1164/6588 6641/1163/6587 6633/1154/6581
f 6635/1156/6583 6643/1165/6589 6642/1166/6588 6634/1157/6582
f 6636/1150/6577 6644/1159/6410 6643/1165/6589 6635/1156/6583
f 6637/1158/6584 6645/1167/6590 6652/1168/6410 6644/1159/6410
f 6638/1160/6585 6646/1169/6591 6645/1167/6590 6637/1158/6584
f 6639/1161/6586 6647/1170/6592 6646/1169/6591 6638/1160/6585
f 6640/1162/6425 6648/1171/6425 6647/1170/6592 6639/1161/6586
f 6641/1163/6587 6649/1172/6593 6648/1171/6425 6640/1162/6425
f 6642/1164/6588 6650/1173/6594 6649/1172/6593 6641/1163/6587
f 6643/1165/6589 6651/1174/6595 6650/1175/6594 6642/1166/6588
f 6644/1159/6410 6652/1168/6410 6651/1174/6595 6643/1165/6589
f 6645/1167/6590 6653/1176/6596 6660/1177/6410 6652/1168/6410
f 6646/1169/6591 6654/1178/6597 6653/1176/6596 6645/1167/6590
f 6647/1170/6592 6655/1179/6598 6654/1178/6597 6646/1169/6591
f 6648/1171/6425 6656/1180/6425 6655/1179/6598 6647/1170/6592
f 6649/1172/6593 6657/1181/6599 6656/1180/6425 6648/1171/6425
f 6650/1173/6594 6658/1182/6600 6657/1181/6599 6649/1172/6593
f 6651/1174/6595 6659/1183/6601 6658/1184/6600 6650/1175/6594
f 6652/1168/6410 6660/1177/6410 6659/1183/6601 6651/1174/6595
f 6653/1176/6596 6661/1185/6602 6668/1186/6603 6660/1177/6410
f 6654/1178/6597 6662/1187/6604 6661/1185/6602 6653/1176/6596
f 6655/1179/6598 6663/1188/6605 6662/1187/6604 6654/1178/6597
f 6656/1180/6425 6664/1189/6606 6663/1188/6605 6655/1179/6598
f 6657/1181/6599 6665/1190/6607 6664/1189/6606 6656/1180/6425
f 6658/1182/6600 6666/1191/6608 6665/1190/6607 6657/1181/6599
f 6659/1183/6601 6667/1192/6609 6666/1193/6608 6658/1184/6600
f 6660/1177/6410 6668/1186/6603 6667/1192/6609 6659/1183/6601
f 6661/1185/6602 6669/1194/6610 6676/1195/6611 6668/1186/6603
f 6662/1187/6604 6670/1196/6612 6669/1194/6610 6661/1185/6602
f 6663/1188/6605 6671/1197/6613 6670/1196/6612 6662/1187/6604
f 6664/1189/6606 6672/1198/6614 6671/1197/6613 6663/1188/6605
f 6665/1190/6607 6673/1199/6615 6672/1198/6614 6664/1189/6606
f 6666/1191/6608 6674/1200/6616 6673/1199/6615 6665/1190/6607
f 6667/1192/6609 6675/1201/6617 6674/1202/6616 6666/1193/6608
f 6668/1186/6603 6676/1195/6611 6675/1201/6617 6667/1192/6609
f 6669/1194/6610 6677/1203/6618 6684/1204/6619 6676/1195/6611
f 6670/1196/6612 6678/1205/6620 6677/1203/6618 6669/1194/6610
f 6671/1197/6613 6679/1206/6621 6678/1205/6620 6670/1196/6612
f 6672/1198/6614 6680/1207/6622 6679/1206/6621 6671/1197/6613
f 6673/1199/6615 6681/1208/6623 6680/1207/6622 6672/1198/6614
f 6674/1200/6616 6682/1209/6624 6681/1208/6623 6673/1199/6615
f 6675/1201/6617 6683/1210/6625 6682/1211/6624 6674/1202/6616
f 6676/1195/6611 6684/1204/6619 6683/1210/6625 6675/1201/6617
f 6677/1203/6618 6685/1212/6626 6692/1213/6627 6684/1204/6619
f 6678/1205/6620 6686/1214/6628 6685/1212/6626 6677/1203/6618
f 6679/1206/6621 6687/1215/6629 6686/1214/6628 6678/1205/6620
f 6680/1207/6622 6688/1216/6630 6687/1215/6629 6679/1206/6621
f 6681/1208/6623 6689/1217/6631 6688/1216/6630 6680/1207/6622
f 6682/1209/6624 6690/1218/6632 6689/1217/6631 6681/1208/6623
f 6683/1210/6625 6691/1219/6633 6690/1220/6632 6682/1211/6624
f 6684/1204/6619 6692/1213/6627 6691/1219/6633 6683/1210/6625
f 6685/1212/6626 6693/1221/6634 6700/1222/6635 6692/1213/6627
f 6686/1214/6628 6694/1223/6636 6693/1221/6634 6685/1212/6626
f 6687/1215/6629 6695/1224/6637 6694/1223/6636 6686/1214/6628
f 6688/1216/6630 6696/1225/6638 6695/1224/6637 6687/1215/6629
f 6689/1217/6631 6697/1226/6639 6696/1225/6638 6688/1216/6630
f 6690/1218/6632 6698/1227/6640 6697/1226/6639 6689/1217/6631
f 6691/1219/6633 6699/1228/6641 6698/1229/6640 6690/1220/6632
f 6692/1213/6627 6700/1222/6635 6699/1228/6641 6691/1219/6633
f 6693/1221/6634 6701/1230/6642 6708/1231/6643 6700/1222/6635
f 6694/1223/6636 6702/1232/6644 6701/1230/6642 6693/1221/6634
f 6695/1224/6637 6703/1233/6645 6702/1232/6644 6694/1223/6636
f 6696/1225/6638 6704/1234/6646 6703/1233/6645 6695/1224/6637
f 6697/1226/6639 6705/1235/6647 6704/1234/6646 6696/1225/6638
f 6698/1227/6640 6706/1236/6648 6705/1235/6647 6697/1226/6639
f 6699/1228/6641 6707/1237/6649 6706/1238/6648 6698/1229/6640
f 6700/1222/6635 6708/1231/6643 6707/1237/6649 6699/1228/6641
f 6701/1230/6642 6709/1239/6650 6716/1240/6651 6708/1231/6643
f 6702/1232/6644 6710/1241/6652 6709/1239/6650 6701/1230/6642
f 6703/1233/6645 6711/1242/6653 6710/1241/6652 6702/1232/6644
f 6704/1234/6646 6712/1243/6654 6711/1242/6653 6703/1233/6645
f 6705/1235/6647 6713/1244/6655 6712/1243/6654 6704/1234/6646
f 6706/1236/6648 6714/1245/6656 6713/1244/6655 6705/1235/6647
f 6707/1237/6649 6715/1246/6657 6714/1247/6656 6706/1238/6648
f 6708/1231/6643 6716/1240/6651 6715/1246/6657 6707/1237/6649
f 6709/1239/6650 6717/1248/6658 6724/1249/6659 6716/1240/6651
f 6710/1241/6652 6718/1250/6660 6717/1248/6658 6709/1239/6650
f 6711/1242/6653 6719/1251/6661 6718/1250/6660 6710/1241/6652
f 6712/1243/6654 6720/1252/6662 6719/1251/6661 6711/1242/6653
f 6713/1244/6655 6721/1253/6663 6720/1252/6662 6712/1243/6654
f 6714/1245/6656 6722/1254/6664 6721/1253/6663 6713/1244/6655
f 6715/1246/6657 6723/1255/6665 6722/1256/6664 6714/1247/6656
f 6716/1240/6651 6724/1249/6659 6723/1255/6665 6715/1246/6657
f 6717/1248/6658 6725/1257/6666 6732/1258/6410 6724/1249/6659
f 6718/1250/6660 6726/1259/6667 6725/1257/6666 6717/1248/6658
f 6719/1251/6661 6727/1260/6668 6726/1259/6667 6718/1250/6660
f 6720/1252/6662 6728/1261/6425 6727/1260/6668 6719/1251/6661
f 6721/1253/6663 6729/1262/6669 6728/1261/6425 6720/1252/6662
f 6722/1254/6664 6730/1263/6670 6729/1262/6669 6721/1253/6663
f 6723/1255/6665 6731/1264/6671 6730/1265/6670 6722/1256/6664
f 6724/1249/6659 6732/1258/6410 6731/1264/6671 6723/1255/6665
f 6733/1266/6672 6741/1267/6673 6748/1268/6674 6740/1269/6410
f 6734/1270/6675 6742/1271/6676 6741/1267/6673 6733/1266/6672
f 6735/1272/6677 6743/1273/6678 6742/1271/6676 6734/1270/6675
f 6736/1274/6425 6744/1275/6679 6743/1273/6678 6735/1272/6677
f 6737/1276/6680 6745/1277/6681 6744/1275/6679 6736/1274/6425
f 6738/1278/6682 6746/1279/6683 6745/1277/6681 6737/1276/6680
f 6739/1280/6684 6747/1281/6685 6746/1282/6683 6738/1283/6682
f 6740/1269/6410 6748/1268/6674 6747/1281/6685 6739/1280/6684
f 6741/1267/6673 6749/1284/6686 6756/1285/6687 6748/1268/6674
f 6742/1271/6676 6750/1286/6688 6749/1284/6686 6741/1267/6673
f 6743/1273/6678 6751/1287/6689 6750/1286/6688 6742/1271/6676
f 6744/1275/6679 6752/1288/6690 6751/1287/6689 6743/1273/6678
f 6745/1277/6681 6753/1289/6691 6752/1288/6690 6744/1275/6679
f 6746/1279/6683 6754/1290/6692 6753/1289/6691 6745/1277/6681
f 6747/1281/6685 6755/1291/6693 6754/1292/6692 6746/1282/6683
f 6748/1268/6674 6756/1285/6687 6755/1291/6693 6747/1281/6685
f 6749/1284/6686 6757/1293/6694 6764/1294/6695 6756/1285/6687
f 6750/1286/6688 6758/1295/6696 6757/1293/6694 6749/1284/6686
f 6751/1287/6689 6759/1296/6697 6758/1295/6696 6750/1286/6688
f 6752/1288/6690 6760/1297/6698 6759/1296/6697 6751/1287/6689
f 6753/1289/6691 6761/1298/6699 6760/1297/6698 6752/1288/6690
f 6754/1290/6692 6762/1299/6700 6761/1298/6699 6753/1289/6691
f 6755/1291/6693 6763/1300/6701 6762/1301/6700 6754/1292/6692
f 6756/1285/6687 6764/1294/6695 6763/1300/6701 6755/1291/6693
f 6757/1293/6694 6765/1302/6702 6772/1303/6703 6764/1294/6695
f 6758/1295/6696 6766/1304/6704 6765/1302/6702 6757/1293/6694
f 6759/1296/6697 6767/1305/6705 6766/1304/6704 6758/1295/6696
f 6760/1297/6698 6768/1306/6706 6767/1305/6705 6759/1296/6697
f 6761/1298/6699 6769/1307/6707 6768/1306/6706 6760/1297/6698
f 6762/1299/6700 6770/1308/6708 6769/1307/6707 6761/1298/6699
f 6763/1300/6701 6771/1309/6709 6770/1310/6708 6762/1301/6700
f 6764/1294/6695 6772/1303/6703 6771/1309/6709 6763/1300/6701
f 6765/1302/6702 6773/1311/6710 6780/1312/6711 6772/1303/6703
f 6766/1304/6704 6774/1313/6712 6773/1311/6710 6765/1302/6702
f 6767/1305/6705 6775/1314/6713 6774/1313/6712 6766/1304/6704
f 6768/1306/6706 6776/1315/6714 6775/1314/6713 6767/1305/6705
f 6769/1307/6707 6777/1316/6715 6776/1315/6714 6768/1306/6706
f 6770/1308/6708 6778/1317/6716 6777/1316/6715 6769/1307/6707
f 6771/1309/6709 6779/1318/6717 6778/1319/6716 6770/1310/6708
f 6772/1303/6703 6780/1312/6711 6779/1318/6717 6771/1309/6709
f 6773/1311/6710 6781/1320/6718 6788/1321/6719 6780/1312/6711
f 6774/1313/6712 6782/1322/6720 6781/1320/6718 6773/1311/6710
f 6775/1314/6713 6783/1323/6721 6782/1322/6720 6774/1313/6712
f 6776/1315/6714 6784/1324/6722 6783/1323/6721 6775/1314/6713
f 6777/1316/6715 6785/1325/6723 6784/1324/6722 6776/1315/6714
f 6778/1317/6716 6786/1326/6724 6785/1325/6723 6777/1316/6715
f 6779/1318/6717 6787/1327/6725 6786/1328/6724 6778/1319/6716
f 6780/1312/6711 6788/1321/6719 6787/1327/6725 6779/1318/6717
f 6781/1320/6718 6789/1329/6726 6796/1330/6727 6788/1321/6719
f 6782/1322/6720 6790/1331/6728 6789/1329/6726 6781/1320/6718
f 6783/1323/6721 6791/1332/6729 6790/1331/6728 6782/1322/6720
f 6784/1324/6722 6792/1333/6730 6791/1332/6729 6783/1323/6721
f 6785/1325/6723 6793/1334/6731 6792/1333/6730 6784/1324/6722
f 6786/1326/6724 6794/1335/6732 6793/1334/6731 6785/1325/6723
f 6787/1327/6725 6795/1336/6733 6794/1337/6732 6786/1328/6724
f 6788/1321/6719 6796/1330/6727 6795/1336/6733 6787/1327/6725
f 6789/1329/6726 6797/1338/6734 6804/1339/6603 6796/1330/6727
f 6790/1331/6728 6798/1340/6735 6797/1338/6734 6789/1329/6726
f 6791/1332/6729 6799/1341/6736 6798/1340/6735 6790/1331/6728
f 6792/1333/6730 6800/1342/6606 6799/1341/6736 6791/1332/6729
f 6793/1334/6731 6801/1343/6737 6800/1342/6606 6792/1333/6730
f 6794/1335/6732 6802/1344/6738 6801/1343/6737 6793/1334/6731
f 6795/1336/6733 6803/1345/6739 6802/1346/6738 6794/1337/6732
f 6796/1330/6727 6804/1339/6603 6803/1345/6739 6795/1336/6733
f 6797/1338/6734 6805/1347/6740 6812/1348/6410 6804/1339/6603
f 6798/1340/6735 6806/1349/6741 6805/1347/6740 6797/1338/6734
f 6799/1341/6736 6807/1350/6742 6806/1349/6741 6798/1340/6735
f 6800/1342/6606 6808/1351/6425 6807/1350/6742 6799/1341/6736
f 6801/1343/6737 6809/1352/6743 6808/1351/6425 6800/1342/6606
f 6802/1344/6738 6810/1353/6744 6809/1352/6743 6801/1343/6737
f 6803/1345/6739 6811/1354/6745 6810/1355/6744 6802/1346/6738
f 6804/1339/6603 6812/1348/6410 6811/1354/6745 6803/1345/6739
f 6805/1347/6740 6813/1356/6746 6820/1357/6410 6812/1348/6410
f 6806/1349/6741 6814/1358/6747 6813/1356/6746 6805/1347/6740
f 6807/1350/6742 6815/1359/6748 6814/1358/6747 6806/1349/6741
f 6808/1351/6425 6816/1360/6425 6815/1359/6748 6807/1350/6742
f 6809/1352/6743 6817/1361/6749 6816/1360/6425 6808/1351/6425
f 6810/1353/6744 6818/1362/6750 6817/1361/6749 6809/1352/6743
f 6811/1354/6745 6819/1363/6751 6818/1364/6750 6810/1355/6744
f 6812/1348/6410 6820/1357/6410 6819/1363/6751 6811/1354/6745
f 6813/1356/6746 6821/1365/6752 6828/1366/6410 6820/1357/6410
f 6814/1358/6747 6822/1367/6753 6821/1365/6752 6813/1356/6746
f 6815/1359/6748 6823/1368/6754 6822/1367/6753 6814/1358/6747
f 6816/1360/6425 6824/1369/6425 6823/1368/6754 6815/1359/6748
f 6817/1361/6749 6825/1370/6755 6824/1369/6425 6816/1360/6425
f 6818/1362/6750 6826/1371/6756 6825/1370/6755 6817/1361/6749
f 6819/1363/6751 6827/1372/6757 6826/1373/6756 6818/1364/6750
f 6820/1357/6410 6828/1366/6410 6827/1372/6757 6819/1363/6751
f 6821/1365/6752 6829/1374/6758 6836/1375/6759 6828/1366/6410
f 6822/1367/6753 6830/1376/6760 6829/1374/6758 6821/1365/6752
f 6823/1368/6754 6831/1377/6761 6830/1376/6760 6822/1367/6753
f 6824/1369/6425 6832/1378/6762 6831/1377/6761 6823/1368/6754
f 6825/1370/6755 6833/1379/6763 6832/1378/6762 6824/1369/6425
f 6826/1371/6756 6834/1380/6764 6833/1379/6763 6825/1370/6755
f 6827/1372/6757 6835/1381/6765 6834/1382/6764 6826/1373/6756
f 6828/1366/6410 6836/1375/6759 6835/1381/6765 6827/1372/6757
f 6829/1374/6758 6837/1383/6766 6844/1384/6767 6836/1375/6759
f 6830/1376/6760 6838/1385/6768 6837/1383/6766 6829/1374/6758
f 6831/1377/6761 6839/1386/6769 6838/1385/6768 6830/1376/6760
f 6832/1378/6762 6840/1387/6770 6839/1386/6769 6831/1377/6761
f 6833/1379/6763 6841/1388/6771 6840/1387/6770 6832/1378/6762
f 6834/1380/6764 6842/1389/6772 6841/1388/6771 6833/1379/6763
f 6835/1381/6765 6843/1390/6773 6842/1391/6772 6834/1382/6764
f 6836/1375/6759 6844/1384/6767 6843/1390/6773 6835/1381/6765
f 6837/1383/6766 6845/1392/6774 6852/1393/6775 6844/1384/6767
f 6838/1385/6768 6846/1394/6776 6845/1392/6774 6837/1383/6766
f 6839/1386/6769 6847/1395/6777 6846/1394/6776 6838/1385/6768
f 6840/1387/6770 6848/1396/6778 6847/1395/6777 6839/1386/6769
f 6841/1388/6771 6849/1397/6779 6848/1396/6778 6840/1387/6770
f 6842/1389/6772 6850/1398/6780 6849/1397/6779 6841/1388/6771
f 6843/1390/6773 6851/1399/6781 6850/1400/6780 6842/1391/6772
f 6844/1384/6767 6852/1393/6775 6851/1399/6781 6843/1390/6773
f 6845/1392/6774 6853/1401/6782 6860/1402/6783 6852/1393/6775
f 6846/1394/6776 6854/1403/6784 6853/1401/6782 6845/1392/6774
f 6847/1395/6777 6855/1404/6785 6854/1403/6784 6846/1394/6776
f 6848/1396/6778 6856/1405/6786 6855/1404/6785 6847/1395/6777
f 6849/1397/6779 6857/1406/6787 6856/1405/6786 6848/1396/6778
f 6850/1398/6780 6858/1407/6788 6857/1406/6787 6849/1397/6779
f 6851/1399/6781 6859/1408/6789 6858/1409/6788 6850/1400/6780
f 6852/1393/6775 6860/1402/6783 6859/1408/6789 6851/1399/6781
f 6853/1401/6782 6861/1410/6790 6868/1411/6791 6860/1402/6783
f 6854/1403/6784 6862/1412/6792 6861/1410/6790 6853/1401/6782
f 6855/1404/6785 6863/1413/6793 6862/1412/6792 6854/1403/6784
f 6856/1405/6786 6864/1414/6794 6863/1413/6793 6855/1404/6785
f 6857/1406/6787 6865/1415/6795 6864/1414/6794 6856/1405/6786
f 6858/1407/6788 6866/1416/6796 6865/1415/6795 6857/1406/6787
f 6859/1408/6789 6867/1417/6797 6866/1418/6796 6858/1409/6788
f 6860/1402/6783 6868/1411/6791 6867/1417/6797 6859/1408/6789
f 6861/1410/6790 6869/1419/6798 6876/1420/6799 6868/1411/6791
f 6862/1412/6792 6870/1421/6800 6869/1419/6798 6861/1410/6790
f 6863/1413/6793 6871/1422/6801 6870/1421/6800 6862/1412/6792
f 6864/1414/6794 6872/1423/6802 6871/1422/6801 6863/1413/6793
f 6865/1415/6795 6873/1424/6803 6872/1423/6802 6864/1414/6794
f 6866/1416/6796 6874/1425/6804 6873/1424/6803 6865/1415/6795
f 6867/1417/6797 6875/1426/6805 6874/1427/6804 6866/1418/6796
f 6868/1411/6791 6876/1420/6799 6875/1426/6805 6867/1417/6797
f 6869/1419/6798 6877/1428/6806 6884/1429/6807 6876/1420/6799
f 6870/1421/6800 6878/1430/6808 6877/1428/6806 6869/1419/6798
f 6871/1422/6801 6879/1431/6809 6878/1430/6808 6870/1421/6800
f 6872/1423/6802 6880/1432/6810 6879/1431/6809 6871/1422/6801
f 6873/1424/6803 6881/1433/6811 6880/1432/6810 6872/1423/6802
f 6874/1425/6804 6882/1434/6812 6881/1433/6811 6873/1424/6803
f 6875/1426/6805 6883/1435/6813 6882/1436/6812 6874/1427/6804
f 6876/1420/6799 6884/1429/6807 6883/1435/6813 6875/1426/6805
f 6877/1428/6806 6885/1437/6814 6892/1438/6815 6884/1429/6807
f 6878/1430/6808 6886/1439/6816 6885/1437/6814 6877/1428/6806
f 6879/1431/6809 6887/1440/6817 6886/1439/6816 6878/1430/6808
f 6880/1432/6810 6888/1441/6818 6887/1440/6817 6879/1431/6809
f 6881/1433/6811 6889/1442/6819 6888/1441/6818 6880/1432/6810
f 6882/1434/6812 6890/1443/6820 6889/1442/6819 6881/1433/6811
f 6883/1435/6813 6891/1444/6821 6890/1445/6820 6882/1436/6812
f 6884/1429/6807 6892/1438/6815 6891/1444/6821 6883/1435/6813
f 6885/1437/6814 6893/1077/6822 6900/1080/6823 6892/1438/6815
f 6886/1439/6816 6894/1081/6824 6893/1077/6822 6885/1437/6814
f 6887/1440/6817 6895/1083/6825 6894/1081/6824 6886/1439/6816
f 6888/1441/6818 6896/1085/6826 6895/1083/6825 6887/1440/6817
f 6889/1442/6819 6897/1087/6827 6896/1085/6826 6888/1441/6818
f 6890/1443/6820 6898/1089/6828 6897/1087/6827 6889/1442/6819
f 6891/1444/6821 6899/1091/6829 6898/1094/6828 6890/1445/6820
f 6892/1438/6815 6900/1080/6823 6899/1091/6829 6891/1444/6821
